,A,F,H,Q,L,V,Q,V,I
Y,0.0699295699596405,0.1317097693681717,0.1913488507270813,0.12670846283435822,0.16329573094844818,0.14465972781181335,0.15329726040363312,0.16779647767543793,0.1027611494064331
F,0.2654258608818054,0.3849199414253235,0.9600644707679749,0.23937024176120758,0.32530614733695984,0.14956143498420715,0.19677376747131348,0.16518616676330566,0.09537415951490402
A,0.16213195025920868,0.14832830429077148,0.3660655915737152,0.1310701072216034,0.11254396289587021,0.07073085010051727,0.13294191658496857,0.11139284074306488,0.24433065950870514
M,0.35740843415260315,0.2049563229084015,0.20778030157089233,0.10397613048553467,0.136946439743042,0.041464000940322876,0.07034406065940857,0.10436680167913437,0.053096845746040344
Y,0.15533623099327087,0.11245234310626984,0.10602054744958878,0.10822722315788269,0.10746880620718002,0.09877514094114304,0.13534192740917206,0.11057572811841965,0.1030120700597763
G,0.6016032695770264,0.27004900574684143,0.22930683195590973,0.22500433027744293,0.10787719488143921,0.08152234554290771,0.0837499126791954,0.17132385075092316,0.036384910345077515
E,0.08543339371681213,0.31268829107284546,0.28127095103263855,0.08562725782394409,0.08951036632061005,0.07781068980693817,0.12766997516155243,0.07818034291267395,0.11774212121963501
K,0.45002803206443787,0.3493597209453583,0.2612999379634857,0.30563342571258545,0.2085762917995453,0.12294065207242966,0.07577940821647644,0.25030821561813354,0.09770617634057999
V,0.2090340554714203,0.13837464153766632,0.1497301310300827,0.11626576632261276,0.08329907059669495,0.1343543529510498,0.16623537242412567,0.16530311107635498,0.08462142199277878
A,0.1974344402551651,0.12913906574249268,0.2735327184200287,0.11250641196966171,0.11798566579818726,0.07119159400463104,0.09353678673505783,0.08174026012420654,0.14513739943504333
H,0.11793851852416992,1.3413660526275635,0.6927498579025269,0.16483359038829803,0.2805878520011902,0.18614204227924347,0.16125890612602234,0.5130324959754944,1.102308750152588
I,0.11692456156015396,0.4025496244430542,0.11630497127771378,0.13391363620758057,0.32066234946250916,0.11037707328796387,0.11941070854663849,0.20545947551727295,0.2674221992492676
D,0.10959146916866302,0.17364276945590973,0.2543054223060608,0.15608005225658417,0.18960611522197723,0.09393613785505295,0.18792220950126648,0.15721264481544495,0.25823479890823364
V,0.07660625874996185,0.07958222925662994,0.4649452567100525,0.14910683035850525,0.09514627605676651,0.0759582594037056,0.1948547661304474,0.07065794616937637,0.07161368429660797
D,0.0506250374019146,0.1702655553817749,0.19684743881225586,0.14044427871704102,0.13464094698429108,0.06666845083236694,0.19443553686141968,0.11469283699989319,0.13571378588676453
T,0.09420172870159149,0.2883227467536926,0.07796624302864075,0.12017740309238434,0.12922433018684387,0.06149347126483917,0.1099337637424469,0.07496839761734009,0.05892573297023773
L,0.08707475662231445,0.5036522150039673,0.37886637449264526,0.15271161496639252,0.5355610847473145,0.05494759604334831,0.07566201686859131,0.0825466588139534,0.11983347684144974
Y,0.06762852519750595,0.23950287699699402,0.09965919703245163,0.12409640848636627,0.11295440047979355,0.08723260462284088,0.13829192519187927,0.08091237396001816,0.11943407356739044
V,0.18048256635665894,0.23576077818870544,0.3059963881969452,0.25782620906829834,0.09584406763315201,0.11588035523891449,0.19593116641044617,0.12812405824661255,0.08210542052984238
R,0.18934473395347595,0.24095889925956726,0.09062840789556503,0.35024064779281616,0.1645253449678421,0.1484464704990387,0.3212612271308899,0.17484891414642334,0.13563548028469086
Y,0.09115077555179596,0.10001136362552643,0.09611181169748306,0.09995052963495255,0.06783460080623627,0.10364225506782532,0.13937292993068695,0.1052229106426239,0.15544375777244568
H,0.11018575727939606,1.1102066040039062,0.7506465911865234,0.12598809599876404,0.21215002238750458,0.14692313969135284,0.06876318156719208,0.546161413192749,1.2361687421798706
Y,0.07774611562490463,0.06526266038417816,0.059833817183971405,0.0847686380147934,0.07623933255672455,0.0769147276878357,0.11607793718576431,0.07934673875570297,0.13870510458946228
Y,0.06347755342721939,0.07186924666166306,0.05491023138165474,0.08599314093589783,0.09991972148418427,0.0739656314253807,0.1179363951086998,0.08070006221532822,0.11569929867982864
T,0.21972405910491943,0.34558188915252686,0.041964273899793625,0.1034456342458725,0.10561555624008179,0.07511835545301437,0.08709412813186646,0.08795265108346939,0.16455623507499695
W,0.1583636850118637,0.42556440830230713,0.09585792571306229,0.14048734307289124,0.15135511755943298,0.1140964925289154,0.20611998438835144,0.1363857090473175,0.1956125795841217
A,0.2328910529613495,0.1200268343091011,0.17816558480262756,0.1037137508392334,0.07158104330301285,0.06449930369853973,0.09779595583677292,0.07496156543493271,0.4004261791706085
V,0.21827635169029236,0.12764720618724823,0.10988456010818481,0.10410664230585098,0.072441466152668,0.07347812503576279,0.11640863865613937,0.08109087496995926,0.09494822472333908
L,0.22740647196769714,0.1310615837574005,0.19852888584136963,0.07970386743545532,0.5528339147567749,0.07894494384527206,0.06014261022210121,0.08994615077972412,0.2751682698726654
A,0.26490962505340576,0.08835917711257935,0.11885227262973785,0.07332974672317505,0.09592685848474503,0.09035404771566391,0.08728574216365814,0.0970020592212677,0.29110637307167053
Y,0.08213059604167938,0.07305893301963806,0.042140424251556396,0.05267973244190216,0.09615203738212585,0.09174133092164993,0.08202050626277924,0.0842704176902771,0.11659212410449982
T,0.1180095374584198,0.17122064530849457,0.04497227072715759,0.0889047235250473,0.1174253448843956,0.09474670886993408,0.11220960319042206,0.08280924707651138,0.0925123319029808
W,0.10241160541772842,0.27937787771224976,0.10788044333457947,0.10342895239591599,0.06717665493488312,0.11564196646213531,0.13581176102161407,0.12375711649656296,0.09712135791778564
Y,0.031180500984191895,0.10296810418367386,0.06351229548454285,0.09155622124671936,0.08085482567548752,0.08449220657348633,0.17811177670955658,0.09179110825061798,0.06708569824695587
sum,5.64204740524292,9.06979751586914,7.6679511070251465,4.641876697540283,5.379068851470947,3.2786526679992676,4.539783477783203,4.770028114318848,6.87253999710083
posi,1.0,2.0,3.0,4.0,5.0,6.0,7.0,8.0,9.0
contrib,0.10879015572024793,0.17488415343437527,0.1478537018695249,0.089504829096319,0.10371939403374511,0.06321909560220887,0.08753626405643061,0.09197584920404711,0.1325165569831012
