,F,I,D,T,I,K,S,L,D,Y
Y,0.12846431136131287,0.14065566658973694,0.2824387550354004,0.09593203663825989,0.1257520169019699,0.09541194140911102,0.12338899075984955,0.11864939332008362,0.2543460726737976,0.12859219312667847
Y,0.1758812963962555,0.13828566670417786,0.38141587376594543,0.08616743236780167,0.10379819571971893,0.08737923204898834,0.11763148009777069,0.0970718115568161,0.26802858710289,0.08030658215284348
A,0.12847229838371277,0.08681412041187286,0.4002918303012848,0.1371566355228424,0.0812860056757927,0.19553080201148987,0.38770604133605957,0.11720918864011765,0.5558028221130371,0.14621053636074066
M,0.22075335681438446,0.10588841140270233,1.7070156335830688,0.316511332988739,0.06272834539413452,0.07937752455472946,0.18343272805213928,0.10279357433319092,0.0741017535328865,0.6999840140342712
Y,0.17021110653877258,0.14823883771896362,0.2803221642971039,0.08154108375310898,0.10081624984741211,0.1322445273399353,0.18684497475624084,0.08193725347518921,0.24513603746891022,0.08812873065471649
R,0.19945235550403595,0.29391366243362427,0.22651588916778564,0.2852914035320282,0.10376507043838501,0.16019171476364136,0.25711897015571594,0.2543703019618988,0.2933616638183594,0.24299666285514832
N,0.12470825016498566,0.45015770196914673,0.7233416438102722,0.17509591579437256,0.28607502579689026,0.1587831676006317,0.08377718180418015,0.1551019549369812,0.8520767092704773,1.048328161239624
N,0.12610164284706116,0.39654773473739624,0.8084346652030945,0.13721196353435516,0.3571988642215729,0.12500011920928955,0.0836581140756607,0.14873039722442627,0.84623122215271,1.021093726158142
V,0.196681410074234,0.0626450851559639,0.1237262487411499,0.08275428414344788,0.0574633926153183,0.08779735863208771,0.20842640101909637,0.07831698656082153,0.16858631372451782,0.17641431093215942
A,0.19149401783943176,0.08321941643953323,0.3432520031929016,0.4105171859264374,0.09468740969896317,0.1175900250673294,0.340278297662735,0.09829136729240417,0.5975823402404785,0.26804953813552856
H,0.2530919909477234,0.8309430480003357,1.4214292764663696,0.09421957284212112,0.4469207227230072,0.05537095293402672,0.12283256649971008,0.30108189582824707,0.5176445245742798,2.1567773818969727
T,0.10573375970125198,0.11899663507938385,0.164816215634346,0.09731175005435944,0.20175465941429138,0.08948032557964325,0.13088177144527435,0.12396417558193207,0.149384543299675,0.08052301406860352
D,0.1744111329317093,0.8148735165596008,0.9025982618331909,0.08197984844446182,0.21979519724845886,0.08785717189311981,0.15759673714637756,0.34794700145721436,0.17103275656700134,0.15320497751235962
A,0.06877703964710236,0.09574410319328308,0.3481369614601135,0.4734553396701813,0.0897885337471962,0.10814957320690155,0.2006618082523346,0.07037627696990967,0.5792871713638306,0.24002310633659363
N,0.08257664740085602,0.4680548906326294,0.7977339029312134,0.0576065294444561,0.23881584405899048,0.12817412614822388,0.061016857624053955,0.15729734301567078,0.813751757144928,0.6808453798294067
T,0.5815154314041138,0.08012384921312332,0.1413276493549347,0.03043062426149845,0.20644724369049072,0.08990834653377533,0.06023646891117096,0.09633822739124298,0.14893388748168945,0.05830477923154831
L,0.45523810386657715,0.06830673664808273,0.4190262258052826,0.06601235270500183,0.10786280781030655,0.2388506680727005,0.11635564267635345,0.23228482902050018,0.30054113268852234,0.4511059820652008
Y,0.20119917392730713,0.15944664180278778,0.13590483367443085,0.1311562955379486,0.1501699686050415,0.13093692064285278,0.13868074119091034,0.13625642657279968,0.13374845683574677,0.10452769696712494
I,0.1570499688386917,0.1106787621974945,0.21661494672298431,0.20631074905395508,0.18674597144126892,0.16299813985824585,0.09204113483428955,0.2189742773771286,0.31187042593955994,1.0078797340393066
R,0.17061547935009003,0.3485681712627411,0.21878206729888916,0.21013590693473816,0.16388249397277832,0.12709522247314453,0.10520178824663162,0.41039589047431946,0.27262258529663086,0.15647360682487488
Y,0.0983906090259552,0.22395072877407074,0.1609223186969757,0.10999511927366257,0.144195094704628,0.10459011793136597,0.2032448798418045,0.10866127163171768,0.16803042590618134,0.08432747423648834
Q,0.19092655181884766,0.09467610716819763,0.558372437953949,0.11462204158306122,0.048995960503816605,0.13971050083637238,0.20160157978534698,0.04114243760704994,0.6743117570877075,0.8337535262107849
D,0.26571914553642273,1.0333517789840698,0.7784860134124756,0.08591142296791077,0.19482724368572235,0.182256281375885,0.15388266742229462,0.1585405021905899,0.18455299735069275,0.17313291132450104
Y,0.0811290442943573,0.15928210318088531,0.07425892353057861,0.09051962196826935,0.12938225269317627,0.11443062871694565,0.12591563165187836,0.08628693968057632,0.13991673290729523,0.07272643595933914
T,0.28610193729400635,0.18957512080669403,0.1308053731918335,0.04694216698408127,0.35333144664764404,0.11222988367080688,0.07994907349348068,0.08636443316936493,0.11408935487270355,0.05933970585465431
W,0.12722036242485046,0.07660596072673798,0.10763639211654663,0.05900505185127258,0.08785988390445709,0.1263076514005661,0.19870929419994354,0.15251144766807556,0.224925696849823,0.12605801224708557
A,0.08103334903717041,0.12242574989795685,0.23285676538944244,0.4162202775478363,0.11853602528572083,0.09511330723762512,0.1838281899690628,0.08408048748970032,0.5217482447624207,0.1698555201292038
E,0.15983547270298004,0.11771871149539948,0.14321723580360413,0.03893694281578064,0.12582196295261383,0.11038287729024887,0.09700320661067963,0.14224930107593536,0.14912575483322144,0.06485092639923096
W,0.2724197804927826,0.142974391579628,0.1879032552242279,0.0543416291475296,0.12872394919395447,0.1355256885290146,0.20565101504325867,0.17864297330379486,0.17080339789390564,0.07362178713083267
A,0.08497437089681625,0.17122119665145874,0.14754576981067657,0.17966392636299133,0.17154255509376526,0.11830878257751465,0.17024962604045868,0.1235429123044014,0.2558692395687103,0.09692507237195969
Y,0.09500516206026077,0.18801349401474,0.09574875235557556,0.07440880686044693,0.13950762152671814,0.07392983138561249,0.10273241996765137,0.07458553463220596,0.10657298564910889,0.07309550791978836
R,0.23065683245658875,0.6082112789154053,0.15436463057994843,0.2949991524219513,0.13502337038516998,0.17025458812713623,0.09038199484348297,0.27968648076057434,0.08636853843927383,0.06463170051574707
W,0.11002486199140549,0.06362193077802658,0.08248630166053772,0.0415966734290123,0.07544344663619995,0.12350930273532867,0.15857605636119843,0.15057307481765747,0.09980718791484833,0.08437064290046692
Y,0.08986076712608337,0.11594725400209427,0.0877544954419136,0.06873635947704315,0.11145690828561783,0.11141467839479446,0.1128934770822525,0.09807167947292328,0.10865206271409988,0.044452935457229614
sum,6.085726261138916,8.30967903137207,12.98548412322998,4.932698726654053,5.350402355194092,4.176092147827148,5.242387771606445,5.112327575683594,10.558844566345215,11.010909080505371
posi,1.0,2.0,3.0,4.0,5.0,6.0,7.0,8.0,9.0,10.0
contrib,0.08250204367642888,0.11265138669826785,0.1760396265496502,0.06687085621772898,0.07253351693016856,0.05661380778443833,0.0710692013315942,0.06930602114501383,0.14314253027578822,0.14927100939092097
