,R,T,L,G,V,F,R,Y,K
Y,0.1204129010438919,0.09491986036300659,0.14431077241897583,0.16077066957950592,0.0842437595129013,0.15037237107753754,0.19256773591041565,0.1212988942861557,0.12847085297107697
Y,0.14505481719970703,0.10729368776082993,0.14383751153945923,0.16983509063720703,0.07263743132352829,0.12542836368083954,0.20513641834259033,0.11033952981233597,0.12165549397468567
S,1.3140827417373657,0.06217653676867485,0.5603657364845276,0.07820629328489304,0.050650034099817276,0.09155351668596268,0.11097553372383118,0.5541802048683167,0.35678067803382874
E,0.3220221996307373,0.15572510659694672,0.12807618081569672,0.20233361423015594,0.05979777127504349,0.19715942442417145,0.1804702877998352,0.13199171423912048,0.09493094682693481
Y,0.13125088810920715,0.11879649758338928,0.09811923652887344,0.17744402587413788,0.06098233908414841,0.10585905611515045,0.17587773501873016,0.13620492815971375,0.17200592160224915
R,0.5887995362281799,0.8550276160240173,0.14699870347976685,0.2353941649198532,0.11729039251804352,0.20946519076824188,0.12292996793985367,0.14819788932800293,0.29695558547973633
N,0.5537316799163818,0.2409023493528366,0.1863921582698822,0.07041962444782257,0.41975635290145874,0.10812500864267349,0.060714446008205414,0.19635015726089478,1.109310269355774
I,0.8560602068901062,0.09205897152423859,0.35403987765312195,0.21363668143749237,0.07113977521657944,0.7638141512870789,0.12069827318191528,0.3123018443584442,0.348195880651474
C,0.23583093285560608,0.3743014335632324,0.8172476291656494,0.03508063778281212,0.3822711408138275,0.9709014892578125,0.12291203439235687,0.9387798309326172,0.16453559696674347
T,0.07925908267498016,0.1500435173511505,0.20313864946365356,0.08262259513139725,0.09660051763057709,0.1339646428823471,0.056003909558057785,0.2472805678844452,0.08609879016876221
N,0.2573825716972351,0.1379597932100296,0.2364356815814972,0.0531742200255394,0.2657303214073181,0.06632731854915619,0.08701600134372711,0.2058727890253067,0.9292672872543335
T,0.07050073146820068,0.09960953146219254,0.15315552055835724,0.07079913467168808,0.07504543662071228,0.09458371996879578,0.06174423173069954,0.1766837239265442,0.059386976063251495
D,0.5058210492134094,0.3383994400501251,0.2939835488796234,0.10642114281654358,0.12077289819717407,0.18536460399627686,0.180565744638443,0.38211244344711304,0.07149092853069305
E,0.16489633917808533,0.046900674700737,0.07144993543624878,0.3968794643878937,0.05190127342939377,0.23851743340492249,0.13979968428611755,0.13445237278938293,0.1089576855301857
S,1.0482330322265625,0.0560472272336483,0.3677093982696533,0.1413482278585434,0.030572257936000824,0.09479360282421112,0.2645427882671356,0.6555933356285095,0.188938170671463
N,0.9383324980735779,0.07520401477813721,0.3474231958389282,0.08589120954275131,0.3355652093887329,0.17511706054210663,0.10365580767393112,0.22081579267978668,1.0803046226501465
L,0.7575023174285889,0.11628291010856628,0.8101314306259155,0.08574384450912476,0.05327911674976349,0.2628706693649292,0.3423386812210083,0.11763042211532593,0.1310466080904007
Y,0.13703866302967072,0.16807983815670013,0.09170861542224884,0.1537773162126541,0.06062440574169159,0.1566779613494873,0.24728801846504211,0.1028381809592247,0.19929201900959015
L,0.794201135635376,0.1844354271888733,0.7186245918273926,0.12861141562461853,0.08039353787899017,0.25013482570648193,0.3735116422176361,0.13194900751113892,0.19617566466331482
R,0.31800737977027893,1.0146998167037964,0.1876213699579239,0.3135489523410797,0.14528843760490417,0.37770432233810425,0.17948952317237854,0.13193188607692719,0.2101733684539795
Y,0.1466149091720581,0.1411677598953247,0.06613682210445404,0.2847687900066376,0.0768977552652359,0.10965638607740402,0.12913960218429565,0.09231418371200562,0.12885154783725739
N,0.45376598834991455,0.1290924847126007,0.18461096286773682,0.0363963320851326,0.5745789408683777,0.057725679129362106,0.09515345096588135,0.23275646567344666,0.84549480676651
F,0.6458788514137268,0.5463083386421204,0.24071544408798218,0.11238393932580948,0.09746711701154709,0.09023353457450867,0.4993516504764557,0.19223652780056,0.8732718229293823
Y,0.06542220711708069,0.11822187900543213,0.08516465127468109,0.17096439003944397,0.05978262051939964,0.12340456992387772,0.09334790706634521,0.11429071426391602,0.10891495645046234
T,0.08203326910734177,0.09884016215801239,0.29959508776664734,0.14922206103801727,0.1458410769701004,0.10643088817596436,0.055353015661239624,0.23171092569828033,0.13988400995731354
W,0.1281885951757431,0.08527404814958572,0.12510380148887634,0.12665030360221863,0.08837582170963287,0.25587013363838196,0.07700970023870468,0.28964555263519287,0.15239468216896057
A,0.1965300440788269,0.30193451046943665,0.0867713987827301,0.22946546971797943,0.05856742337346077,0.13910886645317078,0.15991345047950745,0.16731908917427063,0.14116914570331573
V,0.0761844739317894,0.09702083468437195,0.11310116946697235,0.09325172007083893,0.06288827210664749,0.1153852716088295,0.08168802410364151,0.13656401634216309,0.23129510879516602
L,0.645737886428833,0.1329048126935959,0.873729944229126,0.032530028373003006,0.07264672964811325,0.0911388248205185,0.32348012924194336,0.12030217796564102,0.06631474196910858
T,0.14301863312721252,0.0866604894399643,0.24165596067905426,0.05740594118833542,0.15003494918346405,0.1255708932876587,0.06429394334554672,0.31623712182044983,0.097378671169281
Y,0.06901484727859497,0.14148715138435364,0.12171156704425812,0.08066443353891373,0.08472911268472672,0.14316266775131226,0.07628443837165833,0.15021544694900513,0.13462181389331818
T,0.1086372435092926,0.050207044929265976,0.25842753052711487,0.07262886315584183,0.12911847233772278,0.08285964280366898,0.06807086616754532,0.313355028629303,0.12339336425065994
W,0.3465648293495178,0.04995512217283249,0.12529230117797852,0.12756237387657166,0.06845632940530777,0.20757833123207092,0.11516162753105164,0.12496426701545715,0.1970146894454956
Y,0.08161021023988724,0.09277835488319397,0.10748077929019928,0.15414676070213318,0.05896863341331482,0.15594129264354706,0.10134842991828918,0.10064994543790817,0.16892880201339722
sum,12.527621269226074,6.560717582702637,8.99026870727539,4.6899800300598145,4.362895965576172,6.562801361083984,5.267834663391113,7.73936653137207,9.462903022766113
posi,1.0,2.0,3.0,4.0,5.0,6.0,7.0,8.0,9.0
contrib,0.18934084381793204,0.09915783503222088,0.13587775576892347,0.07088375017866694,0.06594024403030797,0.09918932898854146,0.07961737019540688,0.11697178244571702,0.14302108954228335
