,G,Q,G,Q,N,S,A,D,P,K
Y,0.19461332261562347,0.13226044178009033,0.15066318213939667,0.1780196726322174,0.14969928562641144,0.150736004114151,0.13296407461166382,0.14515168964862823,0.07548220455646515,0.13898241519927979
Y,0.17688487470149994,0.13820788264274597,0.1707402467727661,0.1731967180967331,0.16086691617965698,0.15091794729232788,0.14327020943164825,0.1624135971069336,0.07515601813793182,0.12636318802833557
A,0.30438679456710815,0.12614740431308746,0.23467354476451874,0.11856431514024734,0.1551046371459961,0.13720273971557617,0.15442515909671783,0.34359613060951233,0.13106299936771393,0.18475030362606049
M,0.725112795829773,0.18490459024906158,0.18548335134983063,0.05803355574607849,0.2771308422088623,0.1126779168844223,0.10365670919418335,0.04951186850667,0.048843756318092346,0.6657839417457581
Y,0.17626480758190155,0.15758830308914185,0.18998849391937256,0.16680361330509186,0.26657113432884216,0.20902149379253387,0.16874665021896362,0.24449247121810913,0.12720750272274017,0.17976702749729156
R,0.3738241493701935,0.2217593789100647,0.28855088353157043,0.21570676565170288,0.10834804177284241,0.19849534332752228,0.12867558002471924,0.24809905886650085,0.34858864545822144,0.15330073237419128
N,0.8806977272033691,0.20138463377952576,0.13347546756267548,0.21031121909618378,0.11040995270013809,0.05734114721417427,0.2538260817527771,0.25513434410095215,0.1356460601091385,1.3437950611114502
N,0.8318823575973511,0.16717688739299774,0.15468889474868774,0.16429053246974945,0.12734325230121613,0.05268895626068115,0.3880566656589508,0.2544074058532715,0.14246244728565216,1.4096843004226685
V,0.20062318444252014,0.10319434106349945,0.3112953007221222,0.1332666575908661,0.16725042462348938,0.20985513925552368,0.10328489542007446,0.12504564225673676,0.7612819671630859,0.11661578714847565
A,0.2900572419166565,0.11046944558620453,0.21264521777629852,0.11939725279808044,0.27897360920906067,0.26570841670036316,0.14804385602474213,0.45042774081230164,0.09752468019723892,0.2560586929321289
Q,0.38680094480514526,0.08955172449350357,0.24282458424568176,0.10697823762893677,0.11000947654247284,0.1541122943162918,0.11197216808795929,0.2463216483592987,0.0790809690952301,0.30390581488609314
T,0.180522158741951,0.14535486698150635,0.152382493019104,0.20676621794700623,0.14924949407577515,0.1371162384748459,0.13866975903511047,0.17262884974479675,0.08737600594758987,0.09670542180538177
D,0.6092000007629395,0.19484277069568634,0.4722209870815277,0.11787349730730057,0.20773683488368988,0.10857771337032318,0.23982539772987366,0.17079311609268188,0.25429582595825195,0.30347466468811035
V,0.29675135016441345,0.10157741606235504,0.2686309516429901,0.12681420147418976,0.08175083249807358,0.10236793011426926,0.08085667341947556,0.09630144387483597,0.42037445306777954,0.1446007639169693
D,0.5633788704872131,0.14119650423526764,0.4535400867462158,0.08387312293052673,0.2544497549533844,0.07459302991628647,0.27289897203445435,0.3113533556461334,0.4581707715988159,0.25062093138694763
T,0.22986149787902832,0.1399957239627838,0.22835728526115417,0.13687613606452942,0.09643951058387756,0.10092951357364655,0.10951270908117294,0.1767580509185791,0.19027294218540192,0.08098281919956207
L,0.2809455394744873,0.12582069635391235,0.13045266270637512,0.16542495787143707,0.2325916886329651,0.1289425790309906,0.11768075823783875,0.15944859385490417,0.21153154969215393,0.25734150409698486
Y,0.20885862410068512,0.12517379224300385,0.21636539697647095,0.13543151319026947,0.22729051113128662,0.166731059551239,0.09370309114456177,0.2433648407459259,0.07425443083047867,0.18058250844478607
I,0.3421436548233032,0.15856143832206726,0.2193395048379898,0.2245183289051056,0.4093726575374603,0.08185140043497086,0.10899760574102402,0.14761175215244293,0.083700992166996,0.6446099281311035
M,0.8371675610542297,0.17970460653305054,0.3103562295436859,0.07266218960285187,0.5906314253807068,0.11168447881937027,0.15024995803833008,0.04660605639219284,0.021428333595395088,0.7670539021492004
Y,0.4608112871646881,0.13793981075286865,0.28195643424987793,0.1328233927488327,0.17624181509017944,0.15698100626468658,0.09437624365091324,0.266110360622406,0.07436609268188477,0.09717370569705963
R,0.4750281572341919,0.16491283476352692,0.28315576910972595,0.1545948088169098,0.10984055697917938,0.11781102418899536,0.08912403881549835,0.1110357716679573,0.35425809025764465,0.18922734260559082
D,0.5818363428115845,0.09719409793615341,0.34306973218917847,0.07194018363952637,0.294757604598999,0.0866818055510521,0.42666399478912354,0.1771678328514099,0.6880874037742615,0.1760135293006897
Y,0.2836558520793915,0.1186423972249031,0.2637869715690613,0.13121014833450317,0.14833679795265198,0.11003139615058899,0.09897077083587646,0.4373275339603424,0.04594173654913902,0.1163318008184433
T,0.32898521423339844,0.13118652999401093,0.2696760892868042,0.14592139422893524,0.11677391827106476,0.13767021894454956,0.2651510536670685,0.18102167546749115,0.07958531379699707,0.1821475327014923
W,0.18967002630233765,0.12079104036092758,0.1656750589609146,0.1209862008690834,0.1142425686120987,0.10113102942705154,0.17027533054351807,0.19346265494823456,0.32132580876350403,0.09190778434276581
A,0.22509607672691345,0.10826407372951508,0.16193580627441406,0.10331682860851288,0.15898624062538147,0.11910247802734375,0.16881218552589417,0.6152706742286682,0.08180851489305496,0.15548716485500336
V,0.15772978961467743,0.08751606196165085,0.11884218454360962,0.09563248604536057,0.06180669367313385,0.09989168494939804,0.1262630969285965,0.11769690364599228,0.10684426128864288,0.15095163881778717
W,0.12354907393455505,0.10673875361680984,0.07319760322570801,0.0683988556265831,0.09538838267326355,0.13954560458660126,0.6896080374717712,0.1383756399154663,0.22378382086753845,0.1250048130750656
A,0.14442424476146698,0.10073717683553696,0.11993987113237381,0.08673728257417679,0.13005474209785461,0.1185007393360138,0.3702002167701721,0.27363893389701843,0.05388110876083374,0.18907473981380463
Y,0.15589284896850586,0.11652722954750061,0.14776912331581116,0.10629433393478394,0.15725381672382355,0.1560315638780594,0.3623272180557251,0.22916823625564575,0.02868620492517948,0.09220664203166962
T,0.34032371640205383,0.17123299837112427,0.2900870740413666,0.19916391372680664,0.06545700877904892,0.14603057503700256,0.1369025856256485,0.13872529566287994,0.04304235428571701,0.07772640883922577
W,0.27031210064888,0.16382479667663574,0.26895928382873535,0.13684487342834473,0.07645601779222488,0.07904225587844849,0.1533849984407425,0.09446097165346146,0.09479771554470062,0.10735225677490234
Y,0.2662823796272278,0.13242970407009125,0.2566813826560974,0.14109061658382416,0.18495957553386688,0.10399238765239716,0.13510465621948242,0.33917713165283203,0.04741232097148895,0.0843658447265625
sum,12.093575477600098,4.702809810638428,7.771407127380371,4.609764099121094,6.0517754554748535,4.383995056152344,6.436481475830078,7.362107753753662,6.067564010620117,9.439950942993164
posi,1.0,2.0,3.0,4.0,5.0,6.0,7.0,8.0,9.0,10.0
contrib,0.17547410455009424,0.06823634101591078,0.11276075543557161,0.06688627602140425,0.08780942252806964,0.06361043582646342,0.09339138995878514,0.10682194592360471,0.08803850966457336,0.1369708190755229
