,E,L,F,A,R,S,S,D,P,R
Y,0.10834746062755585,0.26303982734680176,0.16108015179634094,0.12618175148963928,0.16888858377933502,0.16960911452770233,0.1601107120513916,0.09132558107376099,0.07567460834980011,0.15140028297901154
Y,0.11346203833818436,0.2760460078716278,0.14626771211624146,0.12661433219909668,0.17122654616832733,0.1496410071849823,0.14491498470306396,0.10102076828479767,0.07316285371780396,0.14039942622184753
S,0.29737499356269836,1.296918511390686,0.5621641278266907,0.08614872395992279,0.1891891360282898,0.029515184462070465,0.030157670378684998,0.137645423412323,0.16402627527713776,0.24243071675300598
E,0.17513108253479004,0.12413550913333893,0.09453688561916351,0.12468146532773972,0.13654156029224396,0.1504792869091034,0.14297518134117126,0.12356530874967575,0.1273948848247528,0.0965217649936676
Y,0.13399404287338257,0.21471373736858368,0.11806817352771759,0.15530891716480255,0.1483331322669983,0.2125546634197235,0.20951202511787415,0.14432469010353088,0.12387610971927643,0.13384485244750977
R,0.23863449692726135,0.1646493673324585,0.19098156690597534,0.17436204850673676,0.25806280970573425,0.25363773107528687,0.22953633964061737,0.2273406833410263,0.14347371459007263,0.21772010624408722
N,1.2662630081176758,0.14471319317817688,0.09887292981147766,0.22487576305866241,0.04963788762688637,0.10825718194246292,0.11428438127040863,1.0404061079025269,0.1862327754497528,0.9169881343841553
I,1.0454788208007812,0.2870114743709564,0.34338682889938354,0.05992475524544716,0.26133081316947937,0.08317998796701431,0.06198131665587425,0.2686619162559509,0.11844730377197266,0.7189255356788635
C,0.6464407444000244,1.8046259880065918,0.6552031636238098,0.44379109144210815,0.08205524832010269,0.07654904574155807,0.1425425410270691,0.33800989389419556,0.15438462793827057,0.11114926636219025
T,0.16582611203193665,0.1942581832408905,0.2447713315486908,0.19157908856868744,0.05351168289780617,0.15141133964061737,0.12568502128124237,0.27867913246154785,0.26756662130355835,0.04928651824593544
N,1.2683929204940796,0.20616109669208527,0.13024204969406128,0.4560887813568115,0.08960001170635223,0.08420328050851822,0.102430060505867,1.0853487253189087,0.12425064295530319,0.7974328398704529
T,0.14593087136745453,0.168718159198761,0.16402944922447205,0.1420804113149643,0.06513895839452744,0.1319846659898758,0.10046100616455078,0.22780758142471313,0.2482600212097168,0.06361497193574905
D,0.1627608984708786,0.6546911001205444,0.18653783202171326,0.2587316632270813,0.18220746517181396,0.13775348663330078,0.13907578587532043,0.530652642250061,0.6615995764732361,0.12471850216388702
E,0.14281265437602997,0.1490480601787567,0.09019900113344193,0.1020330861210823,0.0870661735534668,0.16751377284526825,0.17976853251457214,0.282142698764801,0.1324722021818161,0.0966348797082901
S,0.13763180375099182,1.1398011445999146,0.9066158533096313,0.04683462157845497,0.3146672248840332,0.022636163979768753,0.02329312451183796,0.10993921756744385,0.36537405848503113,0.3486570715904236
N,0.6967511773109436,0.4377099275588989,0.11484850943088531,0.3365762531757355,0.12059389799833298,0.08418381214141846,0.09666410833597183,1.001240849494934,0.12141916155815125,0.8667130470275879
L,0.6521312594413757,0.7556228041648865,0.48857617378234863,0.0949554443359375,0.9516333937644958,0.05906938016414642,0.047265030443668365,0.17803187668323517,0.08199110627174377,0.1084214448928833
Y,0.0673276036977768,0.18235519528388977,0.2046389877796173,0.0705621987581253,0.2179715633392334,0.1844128668308258,0.19861432909965515,0.16376088559627533,0.1028062254190445,0.21916891634464264
L,0.8361755609512329,0.7014055848121643,0.44915688037872314,0.0723508670926094,0.9326962232589722,0.07396961003541946,0.05367172509431839,0.08631155639886856,0.08016974478960037,0.14682041108608246
W,0.11634249985218048,1.1338939666748047,0.23606546223163605,0.2597043216228485,0.1857515573501587,0.3444131314754486,0.32414111495018005,0.20687197148799896,0.7425491809844971,0.19674572348594666
Y,0.11937467008829117,0.20394395291805267,0.1040533035993576,0.08141456544399261,0.12628410756587982,0.21231694519519806,0.19951152801513672,0.10082337260246277,0.08098387718200684,0.08730250597000122
N,1.0351672172546387,0.18881891667842865,0.05378244072198868,0.40817248821258545,0.12769854068756104,0.07514412701129913,0.08434026688337326,0.9900829195976257,0.08538614213466644,0.25946077704429626
F,0.6535380482673645,0.1367695927619934,0.06584110856056213,0.10677919536828995,1.010805606842041,0.1809750497341156,0.21058917045593262,0.15181821584701538,0.1127077117562294,0.8315969705581665
Y,0.11796325445175171,0.15020030736923218,0.09609755128622055,0.11004390567541122,0.10957854241132736,0.11713779717683792,0.11670378595590591,0.12393698841333389,0.043248094618320465,0.10466187447309494
T,0.052885863929986954,0.2855548560619354,0.2579171061515808,0.18262846767902374,0.043389491736888885,0.08451049029827118,0.08219560980796814,0.1581164002418518,0.17607331275939941,0.06777913123369217
W,0.05393840745091438,0.32693472504615784,0.19670122861862183,0.1569334715604782,0.06429710984230042,0.1243131011724472,0.14561468362808228,0.28598907589912415,0.3203297555446625,0.06724522262811661
A,0.13467684388160706,0.1171998530626297,0.15890450775623322,0.1468437761068344,0.14963357150554657,0.09761888533830643,0.10796325653791428,0.4077722430229187,0.11485438793897629,0.18795183300971985
E,0.10892657190561295,0.09459275752305984,0.12085186690092087,0.1168089509010315,0.04774506762623787,0.07210925221443176,0.08148086816072464,0.13672113418579102,0.04464653879404068,0.038046833127737045
L,0.6380491256713867,0.7808138728141785,0.13072657585144043,0.2564416825771332,0.45569977164268494,0.06082835793495178,0.05449652299284935,0.10151195526123047,0.057685453444719315,0.09565640985965729
A,0.11381232738494873,0.13181006908416748,0.13848768174648285,0.15674971044063568,0.1615729033946991,0.10674931108951569,0.1204029843211174,0.2870979905128479,0.0683555155992508,0.1272936314344406
Y,0.06034711003303528,0.18924497067928314,0.08727288246154785,0.14736057817935944,0.061209168285131454,0.20261888206005096,0.19225603342056274,0.10553660988807678,0.031120814383029938,0.03883110359311104
T,0.0265029426664114,0.3023405075073242,0.27520567178726196,0.09319812804460526,0.03748154640197754,0.15654633939266205,0.14423643052577972,0.08989197760820389,0.07722640782594681,0.021317599341273308
W,0.03965267539024353,0.3814966678619385,0.1989341378211975,0.12499407678842545,0.09405061602592468,0.16306926310062408,0.19672644138336182,0.14968447387218475,0.09527412056922913,0.07525438070297241
H,1.4002119302749634,0.3588189482688904,0.44484710693359375,0.2185455560684204,0.27534300088882446,0.04990182816982269,0.06737663596868515,0.7347167134284973,0.13928905129432678,1.1430151462554932
sum,12.972256660461426,13.948058128356934,7.915865421295166,5.860300540924072,7.4308929443359375,4.378814220428467,4.430979251861572,10.446785926818848,5.542313575744629,8.8930082321167
posi,1.0,2.0,3.0,4.0,5.0,6.0,7.0,8.0,9.0,10.0
contrib,0.15854768544385903,0.17047398849482331,0.09674817371265182,0.07162493859691002,0.09082081151666471,0.05351812547416054,0.05415568956276151,0.12768123329481615,0.06773848316744087,0.10869087073591208
