peptide,mutations,similarity,y_pred,y_prob
CYIQSCPIG,1,0.8888888888888888,0,0.0003
GYIQSCPIG,1,0.8888888888888888,0,1e-04
RYIQSCPIG,1,0.8888888888888888,0,0.0025
LYIQSCPIG,1,0.8888888888888888,0,0.0007
CCIQSCPIG,1,0.8888888888888888,0,0.0002
CRIQSCPIG,1,0.8888888888888888,1,0.6112
CKIQSCPIG,1,0.8888888888888888,0,0.0053
CLIQSCPIG,1,0.8888888888888888,0,0.0095
CYCQSCPIG,1,0.8888888888888888,0,0.0
CYGQSCPIG,1,0.8888888888888888,0,1e-04
CYLQSCPIG,1,0.8888888888888888,0,0.0002
CYVQSCPIG,1,0.8888888888888888,0,0.0003
CYICSCPIG,1,0.8888888888888888,0,1e-04
CYIRSCPIG,1,0.8888888888888888,0,0.0011
CYILSCPIG,1,0.8888888888888888,0,0.0004
CYIKSCPIG,1,0.8888888888888888,0,0.0018
CYIQCCPIG,1,0.8888888888888888,0,0.0009
CYIQGCPIG,1,0.8888888888888888,0,0.0034
CYIQLCPIG,1,0.8888888888888888,0,0.0077
CYIQRCPIG,1,0.8888888888888888,0,0.3942
CYIQSCPIG,1,0.8888888888888888,0,0.0003
CYIQSGPIG,1,0.8888888888888888,0,0.0007
CYIQSLPIG,1,0.8888888888888888,0,0.004
CYIQSKPIG,1,0.8888888888888888,0,0.0127
CYIQSCCIG,1,0.8888888888888888,0,0.2084
CYIQSCKIG,1,0.8888888888888888,1,0.9939
CYIQSCGIG,1,0.8888888888888888,0,0.4755
CYIQSCLIG,1,0.8888888888888888,1,0.6363
CYIQSCPCG,1,0.8888888888888888,0,0.0
CYIQSCPGG,1,0.8888888888888888,0,1e-04
CYIQSCPLG,1,0.8888888888888888,0,0.0002
CYIQSCPKG,1,0.8888888888888888,0,0.0006
CYIQSCPIC,1,0.8888888888888888,0,0.0002
CYIQSCPIL,1,0.8888888888888888,0,0.0007
CYIQSCPIK,1,0.8888888888888888,0,0.0043
CYIQSCPIG,1,0.8888888888888888,0,0.0003
CCIQSCPIG,2,0.7777777777777778,0,0.0002
CRIQSCPIG,2,0.7777777777777778,1,0.6112
CKIQSCPIG,2,0.7777777777777778,0,0.0053
CLIQSCPIG,2,0.7777777777777778,0,0.0095
GCIQSCPIG,2,0.7777777777777778,0,0.0002
GRIQSCPIG,2,0.7777777777777778,0,0.0252
GKIQSCPIG,2,0.7777777777777778,0,0.0314
GLIQSCPIG,2,0.7777777777777778,0,0.0027
RCIQSCPIG,2,0.7777777777777778,0,0.0273
RRIQSCPIG,2,0.7777777777777778,1,0.9669
RKIQSCPIG,2,0.7777777777777778,1,0.9531
RLIQSCPIG,2,0.7777777777777778,1,0.7852
LCIQSCPIG,2,0.7777777777777778,0,0.0025
LRIQSCPIG,2,0.7777777777777778,1,0.6996
LKIQSCPIG,2,0.7777777777777778,0,0.3684
LLIQSCPIG,2,0.7777777777777778,0,0.0964
CYCQSCPIG,2,0.7777777777777778,0,0.0
CYGQSCPIG,2,0.7777777777777778,0,1e-04
CYLQSCPIG,2,0.7777777777777778,0,0.0002
CYVQSCPIG,2,0.7777777777777778,0,0.0003
GYCQSCPIG,2,0.7777777777777778,0,0.0
GYGQSCPIG,2,0.7777777777777778,0,0.0
GYLQSCPIG,2,0.7777777777777778,0,0.0
GYVQSCPIG,2,0.7777777777777778,0,1e-04
RYCQSCPIG,2,0.7777777777777778,0,0.0054
RYGQSCPIG,2,0.7777777777777778,0,0.0004
RYLQSCPIG,2,0.7777777777777778,0,0.0009
RYVQSCPIG,2,0.7777777777777778,0,0.0016
LYCQSCPIG,2,0.7777777777777778,0,0.0004
LYGQSCPIG,2,0.7777777777777778,0,0.0002
LYLQSCPIG,2,0.7777777777777778,0,0.0002
LYVQSCPIG,2,0.7777777777777778,0,0.0003
CYICSCPIG,2,0.7777777777777778,0,1e-04
CYIRSCPIG,2,0.7777777777777778,0,0.0011
CYILSCPIG,2,0.7777777777777778,0,0.0004
CYIKSCPIG,2,0.7777777777777778,0,0.0018
GYICSCPIG,2,0.7777777777777778,0,0.0
GYIRSCPIG,2,0.7777777777777778,0,1e-04
GYILSCPIG,2,0.7777777777777778,0,1e-04
GYIKSCPIG,2,0.7777777777777778,0,0.0005
RYICSCPIG,2,0.7777777777777778,0,0.0026
RYIRSCPIG,2,0.7777777777777778,0,0.0017
RYILSCPIG,2,0.7777777777777778,0,0.0025
RYIKSCPIG,2,0.7777777777777778,0,0.2176
LYICSCPIG,2,0.7777777777777778,0,0.0005
LYIRSCPIG,2,0.7777777777777778,0,0.0007
LYILSCPIG,2,0.7777777777777778,0,0.0007
LYIKSCPIG,2,0.7777777777777778,0,0.012
CYIQCCPIG,2,0.7777777777777778,0,0.0009
CYIQGCPIG,2,0.7777777777777778,0,0.0034
CYIQLCPIG,2,0.7777777777777778,0,0.0077
CYIQRCPIG,2,0.7777777777777778,0,0.3942
GYIQCCPIG,2,0.7777777777777778,0,0.0005
GYIQGCPIG,2,0.7777777777777778,0,0.0018
GYIQLCPIG,2,0.7777777777777778,0,0.0022
GYIQRCPIG,2,0.7777777777777778,0,0.0124
RYIQCCPIG,2,0.7777777777777778,1,0.6095
RYIQGCPIG,2,0.7777777777777778,1,0.6041
RYIQLCPIG,2,0.7777777777777778,1,0.6617
RYIQRCPIG,2,0.7777777777777778,1,0.905
LYIQCCPIG,2,0.7777777777777778,0,0.0071
LYIQGCPIG,2,0.7777777777777778,0,0.0156
LYIQLCPIG,2,0.7777777777777778,0,0.0198
LYIQRCPIG,2,0.7777777777777778,0,0.2002
CYIQSCPIG,2,0.7777777777777778,0,0.0003
CYIQSGPIG,2,0.7777777777777778,0,0.0007
CYIQSLPIG,2,0.7777777777777778,0,0.004
CYIQSKPIG,2,0.7777777777777778,0,0.0127
GYIQSCPIG,2,0.7777777777777778,0,1e-04
GYIQSGPIG,2,0.7777777777777778,0,0.0002
GYIQSLPIG,2,0.7777777777777778,0,0.0007
GYIQSKPIG,2,0.7777777777777778,0,0.0156
RYIQSCPIG,2,0.7777777777777778,0,0.0025
RYIQSGPIG,2,0.7777777777777778,0,0.0017
RYIQSLPIG,2,0.7777777777777778,0,0.0142
RYIQSKPIG,2,0.7777777777777778,1,0.718
LYIQSCPIG,2,0.7777777777777778,0,0.0007
LYIQSGPIG,2,0.7777777777777778,0,0.0007
LYIQSLPIG,2,0.7777777777777778,0,0.003
LYIQSKPIG,2,0.7777777777777778,0,0.0664
CYIQSCCIG,2,0.7777777777777778,0,0.2084
CYIQSCKIG,2,0.7777777777777778,1,0.9939
CYIQSCGIG,2,0.7777777777777778,0,0.4755
CYIQSCLIG,2,0.7777777777777778,1,0.6363
GYIQSCCIG,2,0.7777777777777778,0,0.0226
GYIQSCKIG,2,0.7777777777777778,1,0.9672
GYIQSCGIG,2,0.7777777777777778,0,0.0302
GYIQSCLIG,2,0.7777777777777778,0,0.053
RYIQSCCIG,2,0.7777777777777778,1,0.8548
RYIQSCKIG,2,0.7777777777777778,1,0.9996
RYIQSCGIG,2,0.7777777777777778,1,0.7677
RYIQSCLIG,2,0.7777777777777778,1,0.8909
LYIQSCCIG,2,0.7777777777777778,0,0.1285
LYIQSCKIG,2,0.7777777777777778,1,0.9932
LYIQSCGIG,2,0.7777777777777778,0,0.1427
LYIQSCLIG,2,0.7777777777777778,0,0.2908
CYIQSCPCG,2,0.7777777777777778,0,0.0
CYIQSCPGG,2,0.7777777777777778,0,1e-04
CYIQSCPLG,2,0.7777777777777778,0,0.0002
CYIQSCPKG,2,0.7777777777777778,0,0.0006
GYIQSCPCG,2,0.7777777777777778,0,0.0
GYIQSCPGG,2,0.7777777777777778,0,0.0
GYIQSCPLG,2,0.7777777777777778,0,1e-04
GYIQSCPKG,2,0.7777777777777778,0,0.0003
RYIQSCPCG,2,0.7777777777777778,0,0.0004
RYIQSCPGG,2,0.7777777777777778,0,0.0008
RYIQSCPLG,2,0.7777777777777778,0,0.0011
RYIQSCPKG,2,0.7777777777777778,0,0.0989
LYIQSCPCG,2,0.7777777777777778,0,1e-04
LYIQSCPGG,2,0.7777777777777778,0,0.0002
LYIQSCPLG,2,0.7777777777777778,0,0.0004
LYIQSCPKG,2,0.7777777777777778,0,0.0025
CYIQSCPIC,2,0.7777777777777778,0,0.0002
CYIQSCPIL,2,0.7777777777777778,0,0.0007
CYIQSCPIK,2,0.7777777777777778,0,0.0043
CYIQSCPIG,2,0.7777777777777778,0,0.0003
GYIQSCPIC,2,0.7777777777777778,0,0.0002
GYIQSCPIL,2,0.7777777777777778,0,0.0002
GYIQSCPIK,2,0.7777777777777778,0,0.0049
GYIQSCPIG,2,0.7777777777777778,0,1e-04
RYIQSCPIC,2,0.7777777777777778,0,0.0125
RYIQSCPIL,2,0.7777777777777778,0,0.0046
RYIQSCPIK,2,0.7777777777777778,1,0.8034
RYIQSCPIG,2,0.7777777777777778,0,0.0025
LYIQSCPIC,2,0.7777777777777778,0,0.0023
LYIQSCPIL,2,0.7777777777777778,0,0.0013
LYIQSCPIK,2,0.7777777777777778,0,0.0725
LYIQSCPIG,2,0.7777777777777778,0,0.0007
CCCQSCPIG,2,0.7777777777777778,0,0.0
CCGQSCPIG,2,0.7777777777777778,0,0.0
CCLQSCPIG,2,0.7777777777777778,0,0.0002
CCVQSCPIG,2,0.7777777777777778,0,1e-04
CRCQSCPIG,2,0.7777777777777778,0,0.077
CRGQSCPIG,2,0.7777777777777778,0,0.0201
CRLQSCPIG,2,0.7777777777777778,1,0.5371
CRVQSCPIG,2,0.7777777777777778,0,0.2891
CKCQSCPIG,2,0.7777777777777778,0,0.0004
CKGQSCPIG,2,0.7777777777777778,0,0.0007
CKLQSCPIG,2,0.7777777777777778,0,0.0142
CKVQSCPIG,2,0.7777777777777778,0,0.0043
CLCQSCPIG,2,0.7777777777777778,0,0.0007
CLGQSCPIG,2,0.7777777777777778,0,0.0007
CLLQSCPIG,2,0.7777777777777778,0,0.0037
CLVQSCPIG,2,0.7777777777777778,0,0.0032
CCICSCPIG,2,0.7777777777777778,0,0.0
CCIRSCPIG,2,0.7777777777777778,0,0.0003
CCILSCPIG,2,0.7777777777777778,0,0.0002
CCIKSCPIG,2,0.7777777777777778,0,1e-04
CRICSCPIG,2,0.7777777777777778,0,0.0217
CRIRSCPIG,2,0.7777777777777778,0,0.3319
CRILSCPIG,2,0.7777777777777778,1,0.7583
CRIKSCPIG,2,0.7777777777777778,1,0.5244
CKICSCPIG,2,0.7777777777777778,0,0.0004
CKIRSCPIG,2,0.7777777777777778,0,0.0233
CKILSCPIG,2,0.7777777777777778,0,0.0236
CKIKSCPIG,2,0.7777777777777778,0,0.0009
CLICSCPIG,2,0.7777777777777778,0,0.0006
CLIRSCPIG,2,0.7777777777777778,0,0.0837
CLILSCPIG,2,0.7777777777777778,0,0.0132
CLIKSCPIG,2,0.7777777777777778,0,0.0185
CCIQCCPIG,2,0.7777777777777778,0,0.0007
CCIQGCPIG,2,0.7777777777777778,0,0.0035
CCIQLCPIG,2,0.7777777777777778,0,0.0149
CCIQRCPIG,2,0.7777777777777778,0,0.3893
CRIQCCPIG,2,0.7777777777777778,1,0.9972
CRIQGCPIG,2,0.7777777777777778,1,0.9995
CRIQLCPIG,2,0.7777777777777778,1,0.9998
CRIQRCPIG,2,0.7777777777777778,1,1.0
CKIQCCPIG,2,0.7777777777777778,0,0.0067
CKIQGCPIG,2,0.7777777777777778,0,0.1216
CKIQLCPIG,2,0.7777777777777778,1,0.7173
CKIQRCPIG,2,0.7777777777777778,1,0.9916
CLIQCCPIG,2,0.7777777777777778,0,0.3494
CLIQGCPIG,2,0.7777777777777778,1,0.8862
CLIQLCPIG,2,0.7777777777777778,1,0.954
CLIQRCPIG,2,0.7777777777777778,1,0.9996
CCIQSCPIG,2,0.7777777777777778,0,0.0002
CCIQSGPIG,2,0.7777777777777778,0,0.0003
CCIQSLPIG,2,0.7777777777777778,0,0.0036
CCIQSKPIG,2,0.7777777777777778,0,0.0024
CRIQSCPIG,2,0.7777777777777778,1,0.6112
CRIQSGPIG,2,0.7777777777777778,1,0.5944
CRIQSLPIG,2,0.7777777777777778,1,0.995
CRIQSKPIG,2,0.7777777777777778,1,0.997
CKIQSCPIG,2,0.7777777777777778,0,0.0053
CKIQSGPIG,2,0.7777777777777778,0,0.011
CKIQSLPIG,2,0.7777777777777778,1,0.8345
CKIQSKPIG,2,0.7777777777777778,0,0.0849
CLIQSCPIG,2,0.7777777777777778,0,0.0095
CLIQSGPIG,2,0.7777777777777778,0,0.0177
CLIQSLPIG,2,0.7777777777777778,1,0.6068
CLIQSKPIG,2,0.7777777777777778,1,0.7955
CCIQSCCIG,2,0.7777777777777778,0,0.1546
CCIQSCKIG,2,0.7777777777777778,1,0.8861
CCIQSCGIG,2,0.7777777777777778,0,0.3592
CCIQSCLIG,2,0.7777777777777778,1,0.7126
CRIQSCCIG,2,0.7777777777777778,1,0.9998
CRIQSCKIG,2,0.7777777777777778,1,1.0
CRIQSCGIG,2,0.7777777777777778,1,0.9999
CRIQSCLIG,2,0.7777777777777778,1,1.0
CKIQSCCIG,2,0.7777777777777778,1,0.9792
CKIQSCKIG,2,0.7777777777777778,1,0.9994
CKIQSCGIG,2,0.7777777777777778,1,0.9965
CKIQSCLIG,2,0.7777777777777778,1,0.9991
CLIQSCCIG,2,0.7777777777777778,1,0.9922
CLIQSCKIG,2,0.7777777777777778,1,0.9999
CLIQSCGIG,2,0.7777777777777778,1,0.9974
CLIQSCLIG,2,0.7777777777777778,1,0.9992
CCIQSCPCG,2,0.7777777777777778,0,0.0
CCIQSCPGG,2,0.7777777777777778,0,1e-04
CCIQSCPLG,2,0.7777777777777778,0,0.0002
CCIQSCPKG,2,0.7777777777777778,0,1e-04
CRIQSCPCG,2,0.7777777777777778,0,0.0065
CRIQSCPGG,2,0.7777777777777778,0,0.1368
CRIQSCPLG,2,0.7777777777777778,0,0.4221
CRIQSCPKG,2,0.7777777777777778,1,0.7742
CKIQSCPCG,2,0.7777777777777778,0,0.0002
CKIQSCPGG,2,0.7777777777777778,0,0.0016
CKIQSCPLG,2,0.7777777777777778,0,0.0052
CKIQSCPKG,2,0.7777777777777778,0,0.0014
CLIQSCPCG,2,0.7777777777777778,0,0.0004
CLIQSCPGG,2,0.7777777777777778,0,0.0022
CLIQSCPLG,2,0.7777777777777778,0,0.0044
CLIQSCPKG,2,0.7777777777777778,0,0.0177
CCIQSCPIC,2,0.7777777777777778,0,1e-04
CCIQSCPIL,2,0.7777777777777778,0,0.0006
CCIQSCPIK,2,0.7777777777777778,0,0.001
CCIQSCPIG,2,0.7777777777777778,0,0.0002
CRIQSCPIC,2,0.7777777777777778,0,0.2934
CRIQSCPIL,2,0.7777777777777778,1,0.762
CRIQSCPIK,2,0.7777777777777778,1,0.9916
CRIQSCPIG,2,0.7777777777777778,1,0.6112
CKIQSCPIC,2,0.7777777777777778,0,0.0034
CKIQSCPIL,2,0.7777777777777778,0,0.0168
CKIQSCPIK,2,0.7777777777777778,0,0.0129
CKIQSCPIG,2,0.7777777777777778,0,0.0053
CLIQSCPIC,2,0.7777777777777778,0,0.0074
CLIQSCPIL,2,0.7777777777777778,0,0.0169
CLIQSCPIK,2,0.7777777777777778,0,0.3635
CLIQSCPIG,2,0.7777777777777778,0,0.0095
CYCCSCPIG,2,0.7777777777777778,0,0.0
CYCRSCPIG,2,0.7777777777777778,0,0.0003
CYCLSCPIG,2,0.7777777777777778,0,1e-04
CYCKSCPIG,2,0.7777777777777778,0,0.0002
CYGCSCPIG,2,0.7777777777777778,0,0.0
CYGRSCPIG,2,0.7777777777777778,0,1e-04
CYGLSCPIG,2,0.7777777777777778,0,0.0
CYGKSCPIG,2,0.7777777777777778,0,1e-04
CYLCSCPIG,2,0.7777777777777778,0,1e-04
CYLRSCPIG,2,0.7777777777777778,0,0.0006
CYLLSCPIG,2,0.7777777777777778,0,0.0002
CYLKSCPIG,2,0.7777777777777778,0,0.0015
CYVCSCPIG,2,0.7777777777777778,0,0.0002
CYVRSCPIG,2,0.7777777777777778,0,0.0016
CYVLSCPIG,2,0.7777777777777778,0,0.0004
CYVKSCPIG,2,0.7777777777777778,0,0.0029
CYCQCCPIG,2,0.7777777777777778,0,1e-04
CYCQGCPIG,2,0.7777777777777778,0,0.0004
CYCQLCPIG,2,0.7777777777777778,0,0.0009
CYCQRCPIG,2,0.7777777777777778,0,0.0525
CYGQCCPIG,2,0.7777777777777778,0,0.0002
CYGQGCPIG,2,0.7777777777777778,0,0.0007
CYGQLCPIG,2,0.7777777777777778,0,0.0011
CYGQRCPIG,2,0.7777777777777778,0,0.0282
CYLQCCPIG,2,0.7777777777777778,0,0.0006
CYLQGCPIG,2,0.7777777777777778,0,0.0023
CYLQLCPIG,2,0.7777777777777778,0,0.0031
CYLQRCPIG,2,0.7777777777777778,0,0.2509
CYVQCCPIG,2,0.7777777777777778,0,0.0007
CYVQGCPIG,2,0.7777777777777778,0,0.0026
CYVQLCPIG,2,0.7777777777777778,0,0.003
CYVQRCPIG,2,0.7777777777777778,0,0.2617
CYCQSCPIG,2,0.7777777777777778,0,0.0
CYCQSGPIG,2,0.7777777777777778,0,1e-04
CYCQSLPIG,2,0.7777777777777778,0,0.0007
CYCQSKPIG,2,0.7777777777777778,0,0.001
CYGQSCPIG,2,0.7777777777777778,0,1e-04
CYGQSGPIG,2,0.7777777777777778,0,0.0002
CYGQSLPIG,2,0.7777777777777778,0,0.0007
CYGQSKPIG,2,0.7777777777777778,0,0.0017
CYLQSCPIG,2,0.7777777777777778,0,0.0002
CYLQSGPIG,2,0.7777777777777778,0,0.0003
CYLQSLPIG,2,0.7777777777777778,0,0.0014
CYLQSKPIG,2,0.7777777777777778,0,0.0098
CYVQSCPIG,2,0.7777777777777778,0,0.0003
CYVQSGPIG,2,0.7777777777777778,0,0.0006
CYVQSLPIG,2,0.7777777777777778,0,0.0021
CYVQSKPIG,2,0.7777777777777778,0,0.0107
CYCQSCCIG,2,0.7777777777777778,0,0.062
CYCQSCKIG,2,0.7777777777777778,1,0.9516
CYCQSCGIG,2,0.7777777777777778,0,0.1988
CYCQSCLIG,2,0.7777777777777778,0,0.3394
CYGQSCCIG,2,0.7777777777777778,0,0.0433
CYGQSCKIG,2,0.7777777777777778,1,0.9477
CYGQSCGIG,2,0.7777777777777778,0,0.1366
CYGQSCLIG,2,0.7777777777777778,0,0.1699
CYLQSCCIG,2,0.7777777777777778,0,0.0487
CYLQSCKIG,2,0.7777777777777778,1,0.979
CYLQSCGIG,2,0.7777777777777778,0,0.1175
CYLQSCLIG,2,0.7777777777777778,0,0.2705
CYVQSCCIG,2,0.7777777777777778,0,0.0663
CYVQSCKIG,2,0.7777777777777778,1,0.9782
CYVQSCGIG,2,0.7777777777777778,0,0.1712
CYVQSCLIG,2,0.7777777777777778,0,0.1947
CYCQSCPCG,2,0.7777777777777778,0,0.0
CYCQSCPGG,2,0.7777777777777778,0,0.0
CYCQSCPLG,2,0.7777777777777778,0,0.0
CYCQSCPKG,2,0.7777777777777778,0,0.0
CYGQSCPCG,2,0.7777777777777778,0,0.0
CYGQSCPGG,2,0.7777777777777778,0,0.0
CYGQSCPLG,2,0.7777777777777778,0,0.0
CYGQSCPKG,2,0.7777777777777778,0,1e-04
CYLQSCPCG,2,0.7777777777777778,0,0.0
CYLQSCPGG,2,0.7777777777777778,0,0.0
CYLQSCPLG,2,0.7777777777777778,0,1e-04
CYLQSCPKG,2,0.7777777777777778,0,0.0003
CYVQSCPCG,2,0.7777777777777778,0,0.0
CYVQSCPGG,2,0.7777777777777778,0,1e-04
CYVQSCPLG,2,0.7777777777777778,0,1e-04
CYVQSCPKG,2,0.7777777777777778,0,0.0004
CYCQSCPIC,2,0.7777777777777778,0,0.0
CYCQSCPIL,2,0.7777777777777778,0,1e-04
CYCQSCPIK,2,0.7777777777777778,0,0.0004
CYCQSCPIG,2,0.7777777777777778,0,0.0
CYGQSCPIC,2,0.7777777777777778,0,0.0
CYGQSCPIL,2,0.7777777777777778,0,1e-04
CYGQSCPIK,2,0.7777777777777778,0,0.0005
CYGQSCPIG,2,0.7777777777777778,0,1e-04
CYLQSCPIC,2,0.7777777777777778,0,0.0002
CYLQSCPIL,2,0.7777777777777778,0,0.0003
CYLQSCPIK,2,0.7777777777777778,0,0.0029
CYLQSCPIG,2,0.7777777777777778,0,0.0002
CYVQSCPIC,2,0.7777777777777778,0,0.0003
CYVQSCPIL,2,0.7777777777777778,0,0.0006
CYVQSCPIK,2,0.7777777777777778,0,0.0035
CYVQSCPIG,2,0.7777777777777778,0,0.0003
CYICCCPIG,2,0.7777777777777778,0,0.0002
CYICGCPIG,2,0.7777777777777778,0,0.0006
CYICLCPIG,2,0.7777777777777778,0,0.002
CYICRCPIG,2,0.7777777777777778,0,0.0774
CYIRCCPIG,2,0.7777777777777778,0,0.0228
CYIRGCPIG,2,0.7777777777777778,0,0.0397
CYIRLCPIG,2,0.7777777777777778,0,0.3232
CYIRRCPIG,2,0.7777777777777778,1,0.5559
CYILCCPIG,2,0.7777777777777778,0,0.0016
CYILGCPIG,2,0.7777777777777778,0,0.0047
CYILLCPIG,2,0.7777777777777778,0,0.0165
CYILRCPIG,2,0.7777777777777778,1,0.6393
CYIKCCPIG,2,0.7777777777777778,0,0.0013
CYIKGCPIG,2,0.7777777777777778,0,0.0038
CYIKLCPIG,2,0.7777777777777778,0,0.0453
CYIKRCPIG,2,0.7777777777777778,1,0.601
CYICSCPIG,2,0.7777777777777778,0,1e-04
CYICSGPIG,2,0.7777777777777778,0,0.0002
CYICSLPIG,2,0.7777777777777778,0,0.0013
CYICSKPIG,2,0.7777777777777778,0,0.0029
CYIRSCPIG,2,0.7777777777777778,0,0.0011
CYIRSGPIG,2,0.7777777777777778,0,0.0012
CYIRSLPIG,2,0.7777777777777778,0,0.0205
CYIRSKPIG,2,0.7777777777777778,0,0.2055
CYILSCPIG,2,0.7777777777777778,0,0.0004
CYILSGPIG,2,0.7777777777777778,0,0.0006
CYILSLPIG,2,0.7777777777777778,0,0.0049
CYILSKPIG,2,0.7777777777777778,0,0.0613
CYIKSCPIG,2,0.7777777777777778,0,0.0018
CYIKSGPIG,2,0.7777777777777778,0,0.003
CYIKSLPIG,2,0.7777777777777778,0,0.2029
CYIKSKPIG,2,0.7777777777777778,0,0.0139
CYICSCCIG,2,0.7777777777777778,0,0.0793
CYICSCKIG,2,0.7777777777777778,1,0.976
CYICSCGIG,2,0.7777777777777778,0,0.1043
CYICSCLIG,2,0.7777777777777778,0,0.392
CYIRSCCIG,2,0.7777777777777778,1,0.8537
CYIRSCKIG,2,0.7777777777777778,1,0.9996
CYIRSCGIG,2,0.7777777777777778,1,0.8615
CYIRSCLIG,2,0.7777777777777778,1,0.9541
CYILSCCIG,2,0.7777777777777778,0,0.4667
CYILSCKIG,2,0.7777777777777778,1,0.9983
CYILSCGIG,2,0.7777777777777778,1,0.5679
CYILSCLIG,2,0.7777777777777778,1,0.8899
CYIKSCCIG,2,0.7777777777777778,1,0.8625
CYIKSCKIG,2,0.7777777777777778,1,0.9963
CYIKSCGIG,2,0.7777777777777778,1,0.9323
CYIKSCLIG,2,0.7777777777777778,1,0.9911
CYICSCPCG,2,0.7777777777777778,0,0.0
CYICSCPGG,2,0.7777777777777778,0,0.0
CYICSCPLG,2,0.7777777777777778,0,1e-04
CYICSCPKG,2,0.7777777777777778,0,1e-04
CYIRSCPCG,2,0.7777777777777778,0,1e-04
CYIRSCPGG,2,0.7777777777777778,0,0.0003
CYIRSCPLG,2,0.7777777777777778,0,0.0006
CYIRSCPKG,2,0.7777777777777778,0,0.0037
CYILSCPCG,2,0.7777777777777778,0,0.0
CYILSCPGG,2,0.7777777777777778,0,1e-04
CYILSCPLG,2,0.7777777777777778,0,0.0003
CYILSCPKG,2,0.7777777777777778,0,0.001
CYIKSCPCG,2,0.7777777777777778,0,1e-04
CYIKSCPGG,2,0.7777777777777778,0,0.0004
CYIKSCPLG,2,0.7777777777777778,0,0.0012
CYIKSCPKG,2,0.7777777777777778,0,0.0006
CYICSCPIC,2,0.7777777777777778,0,0.0002
CYICSCPIL,2,0.7777777777777778,0,0.0005
CYICSCPIK,2,0.7777777777777778,0,0.0024
CYICSCPIG,2,0.7777777777777778,0,1e-04
CYIRSCPIC,2,0.7777777777777778,0,0.0026
CYIRSCPIL,2,0.7777777777777778,0,0.004
CYIRSCPIK,2,0.7777777777777778,0,0.2611
CYIRSCPIG,2,0.7777777777777778,0,0.0011
CYILSCPIC,2,0.7777777777777778,0,0.0008
CYILSCPIL,2,0.7777777777777778,0,0.0014
CYILSCPIK,2,0.7777777777777778,0,0.0443
CYILSCPIG,2,0.7777777777777778,0,0.0004
CYIKSCPIC,2,0.7777777777777778,0,0.0022
CYIKSCPIL,2,0.7777777777777778,0,0.0078
CYIKSCPIK,2,0.7777777777777778,0,0.0076
CYIKSCPIG,2,0.7777777777777778,0,0.0018
CYIQCCPIG,2,0.7777777777777778,0,0.0009
CYIQCGPIG,2,0.7777777777777778,0,0.0018
CYIQCLPIG,2,0.7777777777777778,0,0.027
CYIQCKPIG,2,0.7777777777777778,0,0.0069
CYIQGCPIG,2,0.7777777777777778,0,0.0034
CYIQGGPIG,2,0.7777777777777778,0,0.0071
CYIQGLPIG,2,0.7777777777777778,0,0.2369
CYIQGKPIG,2,0.7777777777777778,0,0.099
CYIQLCPIG,2,0.7777777777777778,0,0.0077
CYIQLGPIG,2,0.7777777777777778,0,0.0132
CYIQLLPIG,2,0.7777777777777778,0,0.2898
CYIQLKPIG,2,0.7777777777777778,0,0.3946
CYIQRCPIG,2,0.7777777777777778,0,0.3942
CYIQRGPIG,2,0.7777777777777778,0,0.3852
CYIQRLPIG,2,0.7777777777777778,1,0.9763
CYIQRKPIG,2,0.7777777777777778,1,0.9769
CYIQCCCIG,2,0.7777777777777778,1,0.7571
CYIQCCKIG,2,0.7777777777777778,1,0.9926
CYIQCCGIG,2,0.7777777777777778,1,0.9317
CYIQCCLIG,2,0.7777777777777778,1,0.9705
CYIQGCCIG,2,0.7777777777777778,1,0.9471
CYIQGCKIG,2,0.7777777777777778,1,0.9988
CYIQGCGIG,2,0.7777777777777778,1,0.9879
CYIQGCLIG,2,0.7777777777777778,1,0.9927
CYIQLCCIG,2,0.7777777777777778,1,0.8913
CYIQLCKIG,2,0.7777777777777778,1,0.9981
CYIQLCGIG,2,0.7777777777777778,1,0.9642
CYIQLCLIG,2,0.7777777777777778,1,0.9892
CYIQRCCIG,2,0.7777777777777778,1,0.9991
CYIQRCKIG,2,0.7777777777777778,1,1.0
CYIQRCGIG,2,0.7777777777777778,1,0.9994
CYIQRCLIG,2,0.7777777777777778,1,0.9997
CYIQCCPCG,2,0.7777777777777778,0,0.0
CYIQCCPGG,2,0.7777777777777778,0,0.0003
CYIQCCPLG,2,0.7777777777777778,0,0.0006
CYIQCCPKG,2,0.7777777777777778,0,0.0004
CYIQGCPCG,2,0.7777777777777778,0,0.0002
CYIQGCPGG,2,0.7777777777777778,0,0.0012
CYIQGCPLG,2,0.7777777777777778,0,0.002
CYIQGCPKG,2,0.7777777777777778,0,0.0019
CYIQLCPCG,2,0.7777777777777778,0,0.0003
CYIQLCPGG,2,0.7777777777777778,0,0.0021
CYIQLCPLG,2,0.7777777777777778,0,0.0035
CYIQLCPKG,2,0.7777777777777778,0,0.0064
CYIQRCPCG,2,0.7777777777777778,0,0.0047
CYIQRCPGG,2,0.7777777777777778,0,0.0791
CYIQRCPLG,2,0.7777777777777778,0,0.1817
CYIQRCPKG,2,0.7777777777777778,0,0.3692
CYIQCCPIC,2,0.7777777777777778,0,0.0006
CYIQCCPIL,2,0.7777777777777778,0,0.0017
CYIQCCPIK,2,0.7777777777777778,0,0.0024
CYIQCCPIG,2,0.7777777777777778,0,0.0009
CYIQGCPIC,2,0.7777777777777778,0,0.003
CYIQGCPIL,2,0.7777777777777778,0,0.0055
CYIQGCPIK,2,0.7777777777777778,0,0.0239
CYIQGCPIG,2,0.7777777777777778,0,0.0034
CYIQLCPIC,2,0.7777777777777778,0,0.0064
CYIQLCPIL,2,0.7777777777777778,0,0.0115
CYIQLCPIK,2,0.7777777777777778,0,0.1845
CYIQLCPIG,2,0.7777777777777778,0,0.0077
CYIQRCPIC,2,0.7777777777777778,0,0.1249
CYIQRCPIL,2,0.7777777777777778,0,0.4112
CYIQRCPIK,2,0.7777777777777778,1,0.9607
CYIQRCPIG,2,0.7777777777777778,0,0.3942
CYIQSCCIG,2,0.7777777777777778,0,0.2084
CYIQSCKIG,2,0.7777777777777778,1,0.9939
CYIQSCGIG,2,0.7777777777777778,0,0.4755
CYIQSCLIG,2,0.7777777777777778,1,0.6363
CYIQSGCIG,2,0.7777777777777778,0,0.2243
CYIQSGKIG,2,0.7777777777777778,1,0.9953
CYIQSGGIG,2,0.7777777777777778,1,0.5495
CYIQSGLIG,2,0.7777777777777778,1,0.6467
CYIQSLCIG,2,0.7777777777777778,1,0.7948
CYIQSLKIG,2,0.7777777777777778,1,0.9997
CYIQSLGIG,2,0.7777777777777778,1,0.9365
CYIQSLLIG,2,0.7777777777777778,1,0.9736
CYIQSKCIG,2,0.7777777777777778,1,0.9611
CYIQSKKIG,2,0.7777777777777778,1,0.9992
CYIQSKGIG,2,0.7777777777777778,1,0.9924
CYIQSKLIG,2,0.7777777777777778,1,0.9974
CYIQSCPCG,2,0.7777777777777778,0,0.0
CYIQSCPGG,2,0.7777777777777778,0,1e-04
CYIQSCPLG,2,0.7777777777777778,0,0.0002
CYIQSCPKG,2,0.7777777777777778,0,0.0006
CYIQSGPCG,2,0.7777777777777778,0,0.0
CYIQSGPGG,2,0.7777777777777778,0,0.0002
CYIQSGPLG,2,0.7777777777777778,0,0.0004
CYIQSGPKG,2,0.7777777777777778,0,0.0014
CYIQSLPCG,2,0.7777777777777778,0,0.0002
CYIQSLPGG,2,0.7777777777777778,0,0.0012
CYIQSLPLG,2,0.7777777777777778,0,0.002
CYIQSLPKG,2,0.7777777777777778,0,0.0261
CYIQSKPCG,2,0.7777777777777778,0,0.0004
CYIQSKPGG,2,0.7777777777777778,0,0.0033
CYIQSKPLG,2,0.7777777777777778,0,0.0074
CYIQSKPKG,2,0.7777777777777778,0,0.0041
CYIQSCPIC,2,0.7777777777777778,0,0.0002
CYIQSCPIL,2,0.7777777777777778,0,0.0007
CYIQSCPIK,2,0.7777777777777778,0,0.0043
CYIQSCPIG,2,0.7777777777777778,0,0.0003
CYIQSGPIC,2,0.7777777777777778,0,0.0004
CYIQSGPIL,2,0.7777777777777778,0,0.0012
CYIQSGPIK,2,0.7777777777777778,0,0.0088
CYIQSGPIG,2,0.7777777777777778,0,0.0007
CYIQSLPIC,2,0.7777777777777778,0,0.0041
CYIQSLPIL,2,0.7777777777777778,0,0.0077
CYIQSLPIK,2,0.7777777777777778,1,0.501
CYIQSLPIG,2,0.7777777777777778,0,0.004
CYIQSKPIC,2,0.7777777777777778,0,0.0085
CYIQSKPIL,2,0.7777777777777778,0,0.0275
CYIQSKPIK,2,0.7777777777777778,0,0.0504
CYIQSKPIG,2,0.7777777777777778,0,0.0127
CYIQSCCCG,2,0.7777777777777778,0,0.0096
CYIQSCCGG,2,0.7777777777777778,0,0.1074
CYIQSCCLG,2,0.7777777777777778,0,0.1174
CYIQSCCKG,2,0.7777777777777778,1,0.5025
CYIQSCKCG,2,0.7777777777777778,0,0.443
CYIQSCKGG,2,0.7777777777777778,1,0.9809
CYIQSCKLG,2,0.7777777777777778,1,0.9841
CYIQSCKKG,2,0.7777777777777778,1,0.9803
CYIQSCGCG,2,0.7777777777777778,0,0.0177
CYIQSCGGG,2,0.7777777777777778,0,0.2526
CYIQSCGLG,2,0.7777777777777778,0,0.2209
CYIQSCGKG,2,0.7777777777777778,1,0.8349
CYIQSCLCG,2,0.7777777777777778,0,0.0306
CYIQSCLGG,2,0.7777777777777778,0,0.3426
CYIQSCLLG,2,0.7777777777777778,0,0.4296
CYIQSCLKG,2,0.7777777777777778,1,0.94
CYIQSCCIC,2,0.7777777777777778,0,0.0696
CYIQSCCIL,2,0.7777777777777778,0,0.1097
CYIQSCCIK,2,0.7777777777777778,1,0.9104
CYIQSCCIG,2,0.7777777777777778,0,0.2084
CYIQSCKIC,2,0.7777777777777778,1,0.9593
CYIQSCKIL,2,0.7777777777777778,1,0.9863
CYIQSCKIK,2,0.7777777777777778,1,0.9976
CYIQSCKIG,2,0.7777777777777778,1,0.9939
CYIQSCGIC,2,0.7777777777777778,0,0.1572
CYIQSCGIL,2,0.7777777777777778,0,0.1988
CYIQSCGIK,2,0.7777777777777778,1,0.9779
CYIQSCGIG,2,0.7777777777777778,0,0.4755
CYIQSCLIC,2,0.7777777777777778,0,0.3858
CYIQSCLIL,2,0.7777777777777778,0,0.4663
CYIQSCLIK,2,0.7777777777777778,1,0.9935
CYIQSCLIG,2,0.7777777777777778,1,0.6363
CYIQSCPCC,2,0.7777777777777778,0,0.0
CYIQSCPCL,2,0.7777777777777778,0,0.0
CYIQSCPCK,2,0.7777777777777778,0,1e-04
CYIQSCPCG,2,0.7777777777777778,0,0.0
CYIQSCPGC,2,0.7777777777777778,0,1e-04
CYIQSCPGL,2,0.7777777777777778,0,0.0002
CYIQSCPGK,2,0.7777777777777778,0,0.0011
CYIQSCPGG,2,0.7777777777777778,0,1e-04
CYIQSCPLC,2,0.7777777777777778,0,0.0002
CYIQSCPLL,2,0.7777777777777778,0,0.0004
CYIQSCPLK,2,0.7777777777777778,0,0.0025
CYIQSCPLG,2,0.7777777777777778,0,0.0002
CYIQSCPKC,2,0.7777777777777778,0,0.0004
CYIQSCPKL,2,0.7777777777777778,0,0.0012
CYIQSCPKK,2,0.7777777777777778,0,0.0012
CYIQSCPKG,2,0.7777777777777778,0,0.0006
