,C,L,S,P,G,S,S,C,S,P,T,S,Y,N,C,C,R,S,C,N,P,Y,S,R,K,C
0,0.25430676341056824,0.19395659863948822,0.17632313072681427,0.2372276484966278,0.2562522888183594,0.1702631562948227,0.172141894698143,0.31406864523887634,0.21032339334487915,0.33562684059143066,0.25348809361457825,0.2146105021238327,0.21099483966827393,0.2824273407459259,0.3219347596168518,0.3192659616470337,0.22078317403793335,0.19215534627437592,0.2741842567920685,0.25115877389907837,0.2700183391571045,0.20931528508663177,0.20914074778556824,0.23497873544692993,0.18557806313037872,0.28824594616889954
1,0.31858527660369873,0.17880980670452118,0.17240208387374878,0.19364677369594574,0.23227256536483765,0.15258336067199707,0.1614736020565033,0.30514949560165405,0.20561401546001434,0.260987788438797,0.1866014301776886,0.2248256504535675,0.22967728972434998,0.24954929947853088,0.32258450984954834,0.32068613171577454,0.23537983000278473,0.20973069965839386,0.2792850732803345,0.22473283112049103,0.22444549202919006,0.2261674404144287,0.22019007802009583,0.21681231260299683,0.23321056365966797,0.2978805899620056
2,0.4449259340763092,0.24173986911773682,0.2034989595413208,0.16270366311073303,0.24962705373764038,0.1744169294834137,0.1829601228237152,0.3288305699825287,0.2216646373271942,0.2268202006816864,0.20366844534873962,0.2450186312198639,0.19054090976715088,0.20559343695640564,0.35856035351753235,0.3582127094268799,0.17454345524311066,0.21550455689430237,0.2857605516910553,0.1593203842639923,0.15479591488838196,0.15476590394973755,0.20903411507606506,0.16254356503486633,0.1822989284992218,0.3194611668586731
3,0.4326227605342865,0.24957862496376038,0.20425641536712646,0.24902601540088654,0.317181259393692,0.19111838936805725,0.19500042498111725,0.3964737057685852,0.2383241057395935,0.325075626373291,0.2044323980808258,0.248769611120224,0.19946905970573425,0.23319785296916962,0.38708916306495667,0.37079617381095886,0.19908249378204346,0.2102947235107422,0.2788267433643341,0.16791985929012299,0.189514622092247,0.17726793885231018,0.21334704756736755,0.19049009680747986,0.2032773643732071,0.2985399067401886
4,0.3680388927459717,0.17958378791809082,0.19707974791526794,0.16428855061531067,0.2252330482006073,0.16192682087421417,0.1744367778301239,0.30358803272247314,0.2035343199968338,0.19620263576507568,0.1802884191274643,0.1945117712020874,0.16853763163089752,0.20374198257923126,0.3479115664958954,0.3555333912372589,0.18451336026191711,0.19084222614765167,0.25965169072151184,0.1643284410238266,0.15404760837554932,0.15452617406845093,0.19030533730983734,0.1978674978017807,0.19425100088119507,0.36904627084732056
5,0.5029581785202026,0.2061690092086792,0.2060377597808838,0.132623553276062,0.208420529961586,0.163545161485672,0.17250412702560425,0.31456559896469116,0.19978368282318115,0.16442209482192993,0.1815250664949417,0.2250295877456665,0.16538895666599274,0.18609467148780823,0.38202136754989624,0.3873206675052643,0.15974754095077515,0.21588528156280518,0.2826879620552063,0.1303759664297104,0.12205814570188522,0.12453343719244003,0.20742051303386688,0.13807059824466705,0.15958021581172943,0.3893805742263794
6,0.4890974164009094,0.19531439244747162,0.18860849738121033,0.12653848528862,0.20365235209465027,0.1509043276309967,0.16128385066986084,0.32459989190101624,0.18564364314079285,0.159832164645195,0.17747284471988678,0.21466723084449768,0.16450995206832886,0.19214871525764465,0.4035794138908386,0.4059099555015564,0.15670187771320343,0.20547538995742798,0.29372745752334595,0.12905922532081604,0.12099066376686096,0.12357395887374878,0.20570790767669678,0.13402694463729858,0.15449559688568115,0.4086955487728119
7,0.32759031653404236,0.20642763376235962,0.16872157156467438,0.18357612192630768,0.22651895880699158,0.14102803170681,0.14071232080459595,0.2872087061405182,0.164481520652771,0.22398555278778076,0.21450676023960114,0.1872204840183258,0.18580614030361176,0.25977087020874023,0.38079917430877686,0.37867221236228943,0.17814567685127258,0.1612027883529663,0.30030184984207153,0.20210185647010803,0.19794364273548126,0.17047268152236938,0.18614082038402557,0.18132223188877106,0.17408528923988342,0.37444007396698
8,0.49505457282066345,0.2095913290977478,0.16732612252235413,0.12805739045143127,0.20754678547382355,0.13226068019866943,0.1425304263830185,0.3288884460926056,0.16533273458480835,0.16438515484333038,0.17834624648094177,0.1985282301902771,0.16884759068489075,0.20060890913009644,0.4090598225593567,0.40833723545074463,0.14871643483638763,0.17756763100624084,0.3198767304420471,0.13913945853710175,0.12860317528247833,0.1300176978111267,0.18914468586444855,0.13447880744934082,0.1546453982591629,0.411894828081131
9,0.45011788606643677,0.2396150529384613,0.16915956139564514,0.21213193237781525,0.29353219270706177,0.15205447375774384,0.1607854664325714,0.42618727684020996,0.19639158248901367,0.28379592299461365,0.19052770733833313,0.21467524766921997,0.19390380382537842,0.25243014097213745,0.40969914197921753,0.3861847519874573,0.1766795516014099,0.18297536671161652,0.301827609539032,0.17077010869979858,0.1800680160522461,0.16786335408687592,0.18849876523017883,0.1714596301317215,0.17664848268032074,0.33481600880622864
10,0.40349000692367554,0.21268941462039948,0.1907767653465271,0.18560470640659332,0.27374953031539917,0.16082355380058289,0.16571401059627533,0.35848063230514526,0.18029943108558655,0.21081718802452087,0.17209675908088684,0.19383789598941803,0.1504054069519043,0.22978192567825317,0.3381081521511078,0.3494426906108856,0.17219290137290955,0.20128192007541656,0.33869045972824097,0.20271515846252441,0.16036386787891388,0.1312175840139389,0.19529497623443604,0.17266319692134857,0.18765109777450562,0.40843409299850464
11,0.4796188771724701,0.22409695386886597,0.19781553745269775,0.13418644666671753,0.24035869538784027,0.1550065279006958,0.16523471474647522,0.3399990200996399,0.1897352784872055,0.18015679717063904,0.19046035408973694,0.20397666096687317,0.1452789604663849,0.19221165776252747,0.3608438968658447,0.3674640953540802,0.14689047634601593,0.1987587809562683,0.30352428555488586,0.1498769074678421,0.13757243752479553,0.12045164406299591,0.19217585027217865,0.13141492009162903,0.15130449831485748,0.3555543124675751
12,0.5418963432312012,0.20843318104743958,0.20238438248634338,0.1702534258365631,0.3364057242870331,0.17325781285762787,0.17352089285850525,0.4169454574584961,0.19841700792312622,0.20679627358913422,0.1875726580619812,0.20577965676784515,0.14875087141990662,0.20412889122962952,0.39661905169487,0.40898406505584717,0.14726270735263824,0.20445625483989716,0.33188116550445557,0.15499527752399445,0.1405791938304901,0.12688782811164856,0.20211775600910187,0.13525168597698212,0.1498868316411972,0.3444613218307495
13,0.30880117416381836,0.20302225649356842,0.2118617445230484,0.17077720165252686,0.25464439392089844,0.16301964223384857,0.16420383751392365,0.28713011741638184,0.18770283460617065,0.20911630988121033,0.19105613231658936,0.18879693746566772,0.13798244297504425,0.17624682188034058,0.2809385359287262,0.27651989459991455,0.1446075737476349,0.1855962574481964,0.23480519652366638,0.14921019971370697,0.17941664159297943,0.1440829336643219,0.20064105093479156,0.1551617830991745,0.1618242710828781,0.3152979016304016
14,0.29329168796539307,0.18435120582580566,0.15871691703796387,0.17568714916706085,0.23706024885177612,0.14694179594516754,0.14603140950202942,0.32008564472198486,0.17597812414169312,0.2374824434518814,0.2407318353652954,0.2054779976606369,0.17143522202968597,0.2644849717617035,0.3697403073310852,0.36160898208618164,0.15320627391338348,0.1605682075023651,0.30832135677337646,0.22434671223163605,0.20188008248806,0.17135126888751984,0.1893104463815689,0.1767623871564865,0.20520278811454773,0.3835914134979248
15,0.28223422169685364,0.18273486196994781,0.15403546392917633,0.1660202145576477,0.2097441554069519,0.14082001149654388,0.14190390706062317,0.3105473518371582,0.17278052866458893,0.22654466331005096,0.23739254474639893,0.2000034898519516,0.17968155443668365,0.2595418393611908,0.3818575143814087,0.3736495077610016,0.15228551626205444,0.15503516793251038,0.30320650339126587,0.21108870208263397,0.19073863327503204,0.1759190857410431,0.19104065001010895,0.18290366232395172,0.20668646693229675,0.39014503359794617
16,0.39987727999687195,0.15287034213542938,0.14515595138072968,0.12184113264083862,0.24092525243759155,0.1266469806432724,0.14038768410682678,0.31363025307655334,0.1671583652496338,0.16787514090538025,0.19077560305595398,0.1842689961194992,0.17569907009601593,0.18629375100135803,0.3653966784477234,0.34676826000213623,0.13467708230018616,0.18261218070983887,0.29718130826950073,0.15746274590492249,0.15648216009140015,0.1657421886920929,0.24703148007392883,0.16276340186595917,0.17375773191452026,0.3655247092247009
17,0.3538762927055359,0.19421766698360443,0.17452964186668396,0.11150598526000977,0.17528238892555237,0.13908086717128754,0.15338550508022308,0.31626051664352417,0.18470261991024017,0.15120376646518707,0.18834665417671204,0.19981668889522552,0.17007894814014435,0.19429560005664825,0.3986484110355377,0.3905063271522522,0.1398804485797882,0.1702183336019516,0.26740947365760803,0.1288316547870636,0.11121605336666107,0.13043199479579926,0.19559207558631897,0.14331431686878204,0.17235678434371948,0.37450721859931946
18,0.23839379847049713,0.1999034583568573,0.1804693341255188,0.1528657078742981,0.19435039162635803,0.1461617797613144,0.15131810307502747,0.2752928137779236,0.17762261629104614,0.19691327214241028,0.21683526039123535,0.17830762267112732,0.18090906739234924,0.2340276688337326,0.35184672474861145,0.3465266823768616,0.17023079097270966,0.14491264522075653,0.22923752665519714,0.16889753937721252,0.15893736481666565,0.16115523874759674,0.17313215136528015,0.18159978091716766,0.18619109690189362,0.2999213933944702
19,0.2690829038619995,0.2075871378183365,0.23497530817985535,0.14737895131111145,0.20106935501098633,0.1504358947277069,0.1548660695552826,0.21436527371406555,0.1713251769542694,0.16811038553714752,0.16623397171497345,0.1539178490638733,0.15640032291412354,0.14201492071151733,0.2413090616464615,0.23874282836914062,0.14264516532421112,0.14628589153289795,0.16721738874912262,0.10289358347654343,0.13114897906780243,0.13600900769233704,0.1678936779499054,0.1518172323703766,0.1727871298789978,0.2616364657878876
20,0.38374191522598267,0.2326667308807373,0.18907372653484344,0.20296716690063477,0.30624282360076904,0.16785526275634766,0.1779508739709854,0.3935832381248474,0.20975659787654877,0.25843629240989685,0.20225955545902252,0.20739325881004333,0.1987469494342804,0.2092341035604477,0.3786282539367676,0.3546850383281708,0.15849347412586212,0.1804053783416748,0.24890746176242828,0.13645081222057343,0.14756914973258972,0.1522923707962036,0.1862989068031311,0.16522178053855896,0.19823066890239716,0.3063013553619385
21,0.5233603715896606,0.22037701308727264,0.2148815244436264,0.1630682647228241,0.30294376611709595,0.1615053415298462,0.1649886667728424,0.3344930410385132,0.18746984004974365,0.19164781272411346,0.18444842100143433,0.1894892305135727,0.17024549841880798,0.15458130836486816,0.3724423944950104,0.36604249477386475,0.12390018999576569,0.17180980741977692,0.27717283368110657,0.09766741096973419,0.1059470921754837,0.1194591075181961,0.17211218178272247,0.127411887049675,0.16746239364147186,0.3758617341518402
22,0.46953505277633667,0.25144249200820923,0.20640917122364044,0.12493401765823364,0.19599026441574097,0.14545053243637085,0.15608301758766174,0.27745121717453003,0.17846550047397614,0.16042546927928925,0.17774014174938202,0.18822160363197327,0.15514421463012695,0.13659939169883728,0.32758089900016785,0.3168103098869324,0.11087940633296967,0.16945406794548035,0.2582021653652191,0.09354747086763382,0.10064412653446198,0.10978951305150986,0.16952377557754517,0.11202119290828705,0.1543048620223999,0.41261518001556396
23,0.5415291786193848,0.1875704824924469,0.1805347353219986,0.13224831223487854,0.24655002355575562,0.1330084353685379,0.1505773961544037,0.2586747705936432,0.1694152057170868,0.16047146916389465,0.15632769465446472,0.16249564290046692,0.15390366315841675,0.1251300424337387,0.2899788022041321,0.27850186824798584,0.11601155251264572,0.182433620095253,0.25706586241722107,0.11706724762916565,0.13424941897392273,0.13826335966587067,0.20761063694953918,0.13213840126991272,0.14619997143745422,0.3611293435096741
24,0.45020943880081177,0.20941665768623352,0.2150833010673523,0.15203291177749634,0.21633926033973694,0.15817879140377045,0.17078907787799835,0.3146916627883911,0.19571952521800995,0.18563151359558105,0.1807783544063568,0.20405548810958862,0.1670670062303543,0.1860010325908661,0.35212671756744385,0.3445570468902588,0.12740400433540344,0.2111356109380722,0.2794562876224518,0.1328902244567871,0.13713213801383972,0.13365793228149414,0.2086462676525116,0.1299934834241867,0.1482142210006714,0.3969196677207947
25,0.26641666889190674,0.24536098539829254,0.19849905371665955,0.18463805317878723,0.2128532975912094,0.1471942663192749,0.15805694460868835,0.2571150064468384,0.20109465718269348,0.22382813692092896,0.19961056113243103,0.19418378174304962,0.17559343576431274,0.19636477530002594,0.3194195628166199,0.31952887773513794,0.14875219762325287,0.17240871489048004,0.25318217277526855,0.16234666109085083,0.18609578907489777,0.16652685403823853,0.17560337483882904,0.15293221175670624,0.15404188632965088,0.32002153992652893
sum,10.288653373718262,5.417526721954346,4.908616542816162,4.285830020904541,6.26474666595459,4.005488872528076,4.198841094970703,8.318306922912598,4.938736915588379,5.476591110229492,5.053524017333984,5.227879047393799,4.514998435974121,5.356502532958984,9.248724937438965,9.131257057189941,4.123613357543945,4.799006938934326,7.231590270996094,4.129195213317871,4.1224589347839355,3.9217419624328613,5.092955112457275,4.175422191619873,4.554173946380615,9.164324760437012
posi,1.0,2.0,3.0,4.0,5.0,6.0,7.0,8.0,9.0,10.0,11.0,12.0,13.0,14.0,15.0,16.0,17.0,18.0,19.0,20.0,21.0,22.0,23.0,24.0,25.0,26.0
contrib,0.069541089631869,0.03661710601669542,0.03317737808568931,0.0289679590520569,0.04234347232757989,0.02707313101007541,0.028380000212778905,0.05622350236711373,0.03338096192378892,0.0370163226847956,0.03415680885352068,0.03533527588246432,0.030516910184365056,0.03620464304000706,0.06251220509555454,0.06171823876268829,0.02787153533976061,0.03243652590502092,0.04887837591077759,0.027909263147140952,0.027863732587183488,0.026507084981525153,0.034423323937725576,0.02822171165956938,0.030781697769445074,0.06194174363080822
