,F,F,S,A,S,C,V,P,G,A,D,K,G,Q,F,P,N,L,C,R,L,C,A,G,T,G,E,N,K,C,A
0,0.2647700011730194,0.2657299339771271,0.18940359354019165,0.16067348420619965,0.18833628296852112,0.2589949071407318,0.16579017043113708,0.2940043807029724,0.4234647750854492,0.22955553233623505,0.2336840033531189,0.1691739559173584,0.2839204967021942,0.1544957458972931,0.2869760990142822,0.20425769686698914,0.15702389180660248,0.16085778176784515,0.23380504548549652,0.15840771794319153,0.17355167865753174,0.22881701588630676,0.18410268425941467,0.2563590109348297,0.17173314094543457,0.2728221118450165,0.21469447016716003,0.1622023582458496,0.15665876865386963,0.20998287200927734,0.16245760023593903
1,0.2862229645252228,0.29262617230415344,0.20545734465122223,0.16773273050785065,0.20108115673065186,0.25877997279167175,0.16514942049980164,0.28522735834121704,0.4206443727016449,0.22544455528259277,0.2291167676448822,0.17579688131809235,0.27448442578315735,0.15838022530078888,0.29228073358535767,0.19917452335357666,0.15722477436065674,0.16612225770950317,0.22715723514556885,0.1574304848909378,0.1768418550491333,0.22346819937229156,0.1802019625902176,0.2557107210159302,0.16448214650154114,0.2724694609642029,0.2171955555677414,0.1623748540878296,0.16879887878894806,0.20972423255443573,0.16214850544929504
2,0.29512202739715576,0.2856558859348297,0.21432197093963623,0.14598682522773743,0.18187744915485382,0.292524516582489,0.1438078135251999,0.16935336589813232,0.3132597506046295,0.2059999406337738,0.28049591183662415,0.19444990158081055,0.2880127429962158,0.18093666434288025,0.35721033811569214,0.21533851325511932,0.19332118332386017,0.17807917296886444,0.28403812646865845,0.1361500471830368,0.1642359346151352,0.2751511037349701,0.15983547270298004,0.2250261902809143,0.155734583735466,0.229830801486969,0.24647562205791473,0.1903749704360962,0.1729164570569992,0.2746514081954956,0.13058902323246002
3,0.2520139813423157,0.24692542850971222,0.18760108947753906,0.11561329662799835,0.1629311889410019,0.31813105940818787,0.13767090439796448,0.1679793894290924,0.3141971230506897,0.16548967361450195,0.24554044008255005,0.19675515592098236,0.33579009771347046,0.20194438099861145,0.30620259046554565,0.19251376390457153,0.21785688400268555,0.1567070633172989,0.33440080285072327,0.1349494606256485,0.15668387711048126,0.3335157334804535,0.13870786130428314,0.23459750413894653,0.15419866144657135,0.24383874237537384,0.2619723081588745,0.23051181435585022,0.19474558532238007,0.3507225215435028,0.10917844623327255
4,0.27135154604911804,0.2554866671562195,0.23064720630645752,0.12840409576892853,0.18437694013118744,0.3026830852031708,0.13647852838039398,0.1429903507232666,0.25729304552078247,0.16469961404800415,0.2866731584072113,0.1716894805431366,0.28348252177238464,0.19241295754909515,0.29805049300193787,0.2126675546169281,0.19030067324638367,0.1745206117630005,0.28273046016693115,0.11777295917272568,0.14773087203502655,0.2800246477127075,0.13762474060058594,0.21106433868408203,0.15915772318840027,0.23004458844661713,0.2462892234325409,0.19727890193462372,0.16713792085647583,0.3121814429759979,0.1220025047659874
5,0.23310498893260956,0.23218484222888947,0.2068241834640503,0.1422479748725891,0.18273690342903137,0.2759000062942505,0.1420077532529831,0.19197984039783478,0.24696290493011475,0.1688670516014099,0.25830402970314026,0.15420609712600708,0.24727140367031097,0.20323589444160461,0.2685438096523285,0.2284824252128601,0.2478349506855011,0.1906833052635193,0.27347055077552795,0.14546740055084229,0.16409362852573395,0.28351378440856934,0.16495689749717712,0.2522278428077698,0.21971763670444489,0.24955104291439056,0.2340213805437088,0.2475401759147644,0.15495902299880981,0.2754414677619934,0.1333228349685669
6,0.2677898705005646,0.2609754502773285,0.21273311972618103,0.1316342055797577,0.1734985113143921,0.24764548242092133,0.12806713581085205,0.16991464793682098,0.2719202935695648,0.15142926573753357,0.21731534600257874,0.13192157447338104,0.29367494583129883,0.1550656408071518,0.27391576766967773,0.21712426841259003,0.1693670004606247,0.1634741574525833,0.2419949620962143,0.1240105926990509,0.14924685657024384,0.24014398455619812,0.1532706916332245,0.24590004980564117,0.16627144813537598,0.26507464051246643,0.2600833475589752,0.17339378595352173,0.13922546803951263,0.22973749041557312,0.13880549371242523
7,0.273998886346817,0.28625980019569397,0.17648737132549286,0.12481246143579483,0.16203884780406952,0.3559974133968353,0.13059669733047485,0.2363625466823578,0.36908167600631714,0.17194226384162903,0.2730361223220825,0.17346404492855072,0.3332419693470001,0.19440874457359314,0.3125516176223755,0.24177098274230957,0.2288941890001297,0.14824487268924713,0.3011188805103302,0.13970886170864105,0.1358117163181305,0.326865017414093,0.15558436512947083,0.26485946774482727,0.1424032598733902,0.27151501178741455,0.256996750831604,0.1891370713710785,0.16088122129440308,0.2987557053565979,0.12125381082296371
8,0.30467820167541504,0.3109155297279358,0.1560773402452469,0.11855600029230118,0.12177366018295288,0.2721731662750244,0.11494766175746918,0.15394596755504608,0.27940136194229126,0.14930251240730286,0.19341138005256653,0.14035123586654663,0.26256710290908813,0.16369347274303436,0.2978329658508301,0.1880776435136795,0.20816421508789062,0.13620144128799438,0.2919980585575104,0.14042840898036957,0.13833361864089966,0.3203282356262207,0.15501569211483002,0.2555134892463684,0.17442107200622559,0.2826647460460663,0.282026469707489,0.23169414699077606,0.1643359214067459,0.3175877630710602,0.1529340147972107
9,0.218656525015831,0.21309103071689606,0.16099725663661957,0.10942092537879944,0.12853816151618958,0.3206135630607605,0.12599320709705353,0.15985286235809326,0.2933642566204071,0.14420457184314728,0.21936742961406708,0.16753199696540833,0.3087638020515442,0.22682040929794312,0.2609046995639801,0.179499089717865,0.22220557928085327,0.14628951251506805,0.3730926811695099,0.12518256902694702,0.14859391748905182,0.38706275820732117,0.13448312878608704,0.23437342047691345,0.1561056226491928,0.2530730068683624,0.2754339575767517,0.2294977307319641,0.153585746884346,0.39908862113952637,0.12296052277088165
10,0.2438386082649231,0.2402176856994629,0.20085833966732025,0.11917506903409958,0.1772841513156891,0.3026743233203888,0.15352390706539154,0.21114672720432281,0.31525805592536926,0.17665189504623413,0.23179608583450317,0.1518460363149643,0.2732417583465576,0.17920610308647156,0.2700316607952118,0.21597820520401,0.2422609031200409,0.16932739317417145,0.33494284749031067,0.14611628651618958,0.16084188222885132,0.3578050434589386,0.16282102465629578,0.26874321699142456,0.20630034804344177,0.2709052264690399,0.260990709066391,0.25634390115737915,0.13806785643100739,0.27178525924682617,0.13176892697811127
11,0.2707371711730957,0.2520860731601715,0.24376271665096283,0.13190041482448578,0.20064716041088104,0.326106458902359,0.13774976134300232,0.17135190963745117,0.34459301829338074,0.16755136847496033,0.2321700006723404,0.14789637923240662,0.34486860036849976,0.1847967505455017,0.265224426984787,0.21152977645397186,0.24002237617969513,0.15129375457763672,0.30409151315689087,0.1129828691482544,0.1327306479215622,0.29041004180908203,0.15292403101921082,0.2692163288593292,0.17358969151973724,0.25861698389053345,0.2539394199848175,0.23205667734146118,0.1429416537284851,0.27839961647987366,0.127091646194458
12,0.28257185220718384,0.3067464530467987,0.1837887018918991,0.12718474864959717,0.14962387084960938,0.2714689075946808,0.148049458861351,0.1689569354057312,0.37964892387390137,0.17380617558956146,0.17110352218151093,0.13517166674137115,0.2721896767616272,0.1438106894493103,0.2896561026573181,0.18107011914253235,0.21208421885967255,0.13815730810165405,0.28305768966674805,0.14039351046085358,0.13775672018527985,0.2938621938228607,0.16173122823238373,0.256243497133255,0.18617704510688782,0.2868834137916565,0.25497084856033325,0.2513517141342163,0.157401442527771,0.25942888855934143,0.16186290979385376
13,0.2543748915195465,0.24372442066669464,0.22745493054389954,0.11213566362857819,0.18043597042560577,0.3187471032142639,0.13879001140594482,0.16145595908164978,0.4659097492694855,0.16102178394794464,0.24303913116455078,0.17051184177398682,0.3764396905899048,0.18572255969047546,0.276639461517334,0.18752318620681763,0.23661400377750397,0.12698936462402344,0.3197358548641205,0.12310469895601273,0.11387109011411667,0.35025086998939514,0.16463951766490936,0.3436763882637024,0.16167303919792175,0.34110692143440247,0.26182982325553894,0.22750771045684814,0.1516008824110031,0.2787405848503113,0.11197353154420853
14,0.1953754723072052,0.20801010727882385,0.1715731918811798,0.1435282826423645,0.1664549559354782,0.3012523055076599,0.13915801048278809,0.20316369831562042,0.3479923903942108,0.18385925889015198,0.20389004051685333,0.16068710386753082,0.2651757001876831,0.18232260644435883,0.2117375284433365,0.155082106590271,0.1540030837059021,0.151426762342453,0.26902446150779724,0.11269925534725189,0.15463803708553314,0.28042036294937134,0.17048443853855133,0.27316027879714966,0.19064810872077942,0.305386483669281,0.2824779748916626,0.18782608211040497,0.1540684849023819,0.2689749002456665,0.15404853224754333
15,0.2256636768579483,0.23756934702396393,0.15874451398849487,0.1445046067237854,0.15133793652057648,0.3721280097961426,0.13785895705223083,0.22764694690704346,0.38698482513427734,0.22220125794410706,0.26521381735801697,0.18794628977775574,0.33499792218208313,0.19477513432502747,0.2726393938064575,0.20860736072063446,0.22246584296226501,0.14753805100917816,0.311711847782135,0.1269584447145462,0.1413208246231079,0.3550078272819519,0.19131985306739807,0.26593029499053955,0.15286920964717865,0.2531251013278961,0.2926277220249176,0.22051236033439636,0.15486563742160797,0.3221140205860138,0.12868745625019073
16,0.20359531044960022,0.2093556523323059,0.18632254004478455,0.14255546033382416,0.14274859428405762,0.21577070653438568,0.13923662900924683,0.1633020043373108,0.2305862456560135,0.18695636093616486,0.17682267725467682,0.14573532342910767,0.2209901362657547,0.16931793093681335,0.20166008174419403,0.17209090292453766,0.16630002856254578,0.15512895584106445,0.21545135974884033,0.12398930639028549,0.15433742105960846,0.24786819517612457,0.18767620623111725,0.23704011738300323,0.19455699622631073,0.25748974084854126,0.29755693674087524,0.2234269678592682,0.16239377856254578,0.28406012058258057,0.177262082695961
17,0.1840575635433197,0.17650951445102692,0.15294717252254486,0.1274871528148651,0.12275613844394684,0.21294966340065002,0.13508234918117523,0.14340603351593018,0.24188199639320374,0.1728588491678238,0.20497840642929077,0.20553895831108093,0.26605236530303955,0.21101228892803192,0.2298928052186966,0.17614465951919556,0.20283640921115875,0.14298273622989655,0.25716423988342285,0.14986352622509003,0.143205925822258,0.3067748248577118,0.1830211877822876,0.2473999559879303,0.1694919615983963,0.27738848328590393,0.31607019901275635,0.22238335013389587,0.17504416406154633,0.2687903046607971,0.13344496488571167
18,0.19509491324424744,0.20381325483322144,0.1736106127500534,0.1575891524553299,0.14581169188022614,0.23267462849617004,0.16243769228458405,0.1649579256772995,0.2441595494747162,0.20279715955257416,0.2024318128824234,0.1727151870727539,0.24743391573429108,0.1993074119091034,0.2373495250940323,0.19067750871181488,0.22172541916370392,0.17180529236793518,0.22514702379703522,0.13932295143604279,0.1650855839252472,0.2638053596019745,0.19051486253738403,0.24131961166858673,0.20457009971141815,0.24777300655841827,0.23594799637794495,0.24018019437789917,0.17788036167621613,0.2637636661529541,0.16244974732398987
19,0.22563166916370392,0.20010784268379211,0.1798064112663269,0.14030425250530243,0.1344168782234192,0.21407929062843323,0.13244573771953583,0.15427225828170776,0.3695129156112671,0.18113470077514648,0.17475932836532593,0.1790568232536316,0.3491949439048767,0.16179567575454712,0.2008642554283142,0.15880854427814484,0.13958139717578888,0.11736264079809189,0.2362629920244217,0.11334259063005447,0.11913703382015228,0.3208931088447571,0.17136776447296143,0.2812919020652771,0.14762015640735626,0.2828104794025421,0.23908017575740814,0.15178829431533813,0.1436329185962677,0.3322005271911621,0.1471174657344818
20,0.1989954710006714,0.19011658430099487,0.17934530973434448,0.1247948482632637,0.137620747089386,0.20281106233596802,0.13732591271400452,0.14693771302700043,0.2790934443473816,0.16260206699371338,0.19429990649223328,0.20864105224609375,0.2672806680202484,0.19525928795337677,0.2188667356967926,0.16283152997493744,0.1685839146375656,0.12166670709848404,0.24666465818881989,0.13173715770244598,0.12318269908428192,0.29882749915122986,0.16586023569107056,0.23437947034835815,0.16339734196662903,0.2783770263195038,0.28030818700790405,0.20372897386550903,0.1944635510444641,0.27243319153785706,0.1439599245786667
21,0.21763166785240173,0.22102543711662292,0.2108909785747528,0.1684986799955368,0.1710580587387085,0.21818579733371735,0.1540483981370926,0.16322852671146393,0.25362324714660645,0.1958368718624115,0.20412807166576385,0.1800391972064972,0.23385487496852875,0.18709632754325867,0.2086964249610901,0.1644357293844223,0.158283069729805,0.160366490483284,0.2282593548297882,0.12018223106861115,0.15230178833007812,0.27687689661979675,0.16535431146621704,0.20609253644943237,0.19902685284614563,0.23758603632450104,0.23957514762878418,0.2158927470445633,0.19068118929862976,0.29575154185295105,0.17229343950748444
22,0.2261573225259781,0.22635264694690704,0.192611426115036,0.12996289134025574,0.13864487409591675,0.27137672901153564,0.1340111941099167,0.14394615590572357,0.27055788040161133,0.1621796190738678,0.18308953940868378,0.16143622994422913,0.2714937925338745,0.19521161913871765,0.20907315611839294,0.15261125564575195,0.13971027731895447,0.12776708602905273,0.3098718225955963,0.09629753977060318,0.12197951972484589,0.38017481565475464,0.12847210466861725,0.18255111575126648,0.16095507144927979,0.221848726272583,0.27750131487846375,0.20211675763130188,0.16771911084651947,0.418885737657547,0.14580072462558746
23,0.2971212565898895,0.31541597843170166,0.19251210987567902,0.15605388581752777,0.1319834589958191,0.2272692173719406,0.12690883874893188,0.1520320177078247,0.2667599022388458,0.18320545554161072,0.14957061409950256,0.12946926057338715,0.21924550831317902,0.1350679099559784,0.24308228492736816,0.1611492782831192,0.13808229565620422,0.12787261605262756,0.24864813685417175,0.109347403049469,0.12854216992855072,0.2862533628940582,0.1475600302219391,0.1763491928577423,0.16835543513298035,0.23799413442611694,0.2549389600753784,0.21888837218284607,0.1647135615348816,0.31988754868507385,0.18815669417381287
24,0.23504438996315002,0.24134176969528198,0.21017001569271088,0.14301449060440063,0.16666404902935028,0.2634332776069641,0.15845932066440582,0.21972396969795227,0.30500179529190063,0.16867493093013763,0.20577877759933472,0.14715981483459473,0.2259444296360016,0.14564985036849976,0.2194247841835022,0.1891753226518631,0.19218967854976654,0.14405979216098785,0.2978103756904602,0.119796983897686,0.1313648521900177,0.29617178440093994,0.14642265439033508,0.1907036155462265,0.16519829630851746,0.245167076587677,0.28019818663597107,0.24300900101661682,0.1749504804611206,0.30252188444137573,0.14112763106822968
25,0.28109195828437805,0.30987030267715454,0.18182745575904846,0.14563845098018646,0.1300942450761795,0.22639162838459015,0.12806762754917145,0.16769585013389587,0.31259047985076904,0.18491211533546448,0.15904784202575684,0.12487798929214478,0.22413881123065948,0.13148722052574158,0.27768126130104065,0.1777988076210022,0.15829990804195404,0.13349632918834686,0.26438990235328674,0.12315376847982407,0.13749893009662628,0.29136839509010315,0.155685693025589,0.189781054854393,0.16470074653625488,0.2464328557252884,0.257282555103302,0.22932475805282593,0.1690112203359604,0.29414525628089905,0.17600400745868683
26,0.25807830691337585,0.2683786451816559,0.2154007852077484,0.1475144773721695,0.15642455220222473,0.23714962601661682,0.13933905959129333,0.177737757563591,0.29305559396743774,0.17515365779399872,0.20749469101428986,0.15830199420452118,0.24696236848831177,0.17865107953548431,0.2409755289554596,0.1850430816411972,0.15684874355793,0.14684268832206726,0.27779528498649597,0.124883271753788,0.14952519536018372,0.3103347718715668,0.15925748646259308,0.21219667792320251,0.16184866428375244,0.24501870572566986,0.2751561999320984,0.18696855008602142,0.15784621238708496,0.287416011095047,0.1385725736618042
27,0.26689082384109497,0.275258332490921,0.2311793863773346,0.17199170589447021,0.15965580940246582,0.1928689330816269,0.1272582858800888,0.16373439133167267,0.24524450302124023,0.17991463840007782,0.17406649887561798,0.12604562938213348,0.21156573295593262,0.15132415294647217,0.21164751052856445,0.1761973798274994,0.13133367896080017,0.15532782673835754,0.21093972027301788,0.10852693766355515,0.14898070693016052,0.23403164744377136,0.15599170327186584,0.18741922080516815,0.1628153771162033,0.22658805549144745,0.24608319997787476,0.20708715915679932,0.16742518544197083,0.2805466055870056,0.18570569157600403
28,0.29522138833999634,0.28061094880104065,0.22814980149269104,0.13982124626636505,0.17137642204761505,0.2799164652824402,0.11686646193265915,0.13613325357437134,0.2827927768230438,0.17451965808868408,0.24859781563282013,0.1391487717628479,0.34847670793533325,0.17718642950057983,0.26764482259750366,0.20081757009029388,0.18824204802513123,0.1456054300069809,0.3016599416732788,0.08975399285554886,0.11996741592884064,0.32370737195014954,0.13505463302135468,0.22978657484054565,0.15730826556682587,0.24532128870487213,0.2745266258716583,0.2153966873884201,0.14185774326324463,0.3432692885398865,0.1283283680677414
29,0.2236909568309784,0.23204657435417175,0.20297294855117798,0.1575694978237152,0.16792011260986328,0.2299215942621231,0.1343606859445572,0.15384405851364136,0.23885983228683472,0.18474040925502777,0.256137490272522,0.14740316569805145,0.26355695724487305,0.19390861690044403,0.2262604683637619,0.1891741156578064,0.1937664896249771,0.1828531175851822,0.26507309079170227,0.11057019233703613,0.15542148053646088,0.32805901765823364,0.1529082953929901,0.2064174860715866,0.19311080873012543,0.2323848009109497,0.2360984981060028,0.25920185446739197,0.1612148880958557,0.31897056102752686,0.15528914332389832
30,0.23744520545005798,0.22233864665031433,0.17161235213279724,0.10642176121473312,0.13440173864364624,0.2996874153614044,0.11871658265590668,0.1325262188911438,0.2778445780277252,0.1472264677286148,0.2516755759716034,0.14311335980892181,0.33872923254966736,0.20610982179641724,0.27927160263061523,0.18872959911823273,0.1829075962305069,0.14186453819274902,0.33914023637771606,0.09333827346563339,0.12960578501224518,0.4103928208351135,0.11524569243192673,0.18571746349334717,0.16081607341766357,0.22528013586997986,0.26697298884391785,0.21453647315502167,0.13717366755008698,0.414213091135025,0.11714324355125427
sum,7.686019420623779,7.710747241973877,6.0360918045043945,4.282729148864746,4.924550533294678,8.320306777954102,4.2902045249938965,5.498810768127441,9.541542053222656,5.524739742279053,6.777035713195801,4.998082637786865,8.713042259216309,5.540413856506348,8.012788772583008,5.884382724761963,5.8383355140686035,4.680915832519531,8.590649604797363,3.895869493484497,4.476419448852539,9.402186393737793,4.928096771240234,7.321047306060791,5.3092546463012695,7.9943695068359375,8.07932186126709,6.623534679412842,5.018198490142822,9.254172325134277,4.483741283416748
posi,1.0,2.0,3.0,4.0,5.0,6.0,7.0,8.0,9.0,10.0,11.0,12.0,13.0,14.0,15.0,16.0,17.0,18.0,19.0,20.0,21.0,22.0,23.0,24.0,25.0,26.0,27.0,28.0,29.0,30.0,31.0
contrib,0.038499858628050186,0.0386237221748432,0.03023524511475817,0.02145251758421146,0.02466744994552033,0.041677052471881915,0.021489962314495587,0.027543963345609813,0.04779431329004564,0.02767384355857529,0.033946689774836704,0.02503577787609723,0.0436442945095799,0.027752356394524093,0.04013667128307063,0.02947532274102558,0.02924466874382731,0.023447065111263796,0.04303122035059491,0.019514708007375,0.022422727098273483,0.047096270142406735,0.024685213322385994,0.03667168541576923,0.02659446224588493,0.04004440777338031,0.040469940608614016,0.03317779136637759,0.0251365397177612,0.0463548563618343,0.022459402727125478
