,G,G,Y,Y,C,P,F,F,Q,D,K,C,H,R,H,C,R,S,F,G,R,K,A,G,Y,C,G,G,F,L,K,K,T,C,I,C,V,M,K
0,0.22548921406269073,0.2191295027732849,0.13908891379833221,0.1342485249042511,0.2095503807067871,0.16909898817539215,0.32778042554855347,0.3887229561805725,0.13901309669017792,0.21008411049842834,0.17033682763576508,0.2599194049835205,0.16751275956630707,0.18379093706607819,0.18343837559223175,0.30432015657424927,0.1785224825143814,0.161849245429039,0.30458560585975647,0.21393582224845886,0.19215749204158783,0.17718873918056488,0.17861977219581604,0.24890533089637756,0.17830033600330353,0.28310155868530273,0.24150913953781128,0.2207205444574356,0.2682640850543976,0.13704310357570648,0.15430276095867157,0.15093542635440826,0.12920677661895752,0.18389202654361725,0.12574680149555206,0.159749373793602,0.1135060265660286,0.23265759646892548,0.11366251856088638
1,0.22727522253990173,0.22504733502864838,0.1512463241815567,0.14561739563941956,0.21685416996479034,0.16897371411323547,0.3313339352607727,0.385737806558609,0.1410371959209442,0.20781336724758148,0.1794649362564087,0.2533978223800659,0.17111307382583618,0.18411502242088318,0.18550388514995575,0.2862228751182556,0.18454688787460327,0.16525784134864807,0.31196585297584534,0.21414819359779358,0.19018161296844482,0.18466220796108246,0.17700634896755219,0.2503781318664551,0.18123987317085266,0.2675991356372833,0.24576586484909058,0.23159895837306976,0.2765459418296814,0.135709747672081,0.15955491364002228,0.1547040045261383,0.12644261121749878,0.1802360564470291,0.12895332276821136,0.15716136991977692,0.11132943630218506,0.23542457818984985,0.11494408547878265
2,0.37849923968315125,0.345035195350647,0.1725088506937027,0.16925020515918732,0.3202088177204132,0.16401393711566925,0.2565481960773468,0.2882435917854309,0.15966862440109253,0.2757458984851837,0.20661821961402893,0.3600579500198364,0.18162375688552856,0.17648133635520935,0.17414769530296326,0.3265921175479889,0.16316965222358704,0.18243615329265594,0.22190527617931366,0.24021227657794952,0.12564708292484283,0.15883980691432953,0.14048075675964355,0.2735142111778259,0.1523303985595703,0.24454385042190552,0.21465641260147095,0.20846180617809296,0.19400393962860107,0.1231628879904747,0.1549103856086731,0.13974148035049438,0.09621165692806244,0.22224950790405273,0.13826508820056915,0.22492313385009766,0.11377301067113876,0.23863087594509125,0.10410690307617188
3,0.383296936750412,0.3433719277381897,0.1711827516555786,0.16518637537956238,0.3264023959636688,0.1540871560573578,0.22482793033123016,0.244571715593338,0.15121524035930634,0.2739717364311218,0.1951969861984253,0.36272886395454407,0.1825660914182663,0.17139296233654022,0.17891137301921844,0.3439842760562897,0.15817224979400635,0.18543341755867004,0.20598481595516205,0.2346535176038742,0.11362893134355545,0.14379730820655823,0.12695279717445374,0.26034796237945557,0.15087896585464478,0.26629355549812317,0.20918992161750793,0.20792490243911743,0.19032594561576843,0.12531453371047974,0.14986656606197357,0.13836917281150818,0.09703415632247925,0.2546798288822174,0.1465834081172943,0.25882866978645325,0.11927089095115662,0.25529298186302185,0.1115235984325409
4,0.24748435616493225,0.2393147349357605,0.19836074113845825,0.19289438426494598,0.2833700180053711,0.18580707907676697,0.20591740310192108,0.22091461718082428,0.19472463428974152,0.23784738779067993,0.17500616610050201,0.2911306619644165,0.17934486269950867,0.18111053109169006,0.1824309527873993,0.2907142639160156,0.18697059154510498,0.16953575611114502,0.22032418847084045,0.1935042142868042,0.1486556977033615,0.1478908807039261,0.1620892435312271,0.22867326438426971,0.18677586317062378,0.2873392105102539,0.22550860047340393,0.23075532913208008,0.24221785366535187,0.17877402901649475,0.13448025286197662,0.1264408379793167,0.15149609744548798,0.20339335501194,0.13541261851787567,0.2112092822790146,0.13470280170440674,0.20533111691474915,0.11375784873962402
5,0.29964756965637207,0.28426748514175415,0.17552179098129272,0.16407470405101776,0.3473970592021942,0.19706636667251587,0.23117461800575256,0.2509734332561493,0.15014073252677917,0.26373419165611267,0.17868725955486298,0.38623565435409546,0.1939833015203476,0.22130022943019867,0.19714568555355072,0.3638617694377899,0.180426687002182,0.20065712928771973,0.19355010986328125,0.1942594051361084,0.14276821911334991,0.15328380465507507,0.13469576835632324,0.2293187975883484,0.1465924233198166,0.30013784766197205,0.19716201722621918,0.17070558667182922,0.19620192050933838,0.13412903249263763,0.15559539198875427,0.14600536227226257,0.10216731578111649,0.25097841024398804,0.1418651044368744,0.24568094313144684,0.10935405641794205,0.21782246232032776,0.11089731752872467
6,0.2923210561275482,0.2734575569629669,0.16542312502861023,0.1478632688522339,0.2592734694480896,0.15741437673568726,0.17968808114528656,0.19610357284545898,0.17639312148094177,0.20999827980995178,0.12764066457748413,0.2678622305393219,0.16202795505523682,0.15323103964328766,0.17207928001880646,0.2610498070716858,0.13591253757476807,0.19041237235069275,0.1592099666595459,0.22711995244026184,0.1109980121254921,0.11094508320093155,0.12428797781467438,0.2322382926940918,0.1464957594871521,0.3086998164653778,0.2707086503505707,0.25368618965148926,0.1753932386636734,0.15139487385749817,0.1260889619588852,0.1320628970861435,0.1573682725429535,0.2930712103843689,0.1459723263978958,0.25995832681655884,0.1406843513250351,0.2139367312192917,0.1265949159860611
7,0.28834548592567444,0.2714928984642029,0.16375470161437988,0.1456703543663025,0.26218411326408386,0.15665608644485474,0.18005293607711792,0.19894275069236755,0.18193857371807098,0.2058022916316986,0.12640166282653809,0.2864828407764435,0.15827490389347076,0.15905889868736267,0.1664831042289734,0.26547709107398987,0.13453176617622375,0.177616149187088,0.1636553704738617,0.23300448060035706,0.11347122490406036,0.11413067579269409,0.13039550185203552,0.23884925246238708,0.14746272563934326,0.31328970193862915,0.2782382071018219,0.26072564721107483,0.1771550476551056,0.15290994942188263,0.1250319629907608,0.13008910417556763,0.15490444004535675,0.3077949285507202,0.14082202315330505,0.2734116315841675,0.13953083753585815,0.20563504099845886,0.12192922830581665
8,0.48805391788482666,0.38666996359825134,0.13898085057735443,0.12012197822332382,0.3134087324142456,0.11854418367147446,0.1533629298210144,0.172069251537323,0.14021813869476318,0.22121067345142365,0.1547427773475647,0.37316200137138367,0.16784043610095978,0.22685205936431885,0.19252251088619232,0.40651047229766846,0.18815064430236816,0.1585654765367508,0.17473101615905762,0.22911342978477478,0.13621369004249573,0.14148972928524017,0.14310401678085327,0.2873620390892029,0.13697528839111328,0.40317052602767944,0.2612934112548828,0.23871874809265137,0.17488619685173035,0.10919548571109772,0.11528697609901428,0.11463481187820435,0.1038639172911644,0.2758779227733612,0.10905395448207855,0.2658003866672516,0.09311842918395996,0.16118764877319336,0.10763328522443771
9,0.2682947814464569,0.24008339643478394,0.13731695711612701,0.13152986764907837,0.2927186191082001,0.1723710298538208,0.2138148993253708,0.23777742683887482,0.1726006716489792,0.2220531404018402,0.14493335783481598,0.4290545582771301,0.17435067892074585,0.18107175827026367,0.17032179236412048,0.37299445271492004,0.16784462332725525,0.15716174244880676,0.22764673829078674,0.1771066039800644,0.14381569623947144,0.13153767585754395,0.15136732161045074,0.2657163441181183,0.19040526449680328,0.4414828419685364,0.23978231847286224,0.2077837586402893,0.19495129585266113,0.13998053967952728,0.11657644063234329,0.11783726513385773,0.14910094439983368,0.2584371566772461,0.11704830825328827,0.2892571985721588,0.13558457791805267,0.19191357493400574,0.10161004215478897
10,0.36468571424484253,0.2942817807197571,0.13994410634040833,0.1296873688697815,0.3229440748691559,0.1467658132314682,0.19489295780658722,0.20715169608592987,0.1415024995803833,0.22248853743076324,0.14375214278697968,0.3647118806838989,0.1730923056602478,0.1555459201335907,0.1799854338169098,0.3617616891860962,0.14567169547080994,0.2003777027130127,0.1982879638671875,0.21371984481811523,0.11529729515314102,0.12716437876224518,0.15011568367481232,0.2663382291793823,0.15631195902824402,0.3755810260772705,0.236395925283432,0.2288379669189453,0.20571276545524597,0.14601172506809235,0.11559180915355682,0.1123751550912857,0.13024571537971497,0.250301331281662,0.1128176748752594,0.24615687131881714,0.1305457204580307,0.2213272750377655,0.09881307929754257
11,0.2747802138328552,0.26654788851737976,0.15264971554279327,0.14822423458099365,0.2574811577796936,0.18234124779701233,0.20198360085487366,0.22101722657680511,0.21017226576805115,0.21312682330608368,0.16747243702411652,0.2968173921108246,0.16754142940044403,0.18416590988636017,0.17329581081867218,0.28523942828178406,0.17110779881477356,0.16215677559375763,0.21854445338249207,0.23206637799739838,0.15086853504180908,0.16618037223815918,0.17371821403503418,0.2486664354801178,0.15966330468654633,0.28548312187194824,0.24127408862113953,0.24467359483242035,0.22975470125675201,0.18807575106620789,0.14191894233226776,0.13651221990585327,0.1755179464817047,0.20686107873916626,0.12706565856933594,0.20178337395191193,0.13693182170391083,0.2031237930059433,0.11090151965618134
12,0.2931666076183319,0.2661380469799042,0.15688611567020416,0.15256524085998535,0.2612299621105194,0.19003306329250336,0.27483633160591125,0.2945593595504761,0.17956462502479553,0.22258657217025757,0.14857500791549683,0.25969749689102173,0.15865947306156158,0.17469830811023712,0.17138497531414032,0.26523613929748535,0.16467532515525818,0.21784135699272156,0.2183554321527481,0.2333618849515915,0.14302930235862732,0.14221234619617462,0.17640869319438934,0.23000997304916382,0.15427188575267792,0.23853163421154022,0.21826516091823578,0.21500825881958008,0.21587833762168884,0.14697960019111633,0.12932071089744568,0.12311789393424988,0.1753019392490387,0.18654033541679382,0.14011095464229584,0.18232634663581848,0.12091179192066193,0.20305395126342773,0.11776721477508545
13,0.4263399839401245,0.3465511202812195,0.11783713102340698,0.10703037679195404,0.23760995268821716,0.12962503731250763,0.19200989603996277,0.21394503116607666,0.1346866488456726,0.1781366467475891,0.14375443756580353,0.34041112661361694,0.13782121241092682,0.16084405779838562,0.14859072864055634,0.28963959217071533,0.13849015533924103,0.20589709281921387,0.18719349801540375,0.3328462839126587,0.12467412650585175,0.14459103345870972,0.18485252559185028,0.31659168004989624,0.12495574355125427,0.3148649036884308,0.2615819573402405,0.23506835103034973,0.18136826157569885,0.11442891508340836,0.11820384114980698,0.11771741509437561,0.11604726314544678,0.23302166163921356,0.13213996589183807,0.23391984403133392,0.14458505809307098,0.21578946709632874,0.10783956944942474
14,0.23622581362724304,0.22272725403308868,0.14650191366672516,0.1442631185054779,0.28063690662384033,0.1759786605834961,0.2579369843006134,0.2838693857192993,0.18297292292118073,0.23057495057582855,0.15567830204963684,0.3113361895084381,0.16274501383304596,0.15875884890556335,0.1648145467042923,0.3012704849243164,0.14691591262817383,0.19713392853736877,0.21528442203998566,0.23680053651332855,0.1285996437072754,0.1497027724981308,0.19260063767433167,0.2513231635093689,0.16262339055538177,0.2845621705055237,0.227331280708313,0.22089767456054688,0.21473482251167297,0.1438690572977066,0.12794114649295807,0.12240562587976456,0.15584474802017212,0.20631998777389526,0.13513095676898956,0.20389263331890106,0.1416902095079422,0.22313159704208374,0.12111609429121017
15,0.19499610364437103,0.19269730150699615,0.1339229792356491,0.1341896951198578,0.2962469756603241,0.15444988012313843,0.189834862947464,0.20666199922561646,0.20990726351737976,0.21304869651794434,0.185126394033432,0.3706112205982208,0.17654657363891602,0.16467858850955963,0.16482745110988617,0.34615808725357056,0.14693406224250793,0.14447805285453796,0.19144096970558167,0.21774424612522125,0.1451890766620636,0.18013228476047516,0.19179078936576843,0.25455442070961,0.17933544516563416,0.35482296347618103,0.24849696457386017,0.24644075334072113,0.2249561846256256,0.17579470574855804,0.1487703025341034,0.14090023934841156,0.15116062760353088,0.2296358346939087,0.12246526777744293,0.23848071694374084,0.17367209494113922,0.23079100251197815,0.11574357748031616
16,0.32342952489852905,0.2694198191165924,0.12118714302778244,0.10934202373027802,0.22968128323554993,0.11576785892248154,0.15544764697551727,0.1689433604478836,0.13523262739181519,0.176449254155159,0.16814889013767242,0.3754706084728241,0.15406104922294617,0.15667037665843964,0.1684069186449051,0.31331953406333923,0.13019579648971558,0.16191509366035461,0.16793164610862732,0.2890220284461975,0.1301502287387848,0.1473659873008728,0.19576022028923035,0.3021584451198578,0.15432661771774292,0.32028549909591675,0.2373327761888504,0.2140713632106781,0.17633795738220215,0.12134940922260284,0.11639087647199631,0.12075313180685043,0.11590451002120972,0.26794546842575073,0.12434912472963333,0.2797602117061615,0.15955998003482819,0.2588852643966675,0.11730943620204926
17,0.213511660695076,0.19607137143611908,0.12310589849948883,0.11382212489843369,0.25246813893318176,0.10452670603990555,0.1750997006893158,0.1902136355638504,0.16121584177017212,0.22599175572395325,0.16641712188720703,0.362753301858902,0.16856294870376587,0.15662260353565216,0.1958288699388504,0.37975162267684937,0.1365138292312622,0.15956877171993256,0.15059594810009003,0.1694457232952118,0.10637302696704865,0.12869428098201752,0.15289336442947388,0.21175669133663177,0.1497424691915512,0.3508492708206177,0.24397975206375122,0.2297600507736206,0.20587128400802612,0.17967090010643005,0.12974992394447327,0.13414904475212097,0.13474798202514648,0.29285523295402527,0.10666747391223907,0.2720194160938263,0.16245365142822266,0.22903913259506226,0.12465310096740723
18,0.23996028304100037,0.23371566832065582,0.16416721045970917,0.15499213337898254,0.21292075514793396,0.141336590051651,0.18768475949764252,0.20082350075244904,0.18804721534252167,0.17870032787322998,0.17124348878860474,0.22892031073570251,0.14668665826320648,0.14536377787590027,0.16158932447433472,0.2470904439687729,0.1306704729795456,0.14846175909042358,0.1345699280500412,0.21102046966552734,0.11211597174406052,0.12877045571804047,0.1492672711610794,0.22506538033485413,0.15911652147769928,0.2519456744194031,0.28102588653564453,0.26598691940307617,0.18857228755950928,0.16287830471992493,0.1479521095752716,0.15190096199512482,0.163593128323555,0.2709379196166992,0.12306982278823853,0.22048956155776978,0.1562422662973404,0.2324957698583603,0.13765977323055267
19,0.22096644341945648,0.21586623787879944,0.13452118635177612,0.11925943940877914,0.21815189719200134,0.11948764324188232,0.22593727707862854,0.254004567861557,0.13269512355327606,0.17082004249095917,0.14639167487621307,0.24803315103054047,0.14578084647655487,0.161227285861969,0.1770104169845581,0.30172550678253174,0.1439044326543808,0.14347028732299805,0.18249014019966125,0.18764927983283997,0.12730105221271515,0.1461852788925171,0.16154992580413818,0.23873160779476166,0.16652414202690125,0.30890971422195435,0.2974787950515747,0.2879405915737152,0.22039654850959778,0.1472312957048416,0.16393060982227325,0.16674360632896423,0.16826999187469482,0.2588527500629425,0.12309180200099945,0.2079795002937317,0.11830272525548935,0.20973700284957886,0.1407819539308548
20,0.41200581192970276,0.3370856046676636,0.1498168706893921,0.13036437332630157,0.1885547786951065,0.11797277629375458,0.16141700744628906,0.17682355642318726,0.13198205828666687,0.16470839083194733,0.16136813163757324,0.27377212047576904,0.13098469376564026,0.15346111357212067,0.14792373776435852,0.2675855755805969,0.1346631944179535,0.1627255380153656,0.13388247787952423,0.264897882938385,0.11054477095603943,0.14160645008087158,0.162983700633049,0.2672036588191986,0.14493826031684875,0.2728734016418457,0.25416794419288635,0.23418472707271576,0.17036958038806915,0.11632159352302551,0.1417815387248993,0.14576619863510132,0.13166017830371857,0.3182101249694824,0.1207047626376152,0.2529183626174927,0.12590545415878296,0.2134668081998825,0.13012471795082092
21,0.3193320631980896,0.2798876464366913,0.15648257732391357,0.13551801443099976,0.27172228693962097,0.12647047638893127,0.1983530968427658,0.20868422091007233,0.1463576853275299,0.20461046695709229,0.15148523449897766,0.3192124366760254,0.14843228459358215,0.12902574241161346,0.15273748338222504,0.30367887020111084,0.11627849191427231,0.1834145337343216,0.14774209260940552,0.18500187993049622,0.08475654572248459,0.11840393394231796,0.14075304567813873,0.2486964762210846,0.16123263537883759,0.3851635158061981,0.25075796246528625,0.24402381479740143,0.1955762654542923,0.13802921772003174,0.14253786206245422,0.14434616267681122,0.1480644941329956,0.29258793592453003,0.11102553457021713,0.2660132944583893,0.1303197294473648,0.2131534218788147,0.11805541813373566
22,0.24538980424404144,0.23384989798069,0.13916830718517303,0.12197311222553253,0.24458996951580048,0.11662329733371735,0.18219304084777832,0.19393211603164673,0.15824583172798157,0.16964095830917358,0.14549726247787476,0.3645654320716858,0.153892382979393,0.1295367181301117,0.15784582495689392,0.32042646408081055,0.10964130610227585,0.14187222719192505,0.1421983540058136,0.17832934856414795,0.09182842075824738,0.1225651279091835,0.1260274350643158,0.1819891333580017,0.15097744762897491,0.41340431571006775,0.22991104423999786,0.22532697021961212,0.18648548424243927,0.1509149819612503,0.15213844180107117,0.15943306684494019,0.15700969099998474,0.40894007682800293,0.11689525097608566,0.3888940215110779,0.17278969287872314,0.22449013590812683,0.14288848638534546
23,0.2554110586643219,0.24899224936962128,0.14140449464321136,0.11534174531698227,0.20628489553928375,0.10975730419158936,0.20589356124401093,0.23836620151996613,0.12468799203634262,0.15350835025310516,0.12590476870536804,0.25956884026527405,0.13550683856010437,0.12702161073684692,0.15758584439754486,0.2838740348815918,0.11243236064910889,0.14683860540390015,0.19251397252082825,0.16284382343292236,0.11344773322343826,0.12045959383249283,0.14463084936141968,0.17347291111946106,0.15055212378501892,0.3622305393218994,0.257919043302536,0.26102468371391296,0.24713900685310364,0.161478653550148,0.1420581191778183,0.1501481533050537,0.17912791669368744,0.3045530617237091,0.14830446243286133,0.27247780561447144,0.1460079848766327,0.2872174382209778,0.14683689177036285
24,0.44084838032722473,0.3946719169616699,0.1647339165210724,0.1363329291343689,0.24781534075737,0.13660648465156555,0.16427548229694366,0.190658837556839,0.1448521763086319,0.22536638379096985,0.15169750154018402,0.3548469543457031,0.1376362442970276,0.1217871606349945,0.15618166327476501,0.32543444633483887,0.1123310774564743,0.185227632522583,0.13948823511600494,0.1940689980983734,0.09308325499296188,0.11422769725322723,0.1376798152923584,0.21772873401641846,0.12371660768985748,0.3064627945423126,0.218284472823143,0.22875136137008667,0.17745356261730194,0.14451339840888977,0.1287420690059662,0.12920986115932465,0.11846531927585602,0.3524312674999237,0.1406114250421524,0.3231024742126465,0.15137968957424164,0.23868149518966675,0.12064406275749207
25,0.25875577330589294,0.27095991373062134,0.1760011911392212,0.15451419353485107,0.1974986493587494,0.15157142281532288,0.18418002128601074,0.21305407583713531,0.19542542099952698,0.20719388127326965,0.14234299957752228,0.24593698978424072,0.16317017376422882,0.17198780179023743,0.1681852489709854,0.2927124798297882,0.1489403247833252,0.16629286110401154,0.18734459578990936,0.20416811108589172,0.15139035880565643,0.14475935697555542,0.16643160581588745,0.19309186935424805,0.15889208018779755,0.28630346059799194,0.24910762906074524,0.260094553232193,0.2775476574897766,0.2043752670288086,0.13209109008312225,0.12783551216125488,0.16731253266334534,0.23863378167152405,0.13420811295509338,0.21081015467643738,0.1551053524017334,0.197038471698761,0.1201157420873642
26,0.24812069535255432,0.25078219175338745,0.13332556188106537,0.11378037929534912,0.21901246905326843,0.11205016076564789,0.22801953554153442,0.269262433052063,0.12514260411262512,0.1773625910282135,0.12526758015155792,0.2644008994102478,0.13522464036941528,0.14117953181266785,0.16122543811798096,0.2949562668800354,0.12767232954502106,0.16066020727157593,0.22401830554008484,0.20126928389072418,0.12608012557029724,0.13197743892669678,0.15389220416545868,0.20156389474868774,0.14643244445323944,0.3216947615146637,0.2896583378314972,0.3132931590080261,0.29530149698257446,0.16037096083164215,0.13403715193271637,0.13467828929424286,0.15580350160598755,0.27675074338912964,0.12810879945755005,0.25385934114456177,0.1289125382900238,0.24348920583724976,0.12953025102615356
27,0.23992356657981873,0.2378750741481781,0.1287214457988739,0.11122668534517288,0.22757211327552795,0.10812414437532425,0.22495001554489136,0.2547455430030823,0.11791592836380005,0.18402087688446045,0.12537600100040436,0.2684306800365448,0.13206830620765686,0.13679255545139313,0.1539047658443451,0.294135183095932,0.12809577584266663,0.16514182090759277,0.22312390804290771,0.2004830241203308,0.11306872218847275,0.125777930021286,0.15017560124397278,0.2068553864955902,0.14547473192214966,0.34084242582321167,0.2948373556137085,0.32765623927116394,0.30174848437309265,0.16194365918636322,0.13370534777641296,0.13240569829940796,0.15190435945987701,0.31112000346183777,0.12077708542346954,0.29153507947921753,0.12738123536109924,0.2857596278190613,0.12801754474639893
28,0.29273322224617004,0.27178138494491577,0.15715008974075317,0.13950327038764954,0.23691792786121368,0.1280757337808609,0.17038187384605408,0.1815430074930191,0.1617102026939392,0.19774122536182404,0.1254841685295105,0.23542165756225586,0.11427311599254608,0.11207418143749237,0.13010463118553162,0.22208736836910248,0.11671960353851318,0.19203142821788788,0.15637454390525818,0.239483043551445,0.09091176092624664,0.09969063103199005,0.1261868178844452,0.18798601627349854,0.13330961763858795,0.2904472053050995,0.28906241059303284,0.30118879675865173,0.24344715476036072,0.18215127289295197,0.1287466138601303,0.1318110227584839,0.14552804827690125,0.4004155099391937,0.11263732612133026,0.33640357851982117,0.15247038006782532,0.30668210983276367,0.1321798861026764
29,0.27927571535110474,0.23915401101112366,0.13855727016925812,0.12729108333587646,0.22375807166099548,0.10649313032627106,0.1506645232439041,0.1651516556739807,0.12875768542289734,0.22586697340011597,0.15590789914131165,0.3065849542617798,0.16489765048027039,0.15164589881896973,0.18413090705871582,0.31721031665802,0.13961616158485413,0.18897752463817596,0.18661445379257202,0.22052088379859924,0.11391793191432953,0.144175723195076,0.14661084115505219,0.20404785871505737,0.1516515165567398,0.3424103260040283,0.2563951015472412,0.24778330326080322,0.18739420175552368,0.131614550948143,0.1321568340063095,0.13149763643741608,0.12454182654619217,0.3114207088947296,0.12431047856807709,0.2970929741859436,0.14472970366477966,0.21914780139923096,0.14814132452011108
30,0.3382035195827484,0.267250657081604,0.13174615800380707,0.1151851937174797,0.27671515941619873,0.12066812068223953,0.19279490411281586,0.20447410643100739,0.12085855007171631,0.277035117149353,0.12590596079826355,0.35392147302627563,0.1599276214838028,0.1267881542444229,0.16754649579524994,0.3647359311580658,0.12157740443944931,0.21383097767829895,0.18784138560295105,0.20371997356414795,0.08087438344955444,0.10272833704948425,0.13316436111927032,0.23713365197181702,0.14718765020370483,0.40340420603752136,0.23759019374847412,0.2256963849067688,0.2055051475763321,0.13852256536483765,0.10905935615301132,0.10726050287485123,0.1195475235581398,0.289198637008667,0.10975992679595947,0.2792854607105255,0.13893821835517883,0.24902622401714325,0.1046665608882904
31,0.32441961765289307,0.2659113109111786,0.13262882828712463,0.11462359130382538,0.2707284092903137,0.1240340918302536,0.2074929177761078,0.22206217050552368,0.12439246475696564,0.2867538332939148,0.1284823715686798,0.3683258891105652,0.1665971428155899,0.13115917146205902,0.17151665687561035,0.3805396556854248,0.12171020358800888,0.21188192069530487,0.19414493441581726,0.20566371083259583,0.08477827906608582,0.10678574442863464,0.13946011662483215,0.24109730124473572,0.15004535019397736,0.3900511860847473,0.23258328437805176,0.2153947949409485,0.19716894626617432,0.13828793168067932,0.107060007750988,0.1050347164273262,0.12009786069393158,0.27033767104148865,0.10728893429040909,0.2612680494785309,0.13639549911022186,0.2360118180513382,0.10045311599969864
32,0.2578357458114624,0.24602365493774414,0.13852500915527344,0.12680654227733612,0.2564595937728882,0.15768089890480042,0.2308998554944992,0.24605844914913177,0.1438412219285965,0.2862031161785126,0.14074194431304932,0.3755404055118561,0.16274793446063995,0.13307933509349823,0.1646529734134674,0.3714020848274231,0.132035493850708,0.20108158886432648,0.19974742829799652,0.20057782530784607,0.09942897409200668,0.12086250633001328,0.14083200693130493,0.2107655107975006,0.14624260365962982,0.37344372272491455,0.26633453369140625,0.23451177775859833,0.1793302297592163,0.13888104259967804,0.11743482202291489,0.11309799551963806,0.11718783527612686,0.252371609210968,0.10318079590797424,0.274431973695755,0.14462009072303772,0.20632857084274292,0.11152608692646027
33,0.23011426627635956,0.23410379886627197,0.15003152191638947,0.14176125824451447,0.2300383448600769,0.15433941781520844,0.20037956535816193,0.21906456351280212,0.17976289987564087,0.27044862508773804,0.17654594779014587,0.349000483751297,0.1696731299161911,0.1640705168247223,0.15953218936920166,0.33323991298675537,0.1403696984052658,0.17054829001426697,0.2057177871465683,0.19427147507667542,0.12434379756450653,0.14490991830825806,0.17740726470947266,0.20378082990646362,0.16684892773628235,0.3189486563205719,0.23057131469249725,0.23174482583999634,0.2470542937517166,0.20099933445453644,0.12803003191947937,0.12072323262691498,0.14812245965003967,0.23720499873161316,0.11053109914064407,0.23030208051204681,0.15061509609222412,0.21594807505607605,0.102546826004982
34,0.30201464891433716,0.2975631356239319,0.12277068197727203,0.11132659018039703,0.2374238222837448,0.12435075640678406,0.20610269904136658,0.21879905462265015,0.1371033638715744,0.2367786020040512,0.13442301750183105,0.3181818127632141,0.15644297003746033,0.1331716626882553,0.17079193890094757,0.317566454410553,0.12292155623435974,0.19042307138442993,0.16413623094558716,0.20045140385627747,0.09408175945281982,0.12105166167020798,0.15268665552139282,0.23676666617393494,0.14427059888839722,0.335416316986084,0.26289525628089905,0.2654837369918823,0.20844465494155884,0.15712788701057434,0.11082054674625397,0.10889530926942825,0.1161530539393425,0.29791924357414246,0.11238452047109604,0.2985510528087616,0.16266489028930664,0.2247822880744934,0.11088474094867706
35,0.21297341585159302,0.22917146980762482,0.1673017144203186,0.1560434252023697,0.22504840791225433,0.14600229263305664,0.19424964487552643,0.21155522763729095,0.17657580971717834,0.2336219847202301,0.16905643045902252,0.2965262532234192,0.17591796815395355,0.1618259996175766,0.17307932674884796,0.29647910594940186,0.14284808933734894,0.16893388330936432,0.19153140485286713,0.16983529925346375,0.11505264788866043,0.1374417394399643,0.16591638326644897,0.18609683215618134,0.15478238463401794,0.3083236515522003,0.2310219556093216,0.24290050566196442,0.25247693061828613,0.2427757829427719,0.127314493060112,0.12005449831485748,0.15060476958751678,0.23531338572502136,0.12131918221712112,0.23245923221111298,0.15714015066623688,0.2441786229610443,0.11386839300394058
36,0.2816932797431946,0.27471327781677246,0.1521393209695816,0.12807926535606384,0.20529711246490479,0.1165974885225296,0.19756676256656647,0.21913224458694458,0.11877928674221039,0.21352066099643707,0.11560079455375671,0.24561075866222382,0.14180691540241241,0.11848272383213043,0.16901615262031555,0.2604643404483795,0.11992712318897247,0.22273746132850647,0.20942874252796173,0.17760023474693298,0.09173029661178589,0.10001647472381592,0.13189278542995453,0.17255258560180664,0.12965966761112213,0.257150262594223,0.25233080983161926,0.2536664605140686,0.2484121471643448,0.18260830640792847,0.11031949520111084,0.11293043941259384,0.1343299001455307,0.22825346887111664,0.1375245749950409,0.22106239199638367,0.14595946669578552,0.32175254821777344,0.1276436597108841
37,0.17326666414737701,0.17397160828113556,0.14902545511722565,0.1397780328989029,0.19373877346515656,0.12719210982322693,0.16349035501480103,0.1696997880935669,0.1686556041240692,0.19313539564609528,0.12954407930374146,0.22094427049160004,0.17840585112571716,0.15230411291122437,0.17579269409179688,0.22417186200618744,0.1330805867910385,0.14063820242881775,0.16667284071445465,0.14988088607788086,0.11008568108081818,0.11853096634149551,0.11746956408023834,0.13913331925868988,0.13295452296733856,0.2672121524810791,0.2068977802991867,0.2115813046693802,0.1802658885717392,0.21837365627288818,0.14084194600582123,0.1387300193309784,0.1733713299036026,0.22728359699249268,0.15581752359867096,0.24380257725715637,0.17472653090953827,0.19619537889957428,0.16765950620174408
38,0.28996142745018005,0.2697281241416931,0.12737004458904266,0.11101378500461578,0.29555240273475647,0.11663490533828735,0.20626132190227509,0.21829736232757568,0.12327034771442413,0.22555512189865112,0.11647314578294754,0.3362599015235901,0.14817304909229279,0.12009211629629135,0.17054584622383118,0.3689851760864258,0.11796579509973526,0.21685557067394257,0.18777908384799957,0.1864430159330368,0.07140129059553146,0.1003536507487297,0.12401185184717178,0.24016600847244263,0.13636894524097443,0.4349283277988434,0.27381542325019836,0.2675822377204895,0.21744981408119202,0.15279939770698547,0.10974427312612534,0.10968836396932602,0.1312696784734726,0.2861924171447754,0.10577467828989029,0.29846668243408203,0.14959967136383057,0.2416064590215683,0.11160174012184143
sum,11.289048194885254,10.355363845825195,5.761009693145752,5.2602972984313965,9.855467796325684,5.505590438842773,8.029730796813965,8.846611022949219,6.011264324188232,8.493257522583008,5.902694225311279,12.185848236083984,6.205914497375488,6.07246732711792,6.601018905639648,12.152604103088379,5.532153606414795,6.920340061187744,7.488553524017334,8.220244407653809,4.661942005157471,5.241089820861816,5.936169624328613,9.010627746582031,5.959866523742676,12.612203598022461,9.661120414733887,9.411657333374023,8.372098922729492,6.035993576049805,5.160085201263428,5.100943088531494,5.4445319175720215,10.37302017211914,4.897796154022217,9.865525245666504,5.451411247253418,8.950163841247559,4.686629772186279
posi,1.0,2.0,3.0,4.0,5.0,6.0,7.0,8.0,9.0,10.0,11.0,12.0,13.0,14.0,15.0,16.0,17.0,18.0,19.0,20.0,21.0,22.0,23.0,24.0,25.0,26.0,27.0,28.0,29.0,30.0,31.0,32.0,33.0,34.0,35.0,36.0,37.0,38.0,39.0
contrib,0.03846060772830383,0.035279642701728293,0.019627158118380846,0.01792128330366143,0.03357654908986469,0.018756971404991357,0.027356453884222386,0.030139479467604216,0.020479749499917956,0.02893564100997718,0.020109862516370352,0.04151591177164188,0.021142902303056252,0.02068826173645349,0.02248898174178664,0.041402652483849056,0.01884746934160851,0.02357687555629337,0.025512719457618138,0.028005513851628118,0.015882749335209667,0.01785584543436537,0.020223909703336693,0.03069826730867139,0.020304642563805327,0.04296845994446341,0.032914427866056674,0.0320645332115877,0.028522866318839993,0.02056399947731581,0.0175798711586983,0.017378380159746184,0.01854895140237248,0.03533979596069144,0.0166862797785193,0.033610813768973756,0.018572388559849558,0.030492273100422365,0.0159668579781166
