,G,I,P,C,G,E,S,C,V,W,I,P,C,L,T,S,T,V,G,C,S,C,K,S,K,V,C,Y,R,N
0,0.2676936089992523,0.15765053033828735,0.18591119349002838,0.23258988559246063,0.23221370577812195,0.20696307718753815,0.17968185245990753,0.32898756861686707,0.1776966005563736,0.338001549243927,0.19455474615097046,0.23255673050880432,0.2998519837856293,0.17228049039840698,0.20066525042057037,0.21199041604995728,0.18195468187332153,0.1642407923936844,0.2534961700439453,0.25954699516296387,0.19176116585731506,0.29091277718544006,0.19795402884483337,0.20761564373970032,0.20004458725452423,0.20232386887073517,0.30473625659942627,0.1733008772134781,0.20369215309619904,0.1988583207130432
1,0.3851677179336548,0.14519411325454712,0.17340795695781708,0.2674006521701813,0.31679317355155945,0.2513163387775421,0.19018062949180603,0.3039586544036865,0.157821387052536,0.27235421538352966,0.17523612082004547,0.2147367298603058,0.30594679713249207,0.1641179919242859,0.17986348271369934,0.23026275634765625,0.16620026528835297,0.16172420978546143,0.2923465967178345,0.24836355447769165,0.2013884037733078,0.2926323711872101,0.18710114061832428,0.2556995153427124,0.17547398805618286,0.18092374503612518,0.27239277958869934,0.1439639925956726,0.1639484465122223,0.17456525564193726
2,0.34601065516471863,0.18331998586654663,0.2481328397989273,0.35865676403045654,0.3099142611026764,0.2728920876979828,0.1885211318731308,0.37655603885650635,0.18889713287353516,0.3870995044708252,0.23590487241744995,0.29822248220443726,0.36302316188812256,0.18526218831539154,0.16712912917137146,0.206875741481781,0.15241946280002594,0.16290421783924103,0.23962825536727905,0.25307583808898926,0.18612709641456604,0.309857577085495,0.20819368958473206,0.2003193348646164,0.1920473873615265,0.15157930552959442,0.2560173273086548,0.15086230635643005,0.2098546028137207,0.18579146265983582
3,0.27003395557403564,0.16141170263290405,0.22552534937858582,0.30206236243247986,0.24926269054412842,0.1965215504169464,0.17121614515781403,0.2761789858341217,0.17896072566509247,0.2941218316555023,0.19959691166877747,0.2609121799468994,0.2953168451786041,0.2006690800189972,0.19572937488555908,0.1859961748123169,0.20550525188446045,0.17421221733093262,0.22553661465644836,0.2516593337059021,0.1719716340303421,0.27443745732307434,0.18485835194587708,0.19683071970939636,0.1815679520368576,0.19176268577575684,0.2937682569026947,0.2087279111146927,0.19935539364814758,0.20794761180877686
4,0.2679175138473511,0.17520518600940704,0.17988823354244232,0.27607640624046326,0.221355602145195,0.19313006103038788,0.1696232706308365,0.2831890881061554,0.15364660322666168,0.25618627667427063,0.17493189871311188,0.17971228063106537,0.27351945638656616,0.15927070379257202,0.21118690073490143,0.22929447889328003,0.20443639159202576,0.14839524030685425,0.238323375582695,0.2355484962463379,0.16433019936084747,0.2618265151977539,0.1701810210943222,0.20147114992141724,0.1904352754354477,0.20363754034042358,0.33813658356666565,0.18714821338653564,0.18954119086265564,0.1858590990304947
5,0.38129734992980957,0.1778501272201538,0.19580189883708954,0.31383800506591797,0.2300206571817398,0.22351783514022827,0.16668269038200378,0.3041574954986572,0.15269656479358673,0.22620601952075958,0.1777903139591217,0.20029465854167938,0.3456074893474579,0.16466353833675385,0.1924266368150711,0.21246707439422607,0.17663811147212982,0.13733810186386108,0.24606071412563324,0.28156694769859314,0.1790446937084198,0.30783894658088684,0.15416504442691803,0.21262744069099426,0.1724218875169754,0.1780201941728592,0.348210871219635,0.1782761663198471,0.14307627081871033,0.14355069398880005
6,0.33682024478912354,0.1493862271308899,0.13354802131652832,0.3042193353176117,0.19505085051059723,0.21448881924152374,0.15726037323474884,0.30720171332359314,0.12638665735721588,0.2008504718542099,0.14839644730091095,0.1585158258676529,0.3663868308067322,0.18596212565898895,0.2302151620388031,0.2803291380405426,0.21056663990020752,0.1403009295463562,0.22107544541358948,0.2702621817588806,0.16942745447158813,0.3097493052482605,0.1327490508556366,0.22251929342746735,0.15262357890605927,0.1774299442768097,0.3873456120491028,0.14565829932689667,0.13938631117343903,0.14518214762210846
7,0.26053333282470703,0.15273329615592957,0.18854057788848877,0.2969212234020233,0.21692848205566406,0.20345789194107056,0.13791756331920624,0.27668315172195435,0.14896434545516968,0.20742884278297424,0.17676179111003876,0.2207300364971161,0.36010077595710754,0.2155706286430359,0.21863773465156555,0.1818670928478241,0.21235932409763336,0.15246272087097168,0.21677660942077637,0.2918066084384918,0.15912416577339172,0.32438039779663086,0.1673743575811386,0.19511055946350098,0.17276133596897125,0.18392354249954224,0.3563389182090759,0.18549656867980957,0.1664392203092575,0.1965424120426178
8,0.43646982312202454,0.15067079663276672,0.16717779636383057,0.26126059889793396,0.2228533923625946,0.19199728965759277,0.14779113233089447,0.25012531876564026,0.13028505444526672,0.20066910982131958,0.14088211953639984,0.17669454216957092,0.2856081426143646,0.1760314404964447,0.19737793505191803,0.20346882939338684,0.1778511255979538,0.15493930876255035,0.2510632872581482,0.24621905386447906,0.1790112555027008,0.2554325461387634,0.12706893682479858,0.19668322801589966,0.13555896282196045,0.1724766492843628,0.30471089482307434,0.17771212756633759,0.1444721221923828,0.14505958557128906
9,0.33930522203445435,0.17417249083518982,0.21148677170276642,0.2568758726119995,0.23492661118507385,0.2530447840690613,0.15233337879180908,0.2521480321884155,0.1501465141773224,0.21002662181854248,0.17410072684288025,0.22324395179748535,0.31072503328323364,0.2164824903011322,0.2286209911108017,0.19666601717472076,0.18847306072711945,0.156780406832695,0.22153162956237793,0.2620692253112793,0.15881265699863434,0.2694360315799713,0.16153310239315033,0.17509213089942932,0.15940231084823608,0.15623073279857635,0.26862674951553345,0.16474126279354095,0.13383357226848602,0.1637551337480545
10,0.39038360118865967,0.13623370230197906,0.1491898000240326,0.2847948670387268,0.28586989641189575,0.2387668341398239,0.16641154885292053,0.27498912811279297,0.13822658360004425,0.2043098658323288,0.14095836877822876,0.16005992889404297,0.31808018684387207,0.17250338196754456,0.21346613764762878,0.21851535141468048,0.18289120495319366,0.14197760820388794,0.2595842778682709,0.25290447473526,0.17948204278945923,0.29001283645629883,0.1475517302751541,0.246835857629776,0.1508907824754715,0.18933887779712677,0.31533268094062805,0.1367354840040207,0.14062419533729553,0.16402053833007812
11,0.36917945742607117,0.17239032685756683,0.20663920044898987,0.35645657777786255,0.3077128231525421,0.24586082994937897,0.17283809185028076,0.3952395021915436,0.16649194061756134,0.32963165640830994,0.20022547245025635,0.23149900138378143,0.3618885278701782,0.19870160520076752,0.19413937628269196,0.20526522397994995,0.1726323664188385,0.15639859437942505,0.25124409794807434,0.25653427839279175,0.16356083750724792,0.28436940908432007,0.15831917524337769,0.19334737956523895,0.15821833908557892,0.16541294753551483,0.27886733412742615,0.13765020668506622,0.18881192803382874,0.17859463393688202
12,0.2857559621334076,0.1483403742313385,0.18678385019302368,0.27404892444610596,0.25882184505462646,0.1827990561723709,0.1608273983001709,0.2845121920108795,0.18249739706516266,0.26151084899902344,0.1735542267560959,0.2139904946088791,0.29954811930656433,0.1993234008550644,0.2255062460899353,0.17540135979652405,0.23284970223903656,0.1633586883544922,0.26393118500709534,0.2732134461402893,0.1637619435787201,0.28353017568588257,0.18146289885044098,0.18220123648643494,0.1817251741886139,0.18626224994659424,0.30989405512809753,0.16977141797542572,0.17952102422714233,0.20381644368171692
13,0.2997181713581085,0.13332399725914001,0.15434004366397858,0.29049262404441833,0.22092881798744202,0.22295621037483215,0.13850858807563782,0.2990836203098297,0.13846749067306519,0.21275508403778076,0.15204492211341858,0.17075970768928528,0.33040785789489746,0.16797472536563873,0.20374765992164612,0.2047731876373291,0.18712218105793,0.1687704622745514,0.2950948476791382,0.290284126996994,0.19103474915027618,0.32071614265441895,0.19124309718608856,0.21511796116828918,0.19682294130325317,0.1887279599905014,0.32793810963630676,0.15584400296211243,0.14739418029785156,0.1713005006313324
14,0.26966673135757446,0.13097034394741058,0.16818709671497345,0.34639984369277954,0.25071981549263,0.24958810210227966,0.15026460587978363,0.35411497950553894,0.14480358362197876,0.2524928152561188,0.16665035486221313,0.18533015251159668,0.3745117783546448,0.15845230221748352,0.17751187086105347,0.19464795291423798,0.18405655026435852,0.1653389036655426,0.2764021158218384,0.31539666652679443,0.1681356132030487,0.3252324163913727,0.16237904131412506,0.2362539917230606,0.18684114515781403,0.20868335664272308,0.40727970004081726,0.14495642483234406,0.1440836489200592,0.1947275996208191
15,0.2532099485397339,0.11865713447332382,0.11888085305690765,0.3067500591278076,0.19905203580856323,0.24281200766563416,0.13978634774684906,0.3338547348976135,0.13618861138820648,0.23219822347164154,0.14501458406448364,0.15522731840610504,0.4205593466758728,0.18748262524604797,0.21232286095619202,0.2054707109928131,0.19660618901252747,0.14299911260604858,0.2285670042037964,0.3045555353164673,0.16698342561721802,0.3637276589870453,0.14706313610076904,0.2177055925130844,0.16542948782444,0.2064119577407837,0.41990602016448975,0.14710184931755066,0.13662539422512054,0.16449351608753204
16,0.2263084352016449,0.12658631801605225,0.1582525074481964,0.3292214274406433,0.20721249282360077,0.2583203911781311,0.14435043931007385,0.3393106460571289,0.15351809561252594,0.23351021111011505,0.16628937423229218,0.17906364798545837,0.3751911222934723,0.1670776605606079,0.18517714738845825,0.19445788860321045,0.18382534384727478,0.15663523972034454,0.24326719343662262,0.2963586449623108,0.16210037469863892,0.32586854696273804,0.16152161359786987,0.2283259928226471,0.19736206531524658,0.242551788687706,0.4179442226886749,0.16023461520671844,0.15387707948684692,0.19187331199645996
17,0.2760426998138428,0.13460856676101685,0.13518525660037994,0.22534582018852234,0.18340939283370972,0.1895577311515808,0.15808898210525513,0.24588726460933685,0.15903443098068237,0.20156066119670868,0.13514377176761627,0.15092775225639343,0.26974084973335266,0.17566387355327606,0.2147279977798462,0.21756502985954285,0.18963322043418884,0.15937203168869019,0.2454017996788025,0.21113966405391693,0.17841914296150208,0.2365599274635315,0.13324134051799774,0.205673485994339,0.1499299257993698,0.20912407338619232,0.2817951738834381,0.18307241797447205,0.16001062095165253,0.1478750854730606
18,0.21432751417160034,0.14180152118206024,0.13447579741477966,0.24661515653133392,0.18094521760940552,0.18375752866268158,0.14886683225631714,0.2777218520641327,0.16215260326862335,0.23670072853565216,0.1451663076877594,0.1340530514717102,0.2741350531578064,0.16204729676246643,0.22803568840026855,0.19752442836761475,0.20001403987407684,0.1375812292098999,0.20726993680000305,0.22099655866622925,0.1477450579404831,0.2686747610569,0.15981194376945496,0.18861505389213562,0.188018798828125,0.22930891811847687,0.3419937491416931,0.1820361167192459,0.16713255643844604,0.17912249267101288
19,0.22090277075767517,0.13411642611026764,0.16207313537597656,0.23299242556095123,0.2049705982208252,0.17754124104976654,0.15082135796546936,0.2619028091430664,0.18654757738113403,0.2274191826581955,0.15902073681354523,0.18180759251117706,0.2877926826477051,0.19712334871292114,0.22317789494991302,0.18032312393188477,0.2032063752412796,0.14575403928756714,0.19801317155361176,0.21654103696346283,0.14497558772563934,0.2590301036834717,0.18955564498901367,0.1700301468372345,0.18781785666942596,0.19580867886543274,0.2952956557273865,0.18419191241264343,0.19798633456230164,0.2016325294971466
20,0.2834126949310303,0.14194321632385254,0.12524943053722382,0.24531406164169312,0.2039598971605301,0.20922589302062988,0.15290826559066772,0.26873502135276794,0.1502404361963272,0.25854435563087463,0.13242262601852417,0.14456292986869812,0.31400272250175476,0.17742851376533508,0.218519926071167,0.21150527894496918,0.18994304537773132,0.12773331999778748,0.19192388653755188,0.23291748762130737,0.13738086819648743,0.2887375056743622,0.14459103345870972,0.18709875643253326,0.17671674489974976,0.1937897801399231,0.34672585129737854,0.15726642310619354,0.14240328967571259,0.1389370709657669
21,0.24439065158367157,0.13880762457847595,0.17707954347133636,0.2364719957113266,0.2094765305519104,0.17858600616455078,0.14934535324573517,0.24710582196712494,0.1786337047815323,0.2687220275402069,0.14770087599754333,0.18519280850887299,0.29283466935157776,0.190317302942276,0.19544367492198944,0.15529686212539673,0.18865838646888733,0.13858352601528168,0.1821773648262024,0.2302914261817932,0.13671599328517914,0.2732153534889221,0.17388901114463806,0.16285493969917297,0.18526721000671387,0.19286563992500305,0.3457314372062683,0.18762637674808502,0.19333752989768982,0.18395744264125824
22,0.3347338140010834,0.15764276683330536,0.153708815574646,0.28336355090141296,0.21728888154029846,0.23123954236507416,0.15797637403011322,0.2736247181892395,0.1390969604253769,0.23469874262809753,0.1355363130569458,0.1723291575908661,0.319033682346344,0.16488680243492126,0.20451942086219788,0.20181265473365784,0.19344954192638397,0.13634368777275085,0.21625855565071106,0.2401905208826065,0.1450590193271637,0.2729746699333191,0.1274280548095703,0.21073032915592194,0.1605631709098816,0.19515952467918396,0.40104156732559204,0.17028726637363434,0.13358834385871887,0.15188194811344147
23,0.34351468086242676,0.15936993062496185,0.1365623027086258,0.24675443768501282,0.17711462080478668,0.19056463241577148,0.15517154335975647,0.26748403906822205,0.14605280756950378,0.24620893597602844,0.12848471105098724,0.1477024257183075,0.30799564719200134,0.18883103132247925,0.2017926573753357,0.22732257843017578,0.1824905425310135,0.12998569011688232,0.17548681795597076,0.2464190423488617,0.15461361408233643,0.2951729893684387,0.11303659528493881,0.19820277392864227,0.1377415657043457,0.20034009218215942,0.3902805745601654,0.16051094233989716,0.14779771864414215,0.14108070731163025
24,0.37060558795928955,0.16411548852920532,0.16454654932022095,0.2708131670951843,0.2054673731327057,0.20564621686935425,0.16458962857723236,0.2813073992729187,0.14570793509483337,0.22849439084529877,0.13819830119609833,0.17658334970474243,0.30658555030822754,0.17587508261203766,0.20821796357631683,0.24164271354675293,0.19635871052742004,0.15077750384807587,0.22926728427410126,0.2482978254556656,0.17291200160980225,0.26792481541633606,0.12197436392307281,0.2282731980085373,0.14313822984695435,0.20374266803264618,0.37893417477607727,0.18192332983016968,0.14117194712162018,0.15373167395591736
25,0.412468284368515,0.15426060557365417,0.17330676317214966,0.24961112439632416,0.21101655066013336,0.14878787100315094,0.16352543234825134,0.22782334685325623,0.15001632273197174,0.2219904661178589,0.1255897730588913,0.14943139255046844,0.235581174492836,0.17078685760498047,0.18196463584899902,0.2385282814502716,0.16847547888755798,0.17153233289718628,0.22418220341205597,0.21413259208202362,0.184128075838089,0.2236376404762268,0.10767344385385513,0.1892310380935669,0.11762280017137527,0.18283948302268982,0.2822425067424774,0.19928421080112457,0.15554240345954895,0.12998953461647034
26,0.28316327929496765,0.1497294157743454,0.1943553388118744,0.24915485084056854,0.20982694625854492,0.1561504453420639,0.1464899778366089,0.2410619556903839,0.18402878940105438,0.24103382229804993,0.1578156054019928,0.19274157285690308,0.2764212489128113,0.20646247267723083,0.20903387665748596,0.18935683369636536,0.2111225426197052,0.15810631215572357,0.2223067283630371,0.2621566653251648,0.17424923181533813,0.28889137506484985,0.15243002772331238,0.16842706501483917,0.15343894064426422,0.19553449749946594,0.3399973511695862,0.20347948372364044,0.20911484956741333,0.18818429112434387
27,0.44739657640457153,0.1557367891073227,0.17693330347537994,0.339648962020874,0.28938889503479004,0.19734346866607666,0.15066714584827423,0.3121100962162018,0.1432378739118576,0.22980085015296936,0.14696469902992249,0.17032921314239502,0.3501386344432831,0.17033074796199799,0.19980300962924957,0.23856820166110992,0.187297984957695,0.14894679188728333,0.3037910461425781,0.2887955605983734,0.15321378409862518,0.3415106236934662,0.1307174265384674,0.18943846225738525,0.13567610085010529,0.1680331826210022,0.35790231823921204,0.14905864000320435,0.13842976093292236,0.14287185668945312
28,0.48887166380882263,0.1257256120443344,0.13132572174072266,0.2558760344982147,0.2555384933948517,0.19325058162212372,0.1315658837556839,0.23642516136169434,0.12058113515377045,0.16680406033992767,0.11279173195362091,0.13616423308849335,0.284736692905426,0.14925941824913025,0.21973669528961182,0.2197664976119995,0.18270733952522278,0.15572382509708405,0.3068646490573883,0.27223309874534607,0.1766107976436615,0.35373979806900024,0.12485036253929138,0.20189358294010162,0.13176952302455902,0.17495986819267273,0.3491337299346924,0.14341497421264648,0.12218860536813736,0.1293046921491623
29,0.3284716010093689,0.1323496699333191,0.15482474863529205,0.2328321784734726,0.1967710554599762,0.18619178235530853,0.1572057455778122,0.21908403933048248,0.14132943749427795,0.18896378576755524,0.1087476909160614,0.1469152569770813,0.2273271381855011,0.1744057834148407,0.2522910237312317,0.22511276602745056,0.2366417795419693,0.14632506668567657,0.21793431043624878,0.20224428176879883,0.15349224209785461,0.23668642342090607,0.10931017249822617,0.20346546173095703,0.1290142983198166,0.21215690672397614,0.34717702865600586,0.17473429441452026,0.15460211038589478,0.15351004898548126
sum,9.633771896362305,4.484303951263428,5.071320533752441,8.372858047485352,6.904811859130859,6.296274662017822,4.7214179039001465,8.600564956665039,4.632355213165283,7.270295143127441,4.716475963592529,5.550289154052734,9.432600021362305,5.395244598388672,6.190989017486572,6.282075881958008,5.7463860511779785,4.555542469024658,7.144807815551758,7.67572021484375,5.015573978424072,8.696717262268066,4.629229545593262,6.0876922607421875,4.966342926025391,5.739360809326172,10.065696716308594,5.04506778717041,4.847842693328857,5.058018207550049
posi,1.0,2.0,3.0,4.0,5.0,6.0,7.0,8.0,9.0,10.0,11.0,12.0,13.0,14.0,15.0,16.0,17.0,18.0,19.0,20.0,21.0,22.0,23.0,24.0,25.0,26.0,27.0,28.0,29.0,30.0
contrib,0.05101832271475378,0.023747880746791464,0.026856590581995774,0.04434080218078749,0.036566354643170915,0.03334367639832189,0.025003583734772614,0.04554668754966311,0.024531927446183165,0.03850187318464961,0.024977412313218997,0.02939310233498297,0.04995296101112474,0.028572020700382342,0.032786106938746624,0.03326848280322329,0.03043158807956192,0.02412514416219738,0.03783732008501833,0.04064891458940667,0.026561369169181077,0.04605588886870982,0.024515374602852025,0.03223907018848244,0.026300652417125602,0.030394383954344878,0.05330570091818129,0.026717561849358203,0.02567310142479123,0.026786144408020362
