,G,L,K,D,K,F,K,S,M,G,E,K,L,K,Q,Y,I,Q,T,W,K,A,K,F
0,0.22792944312095642,0.15188834071159363,0.14704656600952148,0.1704438328742981,0.14330707490444183,0.32221895456314087,0.16701136529445648,0.20158083736896515,0.77280592918396,0.3291561007499695,0.2865854799747467,0.18151220679283142,0.17614835500717163,0.18892136216163635,0.15293285250663757,0.19052280485630035,0.1966117024421692,0.13327397406101227,0.16059884428977966,0.320576012134552,0.1835119128227234,0.1943122148513794,0.20249971747398376,0.390890508890152
1,0.27822551131248474,0.17802177369594574,0.20184317231178284,0.2001136690378189,0.18300816416740417,0.22821132838726044,0.18531383574008942,0.1817518025636673,0.47963619232177734,0.35449498891830444,0.35882115364074707,0.23646554350852966,0.18255506455898285,0.23246988654136658,0.2026163786649704,0.21564584970474243,0.19464534521102905,0.1828523576259613,0.16179513931274414,0.21745425462722778,0.22998318076133728,0.20789676904678345,0.2420041263103485,0.299468994140625
2,0.36042481660842896,0.21451134979724884,0.1857863813638687,0.25708290934562683,0.17430917918682098,0.2899205684661865,0.15719962120056152,0.21199947595596313,0.5958155989646912,0.40795302391052246,0.37080642580986023,0.19872215390205383,0.19489920139312744,0.18063384294509888,0.19118446111679077,0.19972854852676392,0.2008906900882721,0.17577967047691345,0.15614071488380432,0.22463276982307434,0.1592363715171814,0.17429350316524506,0.19620133936405182,0.3284253776073456
3,0.31441378593444824,0.21362653374671936,0.173305481672287,0.22257062792778015,0.17189045250415802,0.2833503484725952,0.16988876461982727,0.23397943377494812,0.5087921023368835,0.338977575302124,0.3418663740158081,0.2114371657371521,0.22260428965091705,0.18334230780601501,0.18959839642047882,0.20645159482955933,0.20008328557014465,0.18143948912620544,0.18130983412265778,0.2596801221370697,0.16678650677204132,0.17798519134521484,0.20365196466445923,0.3630003035068512
4,0.37831464409828186,0.21882997453212738,0.19050905108451843,0.27371349930763245,0.1643040031194687,0.2404581606388092,0.14575201272964478,0.21954363584518433,0.4793540835380554,0.35946497321128845,0.34541842341423035,0.18076002597808838,0.18583393096923828,0.17523086071014404,0.20185749232769012,0.20251959562301636,0.2092979997396469,0.17652766406536102,0.15704701840877533,0.19511640071868896,0.13748809695243835,0.15109825134277344,0.17462879419326782,0.28645265102386475
5,0.3303121030330658,0.22950945794582367,0.17270715534687042,0.22108569741249084,0.15447936952114105,0.20810525119304657,0.16615678369998932,0.21292336285114288,0.4188186526298523,0.2645227611064911,0.2560870051383972,0.14958123862743378,0.1780516654253006,0.15540067851543427,0.18415993452072144,0.16954655945301056,0.18679162859916687,0.18537205457687378,0.17089737951755524,0.1843046098947525,0.12650133669376373,0.14206017553806305,0.13532885909080505,0.20836058259010315
6,0.3858341872692108,0.2131078541278839,0.1704149842262268,0.27912086248397827,0.14153030514717102,0.21562060713768005,0.13208013772964478,0.2048209011554718,0.38254648447036743,0.34306278824806213,0.37404343485832214,0.16630932688713074,0.1899879276752472,0.17173753678798676,0.22388744354248047,0.20412646234035492,0.20572662353515625,0.1843736320734024,0.160895437002182,0.1831982135772705,0.12857502698898315,0.14821040630340576,0.1653447151184082,0.2840091586112976
7,0.34032145142555237,0.2067822962999344,0.14675572514533997,0.22502094507217407,0.12094369530677795,0.18882286548614502,0.12961921095848083,0.17830337584018707,0.44583824276924133,0.2574246823787689,0.38197818398475647,0.1626717895269394,0.20735055208206177,0.18277840316295624,0.23845404386520386,0.20597361028194427,0.1924891620874405,0.18274876475334167,0.15573810040950775,0.1847074180841446,0.12731343507766724,0.14605171978473663,0.14976227283477783,0.2476613074541092
8,0.19619406759738922,0.2122671753168106,0.14929598569869995,0.1869262158870697,0.14103728532791138,0.14945925772190094,0.1434124857187271,0.13201075792312622,0.1606392115354538,0.18097232282161713,0.21439340710639954,0.15901784598827362,0.2272484451532364,0.15850237011909485,0.21278218924999237,0.1610998809337616,0.17044858634471893,0.20262515544891357,0.1919311136007309,0.22253887355327606,0.15723088383674622,0.1490229070186615,0.14412535727024078,0.17173334956169128
9,0.26508891582489014,0.1782265454530716,0.14583349227905273,0.17056426405906677,0.12355630099773407,0.2445000559091568,0.13499286770820618,0.164922297000885,0.5895314812660217,0.2461007684469223,0.296473890542984,0.15528865158557892,0.1813807338476181,0.1765892505645752,0.17923936247825623,0.18472599983215332,0.19620449841022491,0.14821875095367432,0.1557866483926773,0.25427496433258057,0.15434853732585907,0.1594099998474121,0.1711403727531433,0.33136820793151855
10,0.3662295341491699,0.2290550321340561,0.18030260503292084,0.19069306552410126,0.15058377385139465,0.20917803049087524,0.15627612173557281,0.19103635847568512,0.5309805870056152,0.2669954001903534,0.3049169182777405,0.17803773283958435,0.1987522840499878,0.17477434873580933,0.20348906517028809,0.19317887723445892,0.1835113912820816,0.18458658456802368,0.1667870283126831,0.21837466955184937,0.1596161127090454,0.17280961573123932,0.17580553889274597,0.2557861804962158
11,0.39121562242507935,0.21550098061561584,0.16491618752479553,0.2290220558643341,0.1422794759273529,0.23135985434055328,0.1408492922782898,0.2143852561712265,0.525329053401947,0.32150477170944214,0.31799277663230896,0.16276085376739502,0.19592922925949097,0.1625000238418579,0.20645928382873535,0.17950685322284698,0.18869319558143616,0.18347543478012085,0.18007048964500427,0.20271071791648865,0.14083880186080933,0.16463744640350342,0.16621457040309906,0.29982179403305054
12,0.29754552245140076,0.17753705382347107,0.1824708878993988,0.17920172214508057,0.1568865180015564,0.18046687543392181,0.16295352578163147,0.17113007605075836,0.4535861909389496,0.3070509731769562,0.3211120069026947,0.1987435519695282,0.1735011637210846,0.2018391638994217,0.20728814601898193,0.18742406368255615,0.1917896270751953,0.19146426022052765,0.18371041119098663,0.19206883013248444,0.18523257970809937,0.18386372923851013,0.19940611720085144,0.2455354630947113
13,0.3484085500240326,0.19547848403453827,0.15586738288402557,0.24213267862796783,0.13999255001544952,0.25040143728256226,0.1394130289554596,0.20592524111270905,0.506267786026001,0.3656449317932129,0.3389679193496704,0.16929061710834503,0.18653209507465363,0.1637616902589798,0.20596641302108765,0.17518970370292664,0.18308112025260925,0.19698718190193176,0.18756045401096344,0.20419201254844666,0.14806535840034485,0.1760539710521698,0.17228342592716217,0.3209902346134186
14,0.4794355630874634,0.19708746671676636,0.16990232467651367,0.2261168509721756,0.14218775928020477,0.19870731234550476,0.14817547798156738,0.20444007217884064,0.5639129281044006,0.42836064100265503,0.39081868529319763,0.19885584712028503,0.1784888207912445,0.18418215215206146,0.20881414413452148,0.17940205335617065,0.17918278276920319,0.18159577250480652,0.15884606540203094,0.19168780744075775,0.1610395610332489,0.18361875414848328,0.1977764368057251,0.29085198044776917
15,0.34726372361183167,0.18719281256198883,0.15446054935455322,0.26929420232772827,0.14043425023555756,0.20431478321552277,0.1366630494594574,0.18076124787330627,0.7061002254486084,0.397979736328125,0.4355146884918213,0.19429093599319458,0.19049932062625885,0.17601081728935242,0.22443225979804993,0.18128511309623718,0.1749899685382843,0.1888878345489502,0.1473902314901352,0.16877105832099915,0.14314670860767365,0.17699034512043,0.18290609121322632,0.248409241437912
16,0.299184650182724,0.17787864804267883,0.13602957129478455,0.2145935595035553,0.12287535518407822,0.20288632810115814,0.1328069269657135,0.19356070458889008,0.4142354130744934,0.3239400386810303,0.3814142942428589,0.1625787913799286,0.1847340166568756,0.1692061573266983,0.2039688527584076,0.17192432284355164,0.15076294541358948,0.16061043739318848,0.15241524577140808,0.1709587126970291,0.1369786262512207,0.18432316184043884,0.1687851846218109,0.25155285000801086
17,0.41134122014045715,0.2045113444328308,0.18426668643951416,0.20520272850990295,0.14259380102157593,0.17446358501911163,0.1590873897075653,0.2068425714969635,0.4919711947441101,0.3418799638748169,0.37220633029937744,0.19164690375328064,0.17562881112098694,0.19836388528347015,0.22027871012687683,0.20256580412387848,0.17285341024398804,0.16120858490467072,0.1414724886417389,0.161922886967659,0.14662915468215942,0.17104795575141907,0.18360887467861176,0.24588151276111603
18,0.252276211977005,0.1817362755537033,0.1899178922176361,0.20559264719486237,0.1758885234594345,0.19452831149101257,0.18995307385921478,0.18632254004478455,0.3634030520915985,0.255097359418869,0.3036257028579712,0.18944258987903595,0.17184120416641235,0.1956731081008911,0.19590122997760773,0.18941906094551086,0.18000909686088562,0.16520874202251434,0.16278886795043945,0.17416933178901672,0.15648770332336426,0.16110354661941528,0.18142223358154297,0.2367190420627594
19,0.3017406165599823,0.22855661809444427,0.19754907488822937,0.2099495828151703,0.1808791607618332,0.16308866441249847,0.1879035234451294,0.1829860657453537,0.2221720814704895,0.2628159821033478,0.25717002153396606,0.1847841888666153,0.194904163479805,0.19957968592643738,0.2039908766746521,0.20082741975784302,0.16200882196426392,0.15735715627670288,0.1565433144569397,0.15427079796791077,0.15499219298362732,0.1540042757987976,0.16931000351905823,0.1690506637096405
20,0.3245197832584381,0.1991519331932068,0.18946540355682373,0.21254763007164001,0.15559133887290955,0.21057015657424927,0.15336887538433075,0.1931035965681076,0.3571576178073883,0.3056330680847168,0.29498618841171265,0.1693846434354782,0.17351935803890228,0.17708133161067963,0.1914656162261963,0.17161928117275238,0.1532108336687088,0.15297633409500122,0.1526484191417694,0.16156348586082458,0.1308026760816574,0.1486624926328659,0.16011777520179749,0.23680387437343597
21,0.23846124112606049,0.18907395005226135,0.1740272045135498,0.15707655251026154,0.14721333980560303,0.19426403939723969,0.1607455611228943,0.1547519564628601,0.40738123655319214,0.2678070664405823,0.3107273578643799,0.1814463883638382,0.17920850217342377,0.19378156960010529,0.20371416211128235,0.16639059782028198,0.15356649458408356,0.1688377857208252,0.1547388732433319,0.17080682516098022,0.14450475573539734,0.13809426128864288,0.15807783603668213,0.19815364480018616
22,0.3457736670970917,0.21408329904079437,0.1748599410057068,0.1932407170534134,0.13669057190418243,0.20204868912696838,0.13738836348056793,0.19489537179470062,0.3991483449935913,0.27424356341362,0.290199339389801,0.15837392210960388,0.18240341544151306,0.15858428180217743,0.17387354373931885,0.1646309196949005,0.15168237686157227,0.1520126312971115,0.15403135120868683,0.17044737935066223,0.12569500505924225,0.1429842859506607,0.1517721712589264,0.24206353724002838
23,0.288387268781662,0.2468625009059906,0.16767361760139465,0.1627584546804428,0.1332993507385254,0.18189765512943268,0.1540796160697937,0.19450728595256805,0.4490817189216614,0.21350416541099548,0.22016076743602753,0.12922127544879913,0.17226921021938324,0.13450953364372253,0.1425950527191162,0.13371290266513824,0.12751851975917816,0.14107295870780945,0.1525745540857315,0.18872536718845367,0.1142377257347107,0.1435616910457611,0.11760639399290085,0.19308286905288696
sum,7.768842697143555,4.860477447509766,4.105207920074463,5.10406494140625,3.585761547088623,5.1688432693481445,3.6910910606384277,4.61648416519165,11.224504470825195,7.414587497711182,7.766286373138428,4.270624160766602,4.504271984100342,4.295454025268555,4.768949508666992,4.437417507171631,4.3060503005981445,4.139492988586426,3.9037182331085205,4.777153491973877,3.6192421913146973,3.952096700668335,4.1697797775268555,6.346073627471924
posi,1.0,2.0,3.0,4.0,5.0,6.0,7.0,8.0,9.0,10.0,11.0,12.0,13.0,14.0,15.0,16.0,17.0,18.0,19.0,20.0,21.0,22.0,23.0,24.0
contrib,0.06326600695180962,0.03958157115168895,0.03343099132455709,0.04156523959279346,0.02920085060404828,0.042092765545585026,0.03005860741497236,0.03759459814977602,0.0914073827422127,0.060381109833446835,0.06324518938366155,0.034778067773590986,0.03668079194906472,0.03498027117008538,0.03883620823975346,0.03613635876036255,0.035066562533522506,0.0337101937060931,0.031790148739213944,0.03890301783870656,0.029473502111220216,0.03218412150765248,0.03395683587331805,0.051679607102864164
