,K,R,W,R,I,R,V,R,V,I,R,K
0,0.2722737193107605,0.2433549165725708,0.3190997838973999,0.23008503019809723,0.2236921340227127,0.22397541999816895,0.2169264554977417,0.22911900281906128,0.22328394651412964,0.24228879809379578,0.25115200877189636,0.24876707792282104
1,0.3264092206954956,0.25999507308006287,0.28879547119140625,0.22499245405197144,0.20349696278572083,0.20559237897396088,0.19757628440856934,0.22331088781356812,0.21733185648918152,0.23492591083049774,0.25238725543022156,0.27037742733955383
2,0.2684411406517029,0.27793803811073303,0.33124861121177673,0.26074275374412537,0.254186749458313,0.23846857249736786,0.21027977764606476,0.2403556853532791,0.2178816795349121,0.2646386921405792,0.24217158555984497,0.23989632725715637
3,0.33474409580230713,0.2493201345205307,0.2801957428455353,0.20193377137184143,0.21254666149616241,0.17739231884479523,0.18273304402828217,0.1795235127210617,0.19458356499671936,0.23425883054733276,0.20575712621212006,0.24458441138267517
4,0.24921387434005737,0.21873746812343597,0.30143606662750244,0.193452849984169,0.19882798194885254,0.17234006524085999,0.1821247786283493,0.16662819683551788,0.18341045081615448,0.1917411834001541,0.18202084302902222,0.19365788996219635
5,0.31541338562965393,0.2338203340768814,0.26537013053894043,0.1751869022846222,0.18756669759750366,0.15090841054916382,0.16572390496730804,0.15365560352802277,0.17307049036026,0.20092283189296722,0.1684776097536087,0.21145738661289215
6,0.2510334849357605,0.2116411179304123,0.3021583557128906,0.16264352202415466,0.17331565916538239,0.13999903202056885,0.16014336049556732,0.14886942505836487,0.16501928865909576,0.17957518994808197,0.1521058827638626,0.16807541251182556
7,0.28842318058013916,0.21840938925743103,0.25635507702827454,0.15771332383155823,0.16904301941394806,0.13478073477745056,0.15119346976280212,0.14138419926166534,0.16205032169818878,0.18737384676933289,0.16369906067848206,0.21258549392223358
8,0.2618500590324402,0.20714032649993896,0.2769474983215332,0.15528504550457,0.16415287554264069,0.1344163566827774,0.15180721879005432,0.14298202097415924,0.16116547584533691,0.17421390116214752,0.15396252274513245,0.17411859333515167
9,0.226371169090271,0.20248183608055115,0.27599266171455383,0.16867172718048096,0.17308396100997925,0.14901387691497803,0.1659480333328247,0.15100489556789398,0.16984158754348755,0.17401626706123352,0.17181113362312317,0.17695926129817963
10,0.35165420174598694,0.2315814048051834,0.26058053970336914,0.16526000201702118,0.16449108719825745,0.14609457552433014,0.16435189545154572,0.15562249720096588,0.17389176785945892,0.1767820417881012,0.16639362275600433,0.2086520940065384
11,0.26408854126930237,0.2218060940504074,0.31703057885169983,0.19304729998111725,0.19509218633174896,0.1699240505695343,0.18675611913204193,0.17249619960784912,0.19400645792484283,0.19996853172779083,0.1743062436580658,0.19406986236572266
sum,3.4099161624908447,2.776226043701172,3.475210428237915,2.2890145778656006,2.3194961547851562,2.042905807495117,2.1355643272399902,2.104952335357666,2.235536813735962,2.4607062339782715,2.2842447757720947,2.543201208114624
posi,1.0,2.0,3.0,4.0,5.0,6.0,7.0,8.0,9.0,10.0,11.0,12.0
contrib,0.11337297641695283,0.09230403176562213,0.11554388177003268,0.07610521296947421,0.07711866518840735,0.06792258252062576,0.07100329526348442,0.06998550700466237,0.07432718295272679,0.08181362137363588,0.07594662647218463,0.08455641630219093
