,M,E,V,N,I,L,A,F,I,A,T,A,L,F,I,L,I,P,T,A,F,L,L,I,I,Y,V,K,T,V,S,Q,N,D
0,0.22359821200370789,0.19159746170043945,0.16173037886619568,0.2113284170627594,0.18454807996749878,0.21044844388961792,0.19104036688804626,0.23721635341644287,0.20840239524841309,0.20076999068260193,0.21273186802864075,0.1958247870206833,0.22482828795909882,0.21407517790794373,0.1833060383796692,0.18763022124767303,0.18161599338054657,0.1834626942873001,0.20237316191196442,0.19074419140815735,0.2217317521572113,0.2049342393875122,0.19968028366565704,0.19241628050804138,0.19668172299861908,0.18867678940296173,0.16468559205532074,0.16585105657577515,0.1722755879163742,0.15510554611682892,0.14559605717658997,0.1703377664089203,0.17778776586055756,0.14767488837242126
1,0.9056461453437805,0.2656720280647278,0.17631536722183228,0.17916184663772583,0.15334486961364746,0.1550300121307373,0.16037797927856445,0.3037424385547638,0.18648488819599152,0.2021430879831314,0.193581685423851,0.19080635905265808,0.17888469994068146,0.326678603887558,0.19050906598567963,0.1642886996269226,0.1756913959980011,0.20625825226306915,0.15079574286937714,0.16967494785785675,0.2951335608959198,0.17590603232383728,0.1836118996143341,0.19467316567897797,0.18565504252910614,0.1958645135164261,0.18004776537418365,0.18548555672168732,0.14378118515014648,0.1770041435956955,0.17668166756629944,0.14870060980319977,0.1601998656988144,0.18597383797168732
2,1.1138813495635986,0.23229056596755981,0.1647740751504898,0.14189912378787994,0.13636310398578644,0.14310351014137268,0.1640159636735916,0.2846224904060364,0.16092528402805328,0.19826990365982056,0.16376328468322754,0.1825542002916336,0.1612754464149475,0.284271240234375,0.16923940181732178,0.17432375252246857,0.1795395314693451,0.18710118532180786,0.14135371148586273,0.1679217666387558,0.2606603801250458,0.16836583614349365,0.16805383563041687,0.16697674989700317,0.16860829293727875,0.16966615617275238,0.18628562986850739,0.17446932196617126,0.15331020951271057,0.1741110384464264,0.18927441537380219,0.12936779856681824,0.13817141950130463,0.20119024813175201
3,0.7327298521995544,0.25399819016456604,0.18848910927772522,0.16965626180171967,0.14386790990829468,0.17640066146850586,0.1630670428276062,0.24286185204982758,0.15338611602783203,0.17447437345981598,0.17317450046539307,0.1600678265094757,0.15903125703334808,0.23712073266506195,0.16955602169036865,0.17381544411182404,0.16482239961624146,0.18283893167972565,0.15149614214897156,0.14951705932617188,0.20892509818077087,0.16120609641075134,0.16808155179023743,0.15978914499282837,0.16291049122810364,0.18182194232940674,0.22099626064300537,0.20732086896896362,0.19164279103279114,0.2030983567237854,0.2240954041481018,0.14036591351032257,0.1547718495130539,0.2118300497531891
4,0.6544960737228394,0.31038346886634827,0.18922993540763855,0.19702593982219696,0.15299367904663086,0.15843412280082703,0.16565155982971191,0.2168128937482834,0.16068726778030396,0.18399971723556519,0.18856187164783478,0.17833346128463745,0.1644936203956604,0.25126928091049194,0.18905165791511536,0.17398956418037415,0.17837272584438324,0.16201786696910858,0.14427578449249268,0.14460475742816925,0.19242562353610992,0.15499967336654663,0.17067170143127441,0.17839330434799194,0.17751425504684448,0.1740005612373352,0.20068882405757904,0.17870590090751648,0.1606135070323944,0.17443645000457764,0.21489280462265015,0.14632421731948853,0.16253365576267242,0.2282692790031433
5,0.6446525454521179,0.33045387268066406,0.17205911874771118,0.18811173737049103,0.1366216242313385,0.12699837982654572,0.1303115040063858,0.17876267433166504,0.1574249267578125,0.15613794326782227,0.18204998970031738,0.16785141825675964,0.16780397295951843,0.24546241760253906,0.21760746836662292,0.18052759766578674,0.2014646828174591,0.17303064465522766,0.15441054105758667,0.15120014548301697,0.19600775837898254,0.15849299728870392,0.16761073470115662,0.18608112633228302,0.19215798377990723,0.2059953510761261,0.19931089878082275,0.2116098552942276,0.1592184603214264,0.15548735857009888,0.18044091761112213,0.15351442992687225,0.17040756344795227,0.22692319750785828
6,0.542992889881134,0.319312185049057,0.17517593502998352,0.17949296534061432,0.14809350669384003,0.13130085170269012,0.14117497205734253,0.21279489994049072,0.17704525589942932,0.15057624876499176,0.19327843189239502,0.16579174995422363,0.1777343899011612,0.2772544324398041,0.23759913444519043,0.18232326209545135,0.22053398191928864,0.1687089204788208,0.16637322306632996,0.14182430505752563,0.19688260555267334,0.15481476485729218,0.16043148934841156,0.19010131061077118,0.19635477662086487,0.1917148381471634,0.2125844955444336,0.18245872855186462,0.16645917296409607,0.17697475850582123,0.18328234553337097,0.17296069860458374,0.178611159324646,0.22843028604984283
7,0.6783915162086487,0.3339003622531891,0.15759824216365814,0.14777538180351257,0.13719871640205383,0.15256397426128387,0.1563195437192917,0.2059689164161682,0.16412051022052765,0.15064483880996704,0.18113382160663605,0.14511248469352722,0.16978375613689423,0.22292089462280273,0.17817391455173492,0.16890943050384521,0.16197767853736877,0.15801821649074554,0.15652579069137573,0.14669334888458252,0.17696990072727203,0.15672630071640015,0.1604306697845459,0.15886715054512024,0.16491185128688812,0.16563473641872406,0.18892455101013184,0.1566859930753708,0.163778156042099,0.16965463757514954,0.21389620006084442,0.17912432551383972,0.15557853877544403,0.22555431723594666
8,0.5468752980232239,0.3529391288757324,0.1818423718214035,0.18857403099536896,0.13675418496131897,0.14964672923088074,0.16766421496868134,0.19939088821411133,0.15782032907009125,0.17757757008075714,0.18855467438697815,0.17599429190158844,0.18406450748443604,0.25544676184654236,0.1937834918498993,0.18040502071380615,0.17272931337356567,0.16106131672859192,0.1468896120786667,0.15026895701885223,0.18924781680107117,0.1619313359260559,0.17835570871829987,0.17862755060195923,0.1742299348115921,0.1657516360282898,0.20472858846187592,0.15891875326633453,0.1637812703847885,0.1743609756231308,0.2041698545217514,0.1585192084312439,0.16963961720466614,0.23479396104812622
9,0.7430574297904968,0.29769134521484375,0.1736270785331726,0.1744082272052765,0.13634221255779266,0.15165430307388306,0.15161988139152527,0.20242850482463837,0.16500593721866608,0.1622547060251236,0.18316397070884705,0.17418991029262543,0.1874690055847168,0.25992411375045776,0.21567311882972717,0.1786678433418274,0.19480660557746887,0.16665351390838623,0.16146215796470642,0.1529715210199356,0.2030460685491562,0.1603277325630188,0.16437293589115143,0.1775141954421997,0.17693229019641876,0.18658876419067383,0.22717244923114777,0.18357518315315247,0.17050781846046448,0.18306422233581543,0.1702425628900528,0.16742825508117676,0.18309210240840912,0.21096545457839966
10,0.7239179015159607,0.2733502984046936,0.20164722204208374,0.22073522210121155,0.1516578644514084,0.17851781845092773,0.17150485515594482,0.2274549901485443,0.16837580502033234,0.17217667400836945,0.1790188103914261,0.17230816185474396,0.17293961346149445,0.22990837693214417,0.18035416305065155,0.17646147310733795,0.18654750287532806,0.20216310024261475,0.17309890687465668,0.15959438681602478,0.20173552632331848,0.15327170491218567,0.1621885746717453,0.17291370034217834,0.17929485440254211,0.1789243370294571,0.2419414520263672,0.1990540772676468,0.17547507584095,0.1811257302761078,0.18919825553894043,0.1424749344587326,0.1744779497385025,0.19063763320446014
11,0.761650562286377,0.26073265075683594,0.189593106508255,0.17958208918571472,0.1372375190258026,0.15281422436237335,0.16090081632137299,0.22614051401615143,0.16864421963691711,0.16587750613689423,0.18762512505054474,0.17061303555965424,0.17595331370830536,0.25228556990623474,0.20507194101810455,0.17668792605400085,0.19433391094207764,0.16907380521297455,0.1793072372674942,0.1569884568452835,0.2037009596824646,0.15502919256687164,0.15585534274578094,0.16892820596694946,0.17198753356933594,0.17446622252464294,0.23289969563484192,0.18667630851268768,0.178367018699646,0.18228009343147278,0.1787368655204773,0.1570667028427124,0.1755337417125702,0.18812651932239532
12,0.646129310131073,0.29652416706085205,0.17225047945976257,0.1928088665008545,0.1284891813993454,0.1383778601884842,0.16040854156017303,0.21571291983127594,0.163823664188385,0.18068577349185944,0.1829245686531067,0.1762600541114807,0.16840139031410217,0.24218499660491943,0.1926385760307312,0.1783568561077118,0.1847706437110901,0.18030354380607605,0.179835706949234,0.17727826535701752,0.215183287858963,0.1627439707517624,0.16529086232185364,0.17530325055122375,0.17735445499420166,0.17891578376293182,0.21413728594779968,0.2036990225315094,0.17190337181091309,0.16248153150081635,0.17862007021903992,0.14934268593788147,0.17164969444274902,0.19267131388187408
13,0.7620514035224915,0.2853408753871918,0.1612718403339386,0.15457168221473694,0.13255752623081207,0.16895411908626556,0.1969478279352188,0.2533351182937622,0.16803987324237823,0.18499594926834106,0.18813972175121307,0.16481390595436096,0.16234102845191956,0.21775133907794952,0.14985042810440063,0.16191993653774261,0.14619171619415283,0.1595449596643448,0.17993786931037903,0.17402377724647522,0.193905308842659,0.15511901676654816,0.1567232459783554,0.15165455639362335,0.15728533267974854,0.15517829358577728,0.19545160233974457,0.1699099838733673,0.17909881472587585,0.18256017565727234,0.2271166890859604,0.1681853085756302,0.15209557116031647,0.1934550553560257
14,0.5390840172767639,0.3252057433128357,0.17693202197551727,0.19021251797676086,0.1308623105287552,0.1525610089302063,0.19121962785720825,0.24087893962860107,0.15999801456928253,0.2105531096458435,0.20335546135902405,0.1968657672405243,0.17676712572574615,0.23898477852344513,0.16837753355503082,0.1728426218032837,0.15747830271720886,0.15696653723716736,0.16402485966682434,0.17104440927505493,0.19761539995670319,0.16274482011795044,0.17801398038864136,0.17142702639102936,0.1692044585943222,0.16128836572170258,0.21549338102340698,0.16527613997459412,0.1736782193183899,0.18169616162776947,0.2072574943304062,0.15555895864963531,0.16936719417572021,0.21385495364665985
15,0.5545654892921448,0.3391508460044861,0.15268093347549438,0.17333899438381195,0.11572398245334625,0.1270589381456375,0.15195180475711823,0.19774501025676727,0.14926698803901672,0.19908809661865234,0.1908319741487503,0.2005862295627594,0.17576107382774353,0.23552389442920685,0.176239013671875,0.1770254373550415,0.1631496697664261,0.16533763706684113,0.1649385243654251,0.1858917772769928,0.21741831302642822,0.17188294231891632,0.17980071902275085,0.1781725287437439,0.1793004423379898,0.2038828283548355,0.23201660811901093,0.20634587109088898,0.16656428575515747,0.16563671827316284,0.1648039072751999,0.15891660749912262,0.18211928009986877,0.20281873643398285
16,0.49758508801460266,0.32778018712997437,0.1869688332080841,0.18203617632389069,0.12449970841407776,0.14830192923545837,0.17651353776454926,0.19798803329467773,0.14701247215270996,0.2088572084903717,0.19889742136001587,0.20673763751983643,0.1778212934732437,0.22340913116931915,0.16924607753753662,0.17830024659633636,0.1518484205007553,0.1443784236907959,0.15458036959171295,0.1629541516304016,0.17770518362522125,0.16545356810092926,0.1824827790260315,0.16513437032699585,0.16433115303516388,0.17327381670475006,0.2351139783859253,0.16734693944454193,0.1709502637386322,0.17879843711853027,0.19514615833759308,0.15255889296531677,0.16951245069503784,0.21035055816173553
17,0.7224306464195251,0.3221910893917084,0.18353281915187836,0.19999960064888,0.1577049046754837,0.162863627076149,0.18132467567920685,0.24343907833099365,0.2003575563430786,0.23856478929519653,0.2131667584180832,0.2204616665840149,0.19918401539325714,0.26057523488998413,0.206016406416893,0.19366677105426788,0.1822139322757721,0.17996846139431,0.1401926577091217,0.14791761338710785,0.194573774933815,0.1599268615245819,0.16848096251487732,0.17939496040344238,0.17528092861175537,0.1724262535572052,0.21641643345355988,0.17604012787342072,0.1510002762079239,0.17988437414169312,0.18400660157203674,0.13097195327281952,0.16988644003868103,0.19367673993110657
18,0.3903191089630127,0.2790999710559845,0.20547056198120117,0.1980157494544983,0.1452062875032425,0.16440927982330322,0.1835104376077652,0.22347691655158997,0.17452096939086914,0.19457602500915527,0.18888434767723083,0.1894933134317398,0.1648349016904831,0.2198241949081421,0.18353235721588135,0.18238013982772827,0.17328235507011414,0.16669823229312897,0.1655493825674057,0.15755723416805267,0.17125900089740753,0.14639993011951447,0.159773588180542,0.1675242930650711,0.18113809823989868,0.200494647026062,0.26864710450172424,0.21597203612327576,0.17616792023181915,0.18057528138160706,0.18180306255817413,0.14339450001716614,0.17494669556617737,0.1892104595899582
19,0.40482646226882935,0.28161531686782837,0.2100246399641037,0.15792886912822723,0.13220718502998352,0.1529005616903305,0.1690180003643036,0.21916723251342773,0.16837891936302185,0.18113753199577332,0.19111663103103638,0.18548578023910522,0.1713448464870453,0.24183885753154755,0.19537591934204102,0.17562216520309448,0.1685381531715393,0.13731324672698975,0.16192467510700226,0.14824575185775757,0.16754305362701416,0.14165963232517242,0.14807666838169098,0.1567813605070114,0.1668626070022583,0.19103936851024628,0.2474057674407959,0.20915088057518005,0.18228179216384888,0.17893195152282715,0.17120613157749176,0.162851482629776,0.1655355542898178,0.19133976101875305
20,0.5654237866401672,0.28167691826820374,0.19285427033901215,0.13217972218990326,0.12468888610601425,0.17351101338863373,0.19655217230319977,0.21523058414459229,0.1499047726392746,0.17779919505119324,0.17084616422653198,0.16379894316196442,0.1521874964237213,0.18497590720653534,0.13610318303108215,0.15683850646018982,0.12215093523263931,0.1245226338505745,0.1446726769208908,0.14492201805114746,0.1463581770658493,0.13867849111557007,0.14248810708522797,0.12894919514656067,0.14186404645442963,0.17132578790187836,0.21475139260292053,0.1893688589334488,0.17970497906208038,0.17837080359458923,0.20426364243030548,0.16639873385429382,0.14623567461967468,0.2048209309577942
21,0.6092921495437622,0.3192799985408783,0.17859181761741638,0.1465405523777008,0.1130068376660347,0.135690838098526,0.15341514348983765,0.18420378863811493,0.13797946274280548,0.17150835692882538,0.16153600811958313,0.17413941025733948,0.1555052548646927,0.20311568677425385,0.16040118038654327,0.1532878428697586,0.14115826785564423,0.13433802127838135,0.13967853784561157,0.15487761795520782,0.16359730064868927,0.14100012183189392,0.14561979472637177,0.15125219523906708,0.16415885090827942,0.1944112330675125,0.23925544321537018,0.22466528415679932,0.16875232756137848,0.16547846794128418,0.17072628438472748,0.15800975263118744,0.16520653665065765,0.22532540559768677
22,0.7510666847229004,0.3175555467605591,0.17022648453712463,0.13483573496341705,0.10665874183177948,0.12571997940540314,0.14297029376029968,0.16863934695720673,0.13136735558509827,0.16222578287124634,0.15246735513210297,0.16449229419231415,0.15483695268630981,0.19580945372581482,0.15637242794036865,0.15071642398834229,0.13892550766468048,0.13236144185066223,0.13396747410297394,0.14990104734897614,0.16112825274467468,0.14219167828559875,0.14538629353046417,0.14867345988750458,0.1612589806318283,0.19028408825397491,0.24169936776161194,0.21603934466838837,0.1670231819152832,0.16690245270729065,0.17369310557842255,0.15005630254745483,0.1684228628873825,0.23224401473999023
23,0.6840670108795166,0.31369245052337646,0.19969134032726288,0.1386733502149582,0.11537625640630722,0.1455846130847931,0.17464497685432434,0.1793641895055771,0.1346108764410019,0.18041148781776428,0.1645878404378891,0.16786731779575348,0.16269156336784363,0.18787766993045807,0.14691191911697388,0.15868985652923584,0.13110437989234924,0.12728023529052734,0.13041207194328308,0.13501784205436707,0.14852815866470337,0.14336217939853668,0.15211635828018188,0.14022693037986755,0.14685381948947906,0.1650579273700714,0.2372657060623169,0.1684037744998932,0.17874261736869812,0.18730415403842926,0.21081475913524628,0.13960450887680054,0.16948603093624115,0.23748543858528137
24,0.6638946533203125,0.3076633810997009,0.1970144659280777,0.14012853801250458,0.11549079418182373,0.14016948640346527,0.17581890523433685,0.1884693056344986,0.14277395606040955,0.18423709273338318,0.16228561103343964,0.16607539355754852,0.163652241230011,0.1981877088546753,0.1559382677078247,0.16618259251117706,0.13835814595222473,0.13184744119644165,0.13205517828464508,0.14007392525672913,0.1616407185792923,0.14874500036239624,0.1548982858657837,0.14061397314071655,0.14625419676303864,0.16382978856563568,0.23647916316986084,0.16842105984687805,0.17955534160137177,0.18771988153457642,0.2093360722064972,0.136184424161911,0.16532856225967407,0.2327401489019394
25,1.0857665538787842,0.27131956815719604,0.1853671371936798,0.1362207978963852,0.11833393573760986,0.1382068395614624,0.15071754157543182,0.20277178287506104,0.1494276225566864,0.18938764929771423,0.16511034965515137,0.16787341237068176,0.16427502036094666,0.22181916236877441,0.17198875546455383,0.18099382519721985,0.16612231731414795,0.15380394458770752,0.12286626547574997,0.1278488039970398,0.16654255986213684,0.14032235741615295,0.14295460283756256,0.14692851901054382,0.14736562967300415,0.1464388221502304,0.2056954801082611,0.17793938517570496,0.16645511984825134,0.19321322441101074,0.19403357803821564,0.14149649441242218,0.16155675053596497,0.2664293646812439
26,1.094651222229004,0.2252635508775711,0.15180039405822754,0.10306167602539062,0.09290402382612228,0.11917027086019516,0.14397670328617096,0.1948377639055252,0.12301144748926163,0.16381005942821503,0.1306626945734024,0.15034420788288116,0.15289652347564697,0.22562672197818756,0.152110755443573,0.17409217357635498,0.14924827218055725,0.13880839943885803,0.1321674883365631,0.15187174081802368,0.2030361145734787,0.14610734581947327,0.13778409361839294,0.1276896744966507,0.13674373924732208,0.1527763456106186,0.20756106078624725,0.17706409096717834,0.18003173172473907,0.17404070496559143,0.18365192413330078,0.11912757903337479,0.13850510120391846,0.22584755718708038
27,0.9376679062843323,0.2653701603412628,0.17837005853652954,0.15408337116241455,0.11162153631448746,0.14704695343971252,0.1525055170059204,0.20695427060127258,0.12612545490264893,0.17598044872283936,0.17385557293891907,0.1813085377216339,0.1717490702867508,0.24862205982208252,0.15616007149219513,0.18066000938415527,0.15248118340969086,0.1564449667930603,0.14161138236522675,0.13970191776752472,0.1981068253517151,0.14232495427131653,0.14862869679927826,0.1456289291381836,0.15499776601791382,0.1671610027551651,0.2293739765882492,0.17597052454948425,0.19355210661888123,0.17821352183818817,0.17996619641780853,0.1349441260099411,0.1495918184518814,0.2347758710384369
28,0.9251145124435425,0.2660718858242035,0.18034803867340088,0.16691583395004272,0.11362152546644211,0.15695153176784515,0.15427793562412262,0.20217670500278473,0.12804727256298065,0.16586025059223175,0.16299256682395935,0.1713957041501999,0.15591855347156525,0.22621138393878937,0.15028859674930573,0.17142169177532196,0.15209071338176727,0.16069598495960236,0.15438412129878998,0.14266550540924072,0.1753050833940506,0.13051901757717133,0.1372770071029663,0.13510240614414215,0.14835084974765778,0.16601364314556122,0.25348639488220215,0.19764068722724915,0.18552754819393158,0.18462008237838745,0.18419888615608215,0.1281571090221405,0.16827787458896637,0.2235719859600067
29,1.1517568826675415,0.21454653143882751,0.14169029891490936,0.09246040880680084,0.08839478343725204,0.11468834429979324,0.12451504170894623,0.1665736883878708,0.11028771847486496,0.14388087391853333,0.1498117744922638,0.15450316667556763,0.15163612365722656,0.21574437618255615,0.15138110518455505,0.17723383009433746,0.15088298916816711,0.14263953268527985,0.15154358744621277,0.13532201945781708,0.17166361212730408,0.1350475698709488,0.13361863791942596,0.12998247146606445,0.14260762929916382,0.14798541367053986,0.20134440064430237,0.1625491827726364,0.18461887538433075,0.16691309213638306,0.18767721951007843,0.12086410075426102,0.14330153167247772,0.23799650371074677
30,1.1294796466827393,0.24241065979003906,0.1369587630033493,0.10511679202318192,0.08976268023252487,0.12993884086608887,0.12490751594305038,0.16791008412837982,0.10904271900653839,0.1555936634540558,0.18332922458648682,0.17212489247322083,0.18015863001346588,0.24515032768249512,0.16459782421588898,0.19445426762104034,0.14880019426345825,0.1466040462255478,0.15108484029769897,0.11760715395212173,0.1516089290380478,0.13252972066402435,0.13985945284366608,0.12432703375816345,0.1360616236925125,0.14128705859184265,0.20650741457939148,0.15698941051959991,0.19291341304779053,0.1622636616230011,0.1864027976989746,0.1285957396030426,0.14859917759895325,0.246956005692482
31,1.1135516166687012,0.30992257595062256,0.1607487052679062,0.13972879946231842,0.10807101428508759,0.12266373634338379,0.13034112751483917,0.1957893818616867,0.13357174396514893,0.16504934430122375,0.18049411475658417,0.17973710596561432,0.16499800980091095,0.2835901379585266,0.1953657567501068,0.18354874849319458,0.17791274189949036,0.16485846042633057,0.14533931016921997,0.1260230839252472,0.17419648170471191,0.1317012906074524,0.1415954977273941,0.15730330348014832,0.16792874038219452,0.15737709403038025,0.2001030296087265,0.16698956489562988,0.1662779599428177,0.14881914854049683,0.170806422829628,0.12585081160068512,0.15176114439964294,0.2523510158061981
32,0.7187598943710327,0.27254217863082886,0.1589021235704422,0.11649848520755768,0.09981001913547516,0.14339379966259003,0.17147894203662872,0.1922038346529007,0.12443807721138,0.1773529350757599,0.17380592226982117,0.17442241311073303,0.1829679161310196,0.2296968400478363,0.15361909568309784,0.18506795167922974,0.13608208298683167,0.16002994775772095,0.15741106867790222,0.14232824742794037,0.15634983777999878,0.1438102275133133,0.15122166275978088,0.1274249106645584,0.13578465580940247,0.15840372443199158,0.22310420870780945,0.15420687198638916,0.20212650299072266,0.1894073784351349,0.20126889646053314,0.12830980122089386,0.15061385929584503,0.24070101976394653
33,0.6432739496231079,0.2898077964782715,0.14460881054401398,0.15442806482315063,0.11667059361934662,0.15800786018371582,0.16432815790176392,0.2506084442138672,0.1619507074356079,0.21314220130443573,0.22640042006969452,0.21488970518112183,0.22256813943386078,0.2970040440559387,0.17458391189575195,0.20059409737586975,0.15311433374881744,0.18647736310958862,0.16377808153629303,0.14846274256706238,0.21264603734016418,0.1692647784948349,0.18260587751865387,0.16591127216815948,0.17601819336414337,0.19607169926166534,0.22727707028388977,0.15928249061107635,0.1909884512424469,0.17199434340000153,0.17777036130428314,0.12573067843914032,0.1672089695930481,0.20706021785736084
sum,24.862646102905273,9.776351928710938,5.958385467529297,5.487536430358887,4.336685657501221,5.053084373474121,5.494993209838867,7.245673179626465,5.222260475158691,6.119601249694824,6.1421403884887695,6.023125171661377,5.856759548187256,8.100142478942871,5.997025489807129,5.971926212310791,5.59834098815918,5.471611022949219,5.240318298339844,5.163540840148926,6.472377777099609,5.217541217803955,5.434042453765869,5.440688610076904,5.624244689941406,5.934028625488281,7.4088521003723145,6.200083255767822,5.907125473022461,5.97252893447876,6.4150776863098145,4.991294860839844,5.550013542175293,7.336052894592285
posi,1.0,2.0,3.0,4.0,5.0,6.0,7.0,8.0,9.0,10.0,11.0,12.0,13.0,14.0,15.0,16.0,17.0,18.0,19.0,20.0,21.0,22.0,23.0,24.0,25.0,26.0,27.0,28.0,29.0,30.0,31.0,32.0,33.0,34.0
contrib,0.11147863874253916,0.04383501258755157,0.02671609040623702,0.02460490684597796,0.019444745010308344,0.022656919342960314,0.02463834140569421,0.032488005479983775,0.023415467787301542,0.027438946528036808,0.027540007070859907,0.02700636900568166,0.026260422127715132,0.03631925795169689,0.026889343770608833,0.026776804128724695,0.025101730121301107,0.0245335008205653,0.023496435096193622,0.02315218185420923,0.02902071891431592,0.0233943076749143,0.024365051616295954,0.02439485151994892,0.02521787662481981,0.026606879681700255,0.03321966388355564,0.027799810148230405,0.026486251861058824,0.026779506602409398,0.028763797905400307,0.02237986875355305,0.024885040478940083,0.03289324825071006
