,M,I,V,Y,S,V,F,I,F,A,V,L,A,I,S,S,V,T,G,I,F,L,P,G,G,G,G,K,K,C,G,G,H,G,E,Y,G,S,G,V,I,I,G,A,E,R,P,K,K
0,0.19858475029468536,0.20401570200920105,0.1699071228504181,0.1807161271572113,0.16261939704418182,0.17972762882709503,0.25001925230026245,0.22314094007015228,0.2608475089073181,0.20536933839321136,0.19219045341014862,0.2582261264324188,0.20225955545902252,0.20614035427570343,0.14560732245445251,0.14527113735675812,0.16251087188720703,0.20338797569274902,0.1934340000152588,0.221644788980484,0.2385745495557785,0.221625417470932,0.18692854046821594,0.18124106526374817,0.18099795281887054,0.17620882391929626,0.16982264816761017,0.1660594344139099,0.16213613748550415,0.17576994001865387,0.17353445291519165,0.16900072991847992,0.1594560146331787,0.15546217560768127,0.15993718802928925,0.1522781252861023,0.1586151123046875,0.13107013702392578,0.15266254544258118,0.138593390583992,0.1586761772632599,0.16507208347320557,0.17312753200531006,0.16975702345371246,0.17093373835086823,0.178754061460495,0.1514321118593216,0.13840866088867188,0.1478019505739212
1,0.4231891930103302,0.13607162237167358,0.15600574016571045,0.13671304285526276,0.17286348342895508,0.1349494457244873,0.2561233341693878,0.14511510729789734,0.32085534930229187,0.20064978301525116,0.16808050870895386,0.16792930662631989,0.17933613061904907,0.15862338244915009,0.20406770706176758,0.2095031887292862,0.167426198720932,0.14762920141220093,0.2506445348262787,0.13073068857192993,0.24468845129013062,0.15435519814491272,0.1813051998615265,0.30708974599838257,0.29319462180137634,0.2715848982334137,0.25065886974334717,0.14948837459087372,0.14883875846862793,0.22846561670303345,0.18915784358978271,0.17857138812541962,0.13729989528656006,0.16977037489414215,0.20650602877140045,0.11637255549430847,0.1517743617296219,0.13515302538871765,0.16885502636432648,0.12154948711395264,0.10884092003107071,0.1089898943901062,0.18494325876235962,0.11332567781209946,0.1786205768585205,0.11712342500686646,0.12040644884109497,0.13846758008003235,0.1415596306324005
2,0.9520770907402039,0.14028258621692657,0.1556880623102188,0.14669868350028992,0.15036271512508392,0.12555518746376038,0.24631905555725098,0.1449391394853592,0.30925998091697693,0.17729920148849487,0.1533534824848175,0.15432733297348022,0.16044120490550995,0.1524101346731186,0.17779682576656342,0.18476423621177673,0.15644362568855286,0.13258697092533112,0.20926961302757263,0.15327495336532593,0.25862523913383484,0.15740227699279785,0.17016759514808655,0.20951434969902039,0.2086944580078125,0.21525028347969055,0.2212855964899063,0.15588359534740448,0.15119078755378723,0.15712961554527283,0.16045044362545013,0.15744560956954956,0.14883914589881897,0.15654119849205017,0.17542152106761932,0.1240292564034462,0.13633385300636292,0.12482529133558273,0.15243420004844666,0.1163259744644165,0.13230912387371063,0.13922026753425598,0.17415782809257507,0.13672955334186554,0.1793656051158905,0.14153824746608734,0.14753934741020203,0.13595719635486603,0.14581725001335144
3,0.9434776902198792,0.15116596221923828,0.1733209788799286,0.154706209897995,0.1611146628856659,0.13306833803653717,0.21311986446380615,0.13537169992923737,0.25667357444763184,0.16008372604846954,0.1682300716638565,0.15803730487823486,0.14227207005023956,0.15122674405574799,0.18400448560714722,0.19680142402648926,0.14411811530590057,0.12657882273197174,0.22985337674617767,0.12246821075677872,0.19198818504810333,0.12853538990020752,0.1469556987285614,0.24278055131435394,0.21642015874385834,0.19904296100139618,0.193587064743042,0.15866532921791077,0.16649296879768372,0.2859235405921936,0.17291243374347687,0.15887564420700073,0.13267609477043152,0.1638375073671341,0.19957798719406128,0.1415802240371704,0.1631249636411667,0.12938253581523895,0.17210562527179718,0.10465668141841888,0.1260215938091278,0.13193346560001373,0.20638734102249146,0.10269296169281006,0.1785232126712799,0.11987672001123428,0.12109193950891495,0.16319981217384338,0.17707867920398712
4,0.819135844707489,0.14152409136295319,0.15644384920597076,0.12610307335853577,0.15490691363811493,0.12559890747070312,0.195049449801445,0.12606710195541382,0.23567473888397217,0.14657822251319885,0.16604694724082947,0.1809142380952835,0.15016743540763855,0.1558176875114441,0.23692268133163452,0.24210776388645172,0.16171464323997498,0.15365424752235413,0.18175983428955078,0.11460845917463303,0.19219277799129486,0.1494581550359726,0.13400152325630188,0.1889583170413971,0.1914932280778885,0.19585540890693665,0.20079825818538666,0.1648380011320114,0.15712116658687592,0.30783191323280334,0.16115470230579376,0.15472829341888428,0.1487879455089569,0.15520763397216797,0.19814631342887878,0.12892033159732819,0.14695799350738525,0.17058905959129333,0.16097110509872437,0.13736484944820404,0.13060185313224792,0.1340634524822235,0.20011410117149353,0.13389237225055695,0.24027808010578156,0.14493978023529053,0.1389663964509964,0.15867626667022705,0.1633325219154358
5,0.8654342293739319,0.15064476430416107,0.16392412781715393,0.13524754345417023,0.1484476625919342,0.11439603567123413,0.1675361692905426,0.13361044228076935,0.19892099499702454,0.13349856436252594,0.13822440803050995,0.1411283314228058,0.14229299128055573,0.15376392006874084,0.20656700432300568,0.21861384809017181,0.15213270485401154,0.14890863001346588,0.2018151879310608,0.14073607325553894,0.1922110617160797,0.14231781661510468,0.1471879631280899,0.1992017775774002,0.20759722590446472,0.21356120705604553,0.21434757113456726,0.14742138981819153,0.1377151757478714,0.20105955004692078,0.16595281660556793,0.17107926309108734,0.1573028862476349,0.17946434020996094,0.1946783810853958,0.13437680900096893,0.16917684674263,0.1675637662410736,0.19655950367450714,0.14392338693141937,0.16922320425510406,0.16987790167331696,0.2122458517551422,0.1486922651529312,0.21145813167095184,0.15286433696746826,0.16390179097652435,0.14256316423416138,0.1479249894618988
6,0.47121134400367737,0.14745934307575226,0.15270951390266418,0.15033724904060364,0.1579960286617279,0.1216089054942131,0.18005922436714172,0.15819108486175537,0.2034514993429184,0.13222505152225494,0.13150767982006073,0.15621261298656464,0.1361747533082962,0.15957997739315033,0.19107167422771454,0.19168776273727417,0.134135901927948,0.15591207146644592,0.21616220474243164,0.14536333084106445,0.1568661630153656,0.13730040192604065,0.1438635140657425,0.21627795696258545,0.23725411295890808,0.25061434507369995,0.25114706158638,0.14300212264060974,0.13368210196495056,0.26421698927879333,0.20726001262664795,0.21714968979358673,0.16698849201202393,0.22047361731529236,0.205204576253891,0.1371116042137146,0.20737949013710022,0.1846432387828827,0.24740275740623474,0.15341728925704956,0.1677163690328598,0.1589873731136322,0.22799508273601532,0.14537234604358673,0.20164430141448975,0.13524942100048065,0.1516733020544052,0.1318778544664383,0.1428402215242386
7,0.3842020034790039,0.13975006341934204,0.1617489457130432,0.12251215428113937,0.15458400547504425,0.11281147599220276,0.17132468521595,0.13083462417125702,0.20115429162979126,0.14044827222824097,0.15042710304260254,0.16879811882972717,0.1541830599308014,0.16902104020118713,0.2179647833108902,0.2193697839975357,0.15361015498638153,0.15167959034442902,0.23257432878017426,0.12136030942201614,0.17706888914108276,0.1440816968679428,0.15906989574432373,0.2952778935432434,0.3017449378967285,0.292120099067688,0.2703145146369934,0.1313547044992447,0.12700475752353668,0.3053281903266907,0.20921456813812256,0.20932066440582275,0.14786873757839203,0.20715099573135376,0.2595255374908447,0.12411287426948547,0.20193663239479065,0.16765277087688446,0.23347334563732147,0.13599739968776703,0.11992153525352478,0.11723881959915161,0.20500534772872925,0.11555671691894531,0.22132907807826996,0.12293373793363571,0.13036836683750153,0.13087408244609833,0.1336851716041565
8,0.5789243578910828,0.14055269956588745,0.15373684465885162,0.1464841216802597,0.1452886462211609,0.12078864127397537,0.18124182522296906,0.15187400579452515,0.20387056469917297,0.14106591045856476,0.13971856236457825,0.16571402549743652,0.15015888214111328,0.16289521753787994,0.17877615988254547,0.17432083189487457,0.13551779091358185,0.1519957035779953,0.215427964925766,0.14952602982521057,0.17444314062595367,0.1522834599018097,0.15127778053283691,0.21667610108852386,0.23446086049079895,0.24804942309856415,0.25325995683670044,0.14850777387619019,0.1393762230873108,0.29947182536125183,0.2119094282388687,0.22025977075099945,0.16810092329978943,0.21622902154922485,0.23311036825180054,0.14192163944244385,0.1916942000389099,0.1638626754283905,0.232334703207016,0.1389898657798767,0.14247949421405792,0.131979301571846,0.1883460432291031,0.13898397982120514,0.2047031968832016,0.12542277574539185,0.14186283946037292,0.12079451233148575,0.12735798954963684
9,0.571596086025238,0.14161597192287445,0.17184120416641235,0.13420207798480988,0.12500952184200287,0.12409881502389908,0.18252621591091156,0.1476762741804123,0.20611056685447693,0.14116887748241425,0.17347021400928497,0.18049518764019012,0.16826418042182922,0.1943640559911728,0.1852356195449829,0.1845390647649765,0.15980510413646698,0.1732514500617981,0.2105100005865097,0.15610243380069733,0.1971830129623413,0.15448811650276184,0.15298675000667572,0.22658370435237885,0.22456571459770203,0.22831690311431885,0.22686657309532166,0.17144723236560822,0.15959404408931732,0.4454801082611084,0.17832142114639282,0.18036532402038574,0.15190964937210083,0.16130922734737396,0.2573118209838867,0.14919450879096985,0.14881563186645508,0.14490722119808197,0.18597187101840973,0.12940280139446259,0.12099863588809967,0.11730826646089554,0.1434812694787979,0.10995617508888245,0.24294622242450714,0.12591281533241272,0.1266644299030304,0.1357034593820572,0.13639263808727264
10,1.0300103425979614,0.13249483704566956,0.16711503267288208,0.11818093061447144,0.13667243719100952,0.12212388217449188,0.17370960116386414,0.12645432353019714,0.2081393003463745,0.15337838232517242,0.15506187081336975,0.15799373388290405,0.16265469789505005,0.14910659193992615,0.18180836737155914,0.19146695733070374,0.166749969124794,0.1586761325597763,0.2067585587501526,0.14363913238048553,0.20369766652584076,0.1585918366909027,0.15518070757389069,0.19461452960968018,0.19517011940479279,0.2046971619129181,0.2177017629146576,0.14958630502223969,0.14061817526817322,0.21904611587524414,0.17671802639961243,0.17849348485469818,0.1607711911201477,0.17963647842407227,0.19744619727134705,0.13174515962600708,0.1520121693611145,0.15213437378406525,0.17898328602313995,0.14214275777339935,0.1457667499780655,0.1405513435602188,0.16361963748931885,0.15460415184497833,0.1966024786233902,0.1448063999414444,0.14229339361190796,0.11658511310815811,0.11699679493904114
11,0.5483932495117188,0.14233925938606262,0.1632491946220398,0.13359272480010986,0.13328053057193756,0.12555983662605286,0.15976053476333618,0.14130249619483948,0.18778051435947418,0.1568330079317093,0.16402645409107208,0.1608048379421234,0.17632997035980225,0.18049964308738708,0.20063507556915283,0.20340251922607422,0.17144209146499634,0.17374129593372345,0.23432326316833496,0.15645162761211395,0.19121219217777252,0.1550777554512024,0.16860568523406982,0.23725298047065735,0.23561277985572815,0.24226036667823792,0.24345900118350983,0.18629008531570435,0.1713174432516098,0.24663366377353668,0.1755683869123459,0.18139584362506866,0.14558260142803192,0.18169638514518738,0.217040553689003,0.13256403803825378,0.15644198656082153,0.1547955870628357,0.1793958991765976,0.1380656510591507,0.13888825476169586,0.13504061102867126,0.1781255453824997,0.1365894228219986,0.1994677037000656,0.1532614529132843,0.14745914936065674,0.15715612471103668,0.15566889941692352
12,0.5104705095291138,0.13574251532554626,0.17628735303878784,0.11749383062124252,0.13930661976337433,0.1333199292421341,0.21753105521202087,0.1611020565032959,0.24817892909049988,0.149128720164299,0.16577501595020294,0.15951566398143768,0.16352017223834991,0.17924906313419342,0.18509486317634583,0.18988698720932007,0.16351734101772308,0.19207945466041565,0.2476140409708023,0.1608848124742508,0.19995646178722382,0.14480218291282654,0.14148057997226715,0.2303737998008728,0.23627784848213196,0.24367466568946838,0.24370220303535461,0.17282134294509888,0.15916365385055542,0.3464573919773102,0.19551068544387817,0.19729308784008026,0.13113707304000854,0.16886988282203674,0.2219463437795639,0.128749281167984,0.15367437899112701,0.14854490756988525,0.19621513783931732,0.1329914927482605,0.13075262308120728,0.12417829781770706,0.16616137325763702,0.11281682550907135,0.21662618219852448,0.12340554594993591,0.11991159617900848,0.1385689377784729,0.14146603643894196
13,0.44549766182899475,0.12507647275924683,0.16275322437286377,0.11101246625185013,0.16404610872268677,0.12420220673084259,0.2099071592092514,0.13769041001796722,0.24379564821720123,0.16834233701229095,0.15369243919849396,0.16042207181453705,0.1639004796743393,0.14862821996212006,0.1928061842918396,0.1994699388742447,0.15243791043758392,0.16257841885089874,0.2662571370601654,0.12205038219690323,0.17800788581371307,0.13807925581932068,0.1502189338207245,0.3006179630756378,0.30054470896720886,0.2928108870983124,0.2825254201889038,0.14214716851711273,0.1337909698486328,0.2691701054573059,0.2286054641008377,0.22294580936431885,0.13072331249713898,0.2088278830051422,0.2406771183013916,0.11349967867136002,0.1922839730978012,0.16769598424434662,0.22560465335845947,0.1282356232404709,0.11375000327825546,0.10902541130781174,0.2087494134902954,0.11227033287286758,0.19685713946819305,0.10380909591913223,0.10986748337745667,0.12400447577238083,0.1272955685853958
14,0.7118178606033325,0.11741209030151367,0.13908323645591736,0.10501104593276978,0.12906748056411743,0.11394096165895462,0.20494410395622253,0.1266210675239563,0.2591371536254883,0.17484848201274872,0.16066718101501465,0.17970353364944458,0.17626754939556122,0.14760693907737732,0.20518255233764648,0.20370252430438995,0.15885181725025177,0.17128881812095642,0.21252882480621338,0.11291737854480743,0.1881786286830902,0.1486584097146988,0.13421788811683655,0.2369171530008316,0.24316604435443878,0.24720318615436554,0.25154563784599304,0.1571374386548996,0.14721634984016418,0.3535522520542145,0.19422107934951782,0.1884259283542633,0.13637156784534454,0.1764461100101471,0.2431575357913971,0.11536034196615219,0.1601218283176422,0.17487628757953644,0.1685023307800293,0.13572198152542114,0.11101291328668594,0.11064685136079788,0.17787256836891174,0.12280640751123428,0.23546937108039856,0.11426138132810593,0.11265193670988083,0.1292261779308319,0.13345862925052643
15,0.7042762041091919,0.11308207362890244,0.13913606107234955,0.1072138249874115,0.1233481839299202,0.11522369086742401,0.1908172219991684,0.1203957051038742,0.23355607688426971,0.17877012491226196,0.16626766324043274,0.18723686039447784,0.183036208152771,0.14711089432239532,0.20144487917423248,0.19617518782615662,0.15644600987434387,0.16790986061096191,0.19660986959934235,0.10876194387674332,0.1743302196264267,0.1549157053232193,0.1316387802362442,0.2287866771221161,0.2348148673772812,0.2379765808582306,0.2389490008354187,0.15701846778392792,0.1476958990097046,0.38168179988861084,0.18502113223075867,0.17882418632507324,0.1438761055469513,0.1730947494506836,0.2574358284473419,0.12166611105203629,0.16035212576389313,0.182350292801857,0.16595859825611115,0.15459932386875153,0.11502225697040558,0.11580902338027954,0.17938058078289032,0.1323869675397873,0.25462162494659424,0.12172593921422958,0.11735228449106216,0.13399001955986023,0.13701428472995758
16,0.8041247129440308,0.11573132127523422,0.14971767365932465,0.12145854532718658,0.1241316869854927,0.11817491054534912,0.17041686177253723,0.11727514863014221,0.19793730974197388,0.1791374236345291,0.1507897973060608,0.1483229398727417,0.1790430247783661,0.13641968369483948,0.18522420525550842,0.18554693460464478,0.15819019079208374,0.15207156538963318,0.20935049653053284,0.12258828431367874,0.18084536492824554,0.1513228565454483,0.14156650006771088,0.22243833541870117,0.22996841371059418,0.23496299982070923,0.23630812764167786,0.14937394857406616,0.13669650256633759,0.23351940512657166,0.1780998557806015,0.18125465512275696,0.15207549929618835,0.18762893974781036,0.23956507444381714,0.13041065633296967,0.16724374890327454,0.1710023432970047,0.19164960086345673,0.16861718893051147,0.15415532886981964,0.14795462787151337,0.20137406885623932,0.16122962534427643,0.23084798455238342,0.15691153705120087,0.14071820676326752,0.12369998544454575,0.11953742057085037
17,0.3522742986679077,0.1350363790988922,0.17344757914543152,0.15161384642124176,0.14285479485988617,0.15181967616081238,0.19310203194618225,0.15751641988754272,0.21440212428569794,0.18216735124588013,0.1742551475763321,0.1631421446800232,0.18352042138576508,0.16364707052707672,0.19608280062675476,0.20042940974235535,0.17093846201896667,0.17478439211845398,0.20670151710510254,0.13271895051002502,0.16177129745483398,0.14274123311042786,0.1557660698890686,0.23533448576927185,0.2581291198730469,0.26847872138023376,0.25331389904022217,0.18343514204025269,0.16470560431480408,0.29939135909080505,0.17903859913349152,0.17731048166751862,0.14028507471084595,0.16246071457862854,0.22182470560073853,0.11694780737161636,0.1600482016801834,0.16748046875,0.18428519368171692,0.17439711093902588,0.15067705512046814,0.15096601843833923,0.1920047253370285,0.14131657779216766,0.21762770414352417,0.13633759319782257,0.1333080232143402,0.14499694108963013,0.15068553388118744
18,0.3449779152870178,0.14436380565166473,0.17201659083366394,0.11711949855089188,0.12249676883220673,0.13071532547473907,0.21934211254119873,0.1586775928735733,0.2655138671398163,0.1616407334804535,0.14854928851127625,0.13765834271907806,0.1636914759874344,0.17304551601409912,0.1865525096654892,0.1822456568479538,0.1527845561504364,0.1537061631679535,0.17800581455230713,0.1280529946088791,0.18464295566082,0.1432085484266281,0.13668017089366913,0.22312964498996735,0.2433801293373108,0.2650814354419708,0.27258360385894775,0.18250830471515656,0.16954754292964935,0.3097725212574005,0.23624025285243988,0.23816147446632385,0.1677381545305252,0.21190480887889862,0.19465157389640808,0.11288361996412277,0.15570341050624847,0.13049176335334778,0.20001520216464996,0.16514427959918976,0.15870925784111023,0.1443687528371811,0.17490535974502563,0.130801260471344,0.19599315524101257,0.1603313386440277,0.14036431908607483,0.16492454707622528,0.1649252325296402
19,0.2997232675552368,0.12820404767990112,0.18719159066677094,0.129840686917305,0.16146419942378998,0.1362772136926651,0.17841169238090515,0.12962280213832855,0.19180065393447876,0.17340534925460815,0.1483064442873001,0.14554652571678162,0.18009227514266968,0.15034222602844238,0.22174251079559326,0.21365079283714294,0.15141907334327698,0.1518140584230423,0.2143383026123047,0.1035691648721695,0.14210821688175201,0.12977153062820435,0.13190607726573944,0.27161556482315063,0.28242993354797363,0.28586244583129883,0.28062528371810913,0.16416795551776886,0.15570606291294098,0.2923072576522827,0.2395467758178711,0.23452529311180115,0.14386685192584991,0.20958396792411804,0.23249508440494537,0.11069399118423462,0.18085244297981262,0.1665872484445572,0.22812092304229736,0.16190944612026215,0.1302422434091568,0.1235409677028656,0.2190408706665039,0.12721064686775208,0.22171133756637573,0.13347844779491425,0.1199045330286026,0.15489353239536285,0.15667274594306946
20,0.4276680648326874,0.13146789371967316,0.18083325028419495,0.15674267709255219,0.164289653301239,0.14357580244541168,0.19044753909111023,0.1446765661239624,0.19645562767982483,0.16730770468711853,0.13757608830928802,0.1408480405807495,0.16414782404899597,0.12525872886180878,0.1793871968984604,0.1765281856060028,0.13474668562412262,0.14421439170837402,0.18433238565921783,0.1052023246884346,0.13612577319145203,0.12750102579593658,0.1149587333202362,0.1976824253797531,0.2214556336402893,0.24647730588912964,0.2620851993560791,0.18269167840480804,0.17320425808429718,0.2847277820110321,0.23562858998775482,0.24419061839580536,0.17114198207855225,0.23102347552776337,0.20979613065719604,0.13616535067558289,0.19597949087619781,0.17089985311031342,0.24383544921875,0.17091549932956696,0.14880257844924927,0.14055949449539185,0.21678407490253448,0.15800975263118744,0.21250604093074799,0.14264585077762604,0.1343170404434204,0.15383197367191315,0.15934759378433228
21,0.4661552608013153,0.1306755095720291,0.16081158816814423,0.13821622729301453,0.12809522449970245,0.1200815737247467,0.15101301670074463,0.1236615851521492,0.1666267067193985,0.1562933325767517,0.14775095880031586,0.13815097510814667,0.17881380021572113,0.149875670671463,0.18171238899230957,0.17600096762180328,0.1471032351255417,0.14098578691482544,0.18866126239299774,0.11952713131904602,0.14929421246051788,0.12790623307228088,0.13350974023342133,0.20880506932735443,0.22308111190795898,0.24309292435646057,0.2522445023059845,0.21226567029953003,0.1940680742263794,0.32060113549232483,0.18831592798233032,0.19685578346252441,0.1640978753566742,0.19529275596141815,0.26246389746665955,0.14314232766628265,0.15914136171340942,0.16744495928287506,0.19021552801132202,0.16066022217273712,0.14732569456100464,0.14638970792293549,0.19543439149856567,0.1517755389213562,0.2745136320590973,0.16921329498291016,0.14817433059215546,0.19788795709609985,0.19209617376327515
22,0.796589195728302,0.15963834524154663,0.18029184639453888,0.14820729196071625,0.15125025808811188,0.13556267321109772,0.21470996737480164,0.15986241400241852,0.2645440697669983,0.17556436359882355,0.1840655505657196,0.1904047727584839,0.16924980282783508,0.16442102193832397,0.1791025996208191,0.17998024821281433,0.1496490240097046,0.12343413382768631,0.17074641585350037,0.12051128596067429,0.1683802753686905,0.13104192912578583,0.1527242213487625,0.17837873101234436,0.1760963350534439,0.17759835720062256,0.18063373863697052,0.17772670090198517,0.17434120178222656,0.3570493757724762,0.16378210484981537,0.16292576491832733,0.15997888147830963,0.16460579633712769,0.26882514357566833,0.1353367269039154,0.13902278244495392,0.14199665188789368,0.15217381715774536,0.12959152460098267,0.1422654241323471,0.1430387943983078,0.15376202762126923,0.12490355968475342,0.23165927827358246,0.14227283000946045,0.14543622732162476,0.14075741171836853,0.1417497992515564
23,0.765668511390686,0.13650818169116974,0.1580057293176651,0.10405882447957993,0.11722975969314575,0.10727842897176743,0.21436750888824463,0.13035732507705688,0.2707722783088684,0.14412689208984375,0.15002943575382233,0.147591695189476,0.13494150340557098,0.1404258906841278,0.16828858852386475,0.16709423065185547,0.1331755369901657,0.13120685517787933,0.1432572603225708,0.11273405700922012,0.1910223513841629,0.13581585884094238,0.12218070775270462,0.16331717371940613,0.18264201283454895,0.21030975878238678,0.23329858481884003,0.17217203974723816,0.15824070572853088,0.31919875741004944,0.20409026741981506,0.2123677134513855,0.18463820219039917,0.2153184562921524,0.20698675513267517,0.1371144950389862,0.16393718123435974,0.15399745106697083,0.20000961422920227,0.1799076348543167,0.17356117069721222,0.15881647169589996,0.1789294332265854,0.15482942759990692,0.23306596279144287,0.16330179572105408,0.15385615825653076,0.1500442624092102,0.14619968831539154
24,0.7217327356338501,0.13894344866275787,0.156697079539299,0.10425994545221329,0.11619644612073898,0.10710391402244568,0.21372400224208832,0.13648450374603271,0.2886604070663452,0.14801427721977234,0.1506458967924118,0.1467706710100174,0.13440778851509094,0.14751151204109192,0.18081027269363403,0.17892083525657654,0.13973984122276306,0.131805419921875,0.15060290694236755,0.1190110296010971,0.2073560357093811,0.14083647727966309,0.1254967749118805,0.1640692502260208,0.18089953064918518,0.20901700854301453,0.23522567749023438,0.17111019790172577,0.15721844136714935,0.3004646301269531,0.19638289511203766,0.2045697420835495,0.17470711469650269,0.21570459008216858,0.2011290341615677,0.13151110708713531,0.16027316451072693,0.150207981467247,0.20029759407043457,0.18535876274108887,0.18546700477600098,0.16769954562187195,0.17630872130393982,0.1513984650373459,0.22278563678264618,0.17202596366405487,0.15646708011627197,0.14430686831474304,0.1389113962650299
25,0.6743735074996948,0.14091932773590088,0.1566556990146637,0.10795137286186218,0.11796541512012482,0.1091582402586937,0.21986380219459534,0.14038515090942383,0.30229732394218445,0.15233376622200012,0.15128549933433533,0.14241217076778412,0.13666926324367523,0.15399332344532013,0.18670980632305145,0.18358123302459717,0.14837384223937988,0.13593286275863647,0.1646072119474411,0.12518417835235596,0.22413203120231628,0.1403261423110962,0.12822741270065308,0.1722296178340912,0.18727274239063263,0.21599337458610535,0.24681884050369263,0.17631033062934875,0.16304095089435577,0.29608094692230225,0.20146937668323517,0.2050749808549881,0.16244342923164368,0.21548490226268768,0.19839417934417725,0.12512120604515076,0.15882164239883423,0.1398649364709854,0.19903533160686493,0.1762004792690277,0.17741285264492035,0.16030190885066986,0.1657457947731018,0.1394558846950531,0.21786561608314514,0.1715291142463684,0.15254463255405426,0.14304395020008087,0.13444457948207855
26,0.7249207496643066,0.13703443109989166,0.15505512058734894,0.1087149828672409,0.11982555687427521,0.10985439270734787,0.22380077838897705,0.13335077464580536,0.2951350212097168,0.1521441489458084,0.15161801874637604,0.13916261494159698,0.14024925231933594,0.15270045399665833,0.18337029218673706,0.18011681735515594,0.15197806060314178,0.13837933540344238,0.1741475760936737,0.12558291852474213,0.2283865213394165,0.13519084453582764,0.12733612954616547,0.18048375844955444,0.1945669949054718,0.22358761727809906,0.25943952798843384,0.1802089512348175,0.16852112114429474,0.31590765714645386,0.21336540579795837,0.2074422389268875,0.1525292843580246,0.209283247590065,0.20033971965312958,0.12106586992740631,0.16129057109355927,0.13250002264976501,0.19930332899093628,0.16167627274990082,0.1551571637392044,0.14192168414592743,0.15439791977405548,0.12725378572940826,0.2205997109413147,0.1613558530807495,0.14425648748874664,0.14499014616012573,0.13306574523448944
27,0.8118155002593994,0.13231588900089264,0.17597287893295288,0.12780167162418365,0.15028958022594452,0.12217826396226883,0.18655836582183838,0.1087457686662674,0.2196643352508545,0.1511267125606537,0.15844430029392242,0.15902185440063477,0.16172318160533905,0.1330127716064453,0.19802531599998474,0.20326854288578033,0.16840282082557678,0.1437332034111023,0.20278051495552063,0.11407330632209778,0.181367427110672,0.13030306994915009,0.14187657833099365,0.22143036127090454,0.22312428057193756,0.22824862599372864,0.23992054164409637,0.16229529678821564,0.15197058022022247,0.33095067739486694,0.2041425257921219,0.18211814761161804,0.12585683166980743,0.16512522101402283,0.21300053596496582,0.12406785041093826,0.16567037999629974,0.15400908887386322,0.1963689625263214,0.1510353833436966,0.12623600661754608,0.12448078393936157,0.1714840829372406,0.1297958344221115,0.2548021376132965,0.13838502764701843,0.1367758959531784,0.13771647214889526,0.1263604462146759
28,0.9228752255439758,0.12134993821382523,0.17058326303958893,0.11983008682727814,0.15281137824058533,0.12296317517757416,0.17609618604183197,0.09955840557813644,0.2014613151550293,0.14173470437526703,0.15310798585414886,0.15586814284324646,0.16435328125953674,0.12842971086502075,0.19800592958927155,0.2038762867450714,0.16256137192249298,0.15127301216125488,0.1992858648300171,0.10518498718738556,0.1680033802986145,0.12542076408863068,0.13585132360458374,0.21711717545986176,0.22136643528938293,0.22668640315532684,0.2366877794265747,0.15785178542137146,0.14764662086963654,0.35138681530952454,0.19997014105319977,0.17585206031799316,0.1264735460281372,0.15649355947971344,0.20496419072151184,0.12468624114990234,0.16915546357631683,0.16470734775066376,0.19654563069343567,0.15302200615406036,0.12507684528827667,0.12411917001008987,0.17605173587799072,0.1324884444475174,0.27185744047164917,0.1331482082605362,0.13269421458244324,0.13537929952144623,0.12507706880569458
29,0.7057874202728271,0.11476453393697739,0.16828671097755432,0.1275397539138794,0.1567714959383011,0.13630835711956024,0.16796346008777618,0.10881561040878296,0.20341435074806213,0.17254894971847534,0.18116460740566254,0.19921138882637024,0.18535080552101135,0.13810046017169952,0.18864338099956512,0.1804119050502777,0.15719768404960632,0.21971693634986877,0.20502454042434692,0.10974806547164917,0.1694437712430954,0.15242308378219604,0.14641118049621582,0.19916319847106934,0.21058394014835358,0.23145703971385956,0.2561853528022766,0.17918093502521515,0.1709999144077301,0.3546375632286072,0.19608767330646515,0.17224016785621643,0.13058803975582123,0.1696845442056656,0.18730475008487701,0.13585920631885529,0.16197620332241058,0.17600327730178833,0.17165438830852509,0.1609969586133957,0.12209925055503845,0.12128838896751404,0.18015502393245697,0.1471799910068512,0.1989399492740631,0.14071479439735413,0.13482017815113068,0.11949364840984344,0.11463414132595062
30,0.9332817196846008,0.12062212824821472,0.14351917803287506,0.09268791228532791,0.12271396070718765,0.10501378774642944,0.19479456543922424,0.11391878873109818,0.21464216709136963,0.13247384130954742,0.13188861310482025,0.13359670341014862,0.1607198566198349,0.15235280990600586,0.20101118087768555,0.19671395421028137,0.14365127682685852,0.17778342962265015,0.18248534202575684,0.10975998640060425,0.17807243764400482,0.12598444521427155,0.11563516408205032,0.18585161864757538,0.20784416794776917,0.23283398151397705,0.2511046230792999,0.15809640288352966,0.14496976137161255,0.3958699703216553,0.1959289014339447,0.18610243499279022,0.14326538145542145,0.16953244805335999,0.19459131360054016,0.1179017573595047,0.16265948116779327,0.1541678011417389,0.18569086492061615,0.1654113531112671,0.14748066663742065,0.1405652016401291,0.1721394658088684,0.1357755959033966,0.26177504658699036,0.14852659404277802,0.13603031635284424,0.13717631995677948,0.1322707086801529
31,0.8119593858718872,0.12618382275104523,0.13686734437942505,0.0945664644241333,0.11834955215454102,0.10241290926933289,0.2089976966381073,0.12437906861305237,0.23593249917030334,0.14264783263206482,0.1352299302816391,0.14132630825042725,0.17250783741474152,0.16695182025432587,0.20868347585201263,0.20270860195159912,0.14537063241004944,0.177248015999794,0.19108326733112335,0.11779743432998657,0.19444598257541656,0.13459324836730957,0.12359589338302612,0.19577071070671082,0.21863269805908203,0.24116693437099457,0.25385016202926636,0.15387684106826782,0.14070433378219604,0.3748847544193268,0.18853530287742615,0.18335303664207458,0.1468113213777542,0.16540104150772095,0.20463456213474274,0.11693641543388367,0.15126219391822815,0.1473824679851532,0.1714615672826767,0.1584736406803131,0.144438698887825,0.1389172226190567,0.16610035300254822,0.13702885806560516,0.2665843963623047,0.1518084853887558,0.1373484581708908,0.13663914799690247,0.13485795259475708
32,0.6237735152244568,0.14153967797756195,0.1404024064540863,0.14096245169639587,0.15079601109027863,0.1225094273686409,0.2291378527879715,0.1433703899383545,0.258649617433548,0.18386200070381165,0.15501883625984192,0.18082858622074127,0.18847839534282684,0.16450990736484528,0.21939148008823395,0.2202095240354538,0.1507309526205063,0.19240054488182068,0.20963630080223083,0.12876975536346436,0.18944163620471954,0.15550702810287476,0.15147490799427032,0.18891966342926025,0.19307446479797363,0.19513772428035736,0.19725772738456726,0.1410810351371765,0.13515785336494446,0.26354360580444336,0.1606670469045639,0.15546013414859772,0.13383705914020538,0.14542999863624573,0.24102778732776642,0.14310608804225922,0.14944297075271606,0.17502537369728088,0.15759268403053284,0.14666040241718292,0.14432907104492188,0.1427212804555893,0.16417208313941956,0.15612556040287018,0.27197080850601196,0.142473042011261,0.1529209315776825,0.14356018602848053,0.14802035689353943
33,0.7435425519943237,0.1313297301530838,0.13256770372390747,0.10287053138017654,0.11689520627260208,0.10632828623056412,0.23194736242294312,0.13475313782691956,0.27349770069122314,0.1649543046951294,0.1540025919675827,0.16776272654533386,0.1862613707780838,0.1793806403875351,0.19721391797065735,0.19034606218338013,0.1517520397901535,0.15589766204357147,0.177598774433136,0.12902961671352386,0.22930943965911865,0.14781548082828522,0.13190342485904694,0.19533899426460266,0.21501877903938293,0.23727023601531982,0.2567403316497803,0.16034595668315887,0.1492556929588318,0.35217443108558655,0.1809677630662918,0.17111055552959442,0.15774591267108917,0.15460607409477234,0.22486533224582672,0.11993200331926346,0.13215911388397217,0.13799014687538147,0.14676333963871002,0.1468193680047989,0.12998194992542267,0.12659986317157745,0.14081990718841553,0.1306769996881485,0.27119576930999756,0.15044060349464417,0.13491052389144897,0.14075374603271484,0.14009936153888702
34,0.8541775345802307,0.13056080043315887,0.15878668427467346,0.12969738245010376,0.13086611032485962,0.12359455227851868,0.1896471083164215,0.12410558760166168,0.21415875852108002,0.15677672624588013,0.17373986542224884,0.18546561896800995,0.17506709694862366,0.15776057541370392,0.1861322522163391,0.17782282829284668,0.1476648896932602,0.13895459473133087,0.16853965818881989,0.12045672535896301,0.16657103598117828,0.14298014342784882,0.14033916592597961,0.18145433068275452,0.19326230883598328,0.20257899165153503,0.20751555263996124,0.14810387790203094,0.13624641299247742,0.31150639057159424,0.14198657870292664,0.14004260301589966,0.1385517716407776,0.1508340686559677,0.2764427959918976,0.1676030308008194,0.1442483812570572,0.1742778718471527,0.15352080762386322,0.1649511307477951,0.1433371901512146,0.14751842617988586,0.1766086369752884,0.15119898319244385,0.30497246980667114,0.15983469784259796,0.15298689901828766,0.146687313914299,0.14375798404216766
35,1.022620677947998,0.1261395961046219,0.1533670723438263,0.11917822062969208,0.13943906128406525,0.11357487738132477,0.16897578537464142,0.11773934215307236,0.2082262933254242,0.15881425142288208,0.16073910892009735,0.1784217655658722,0.15289264917373657,0.14455577731132507,0.21810102462768555,0.22421392798423767,0.14911331236362457,0.12313000112771988,0.1779920607805252,0.1043136790394783,0.1344870924949646,0.12403202801942825,0.1106996089220047,0.1914220154285431,0.1883402168750763,0.19109122455120087,0.2068413496017456,0.14862719178199768,0.14562487602233887,0.4337489902973175,0.17455026507377625,0.152638778090477,0.12894296646118164,0.14556829631328583,0.2382076531648636,0.12920713424682617,0.14738303422927856,0.16825364530086517,0.1657344549894333,0.15564291179180145,0.14225421845912933,0.14078865945339203,0.18884871900081635,0.12403808534145355,0.2426573485136032,0.13695365190505981,0.12550681829452515,0.15847814083099365,0.15919095277786255
36,0.7563987374305725,0.13231441378593445,0.14770129323005676,0.10125109553337097,0.13560892641544342,0.11380871385335922,0.2151089310646057,0.13814854621887207,0.2501738369464874,0.14269952476024628,0.14211368560791016,0.15834330022335052,0.1431836187839508,0.16681140661239624,0.22352948784828186,0.21994216740131378,0.1528884768486023,0.1459266096353531,0.1531088501214981,0.11499293148517609,0.18041816353797913,0.13765405118465424,0.11069312691688538,0.1663791835308075,0.18571968376636505,0.21717235445976257,0.25051116943359375,0.17826423048973083,0.15924102067947388,0.34892070293426514,0.19491460919380188,0.18383640050888062,0.15888534486293793,0.1723112314939499,0.18713924288749695,0.11187829077243805,0.14718560874462128,0.15714839100837708,0.18193119764328003,0.1722508817911148,0.16117353737354279,0.1487455815076828,0.16899260878562927,0.13459670543670654,0.22864478826522827,0.16131745278835297,0.146622896194458,0.16298067569732666,0.15842968225479126
37,0.8193976879119873,0.11681926250457764,0.14168766140937805,0.09902654588222504,0.14236785471439362,0.10855960845947266,0.17340941727161407,0.11644196510314941,0.21200095117092133,0.14593344926834106,0.14590537548065186,0.18236057460308075,0.1432388424873352,0.14144091308116913,0.2707597613334656,0.26103276014328003,0.1554543673992157,0.14964041113853455,0.15302377939224243,0.09375090152025223,0.13775122165679932,0.12678390741348267,0.09471583366394043,0.16170886158943176,0.17840418219566345,0.20143841207027435,0.22698037326335907,0.17464423179626465,0.15611368417739868,0.4385286271572113,0.16796480119228363,0.15730157494544983,0.13988827168941498,0.1471688598394394,0.20865824818611145,0.10743504762649536,0.1441250890493393,0.20782527327537537,0.17709042131900787,0.18617931008338928,0.14644944667816162,0.14150287210941315,0.19519025087356567,0.14192287623882294,0.2573586106300354,0.14875458180904388,0.13609810173511505,0.16341224312782288,0.163374125957489
38,0.6214548349380493,0.1236853152513504,0.13670110702514648,0.09589134156703949,0.13629595935344696,0.104319266974926,0.22145430743694305,0.13006344437599182,0.2716805338859558,0.13232040405273438,0.1309184432029724,0.12785929441452026,0.1326211839914322,0.15859656035900116,0.2104373574256897,0.20793038606643677,0.14398565888404846,0.14574065804481506,0.1650238186120987,0.10687537491321564,0.17581243813037872,0.1228683665394783,0.11069490760564804,0.1820715218782425,0.2083694338798523,0.2446104735136032,0.2789367735385895,0.17893366515636444,0.1595744788646698,0.40990301966667175,0.21446512639522552,0.21064211428165436,0.16215434670448303,0.19636066257953644,0.19454659521579742,0.10980653017759323,0.17212338745594025,0.16154739260673523,0.21520009636878967,0.16843882203102112,0.1582793891429901,0.1451171487569809,0.18147708475589752,0.1257728785276413,0.22815078496932983,0.14746631681919098,0.14620035886764526,0.15988776087760925,0.1556706577539444
39,0.9860317707061768,0.09964559227228165,0.12808476388454437,0.09853825718164444,0.1279725730419159,0.09393223375082016,0.16003724932670593,0.09628932178020477,0.19372870028018951,0.12770381569862366,0.12844203412532806,0.12633869051933289,0.12957239151000977,0.12999871373176575,0.19021916389465332,0.18932977318763733,0.1522614061832428,0.13052962720394135,0.16805937886238098,0.10498060286045074,0.15634824335575104,0.12074977159500122,0.10374702513217926,0.17348656058311462,0.19980834424495697,0.23269765079021454,0.26297956705093384,0.16530847549438477,0.14596505463123322,0.3588414490222931,0.1727413535118103,0.17468518018722534,0.16093099117279053,0.18057367205619812,0.22737668454647064,0.12208348512649536,0.1759362518787384,0.19133512675762177,0.22498439252376556,0.18427209556102753,0.1675933301448822,0.16228653490543365,0.20524384081363678,0.15663717687129974,0.25795355439186096,0.15133121609687805,0.14732736349105835,0.13477563858032227,0.1300147920846939
40,0.6573326587677002,0.10457324981689453,0.14595447480678558,0.09861835092306137,0.14211750030517578,0.10628143697977066,0.15546861290931702,0.09909829497337341,0.1792128086090088,0.14673738181591034,0.1411842703819275,0.14579418301582336,0.1490262746810913,0.12363816052675247,0.1970086544752121,0.1906413435935974,0.13705149292945862,0.12917377054691315,0.18838904798030853,0.08565802872180939,0.13143324851989746,0.12059003859758377,0.11028175801038742,0.22973209619522095,0.25110936164855957,0.2670169472694397,0.2740928828716278,0.14593829214572906,0.13794146478176117,0.49479585886001587,0.20133328437805176,0.18707887828350067,0.15718701481819153,0.17805176973342896,0.2792592942714691,0.11952879279851913,0.2058173567056656,0.2163350135087967,0.24148473143577576,0.1928902119398117,0.13065610826015472,0.12675897777080536,0.21462003886699677,0.12749919295310974,0.26936352252960205,0.11987952142953873,0.11824685335159302,0.13317473232746124,0.1325734555721283
41,0.7632749676704407,0.10317645967006683,0.15123650431632996,0.09959006309509277,0.1408211588859558,0.11182867735624313,0.14958082139492035,0.09729297459125519,0.1738222986459732,0.14869900047779083,0.15062732994556427,0.15331971645355225,0.15148413181304932,0.12349435687065125,0.19792170822620392,0.1905975043773651,0.1383601427078247,0.12416650354862213,0.18053404986858368,0.08588176965713501,0.13283023238182068,0.1243751272559166,0.11331050843000412,0.2231217324733734,0.24174810945987701,0.25628960132598877,0.2619893252849579,0.1414671540260315,0.13423267006874084,0.4774898588657379,0.19035647809505463,0.17767584323883057,0.16176773607730865,0.17120443284511566,0.26490524411201477,0.12004099041223526,0.1934559941291809,0.21194136142730713,0.22684863209724426,0.19904005527496338,0.1363641321659088,0.1331952065229416,0.20861005783081055,0.13349533081054688,0.26043635606765747,0.1263258159160614,0.12239407747983932,0.13056932389736176,0.12874047458171844
42,0.9791372418403625,0.11468475311994553,0.13618069887161255,0.09767667204141617,0.11937310546636581,0.10929222404956818,0.21116270124912262,0.1202622726559639,0.2666506767272949,0.13428230583667755,0.15489161014556885,0.15048834681510925,0.1372641921043396,0.15240365266799927,0.17668423056602478,0.17306745052337646,0.13696348667144775,0.12905921041965485,0.14106090366840363,0.10888908803462982,0.2016264796257019,0.12765540182590485,0.12155972421169281,0.17363741993904114,0.1943006068468094,0.2219427525997162,0.2450750768184662,0.1583855152130127,0.1459130346775055,0.4253074824810028,0.1805201917886734,0.18086214363574982,0.17882317304611206,0.17186184227466583,0.18025769293308258,0.11655861139297485,0.14919015765190125,0.14672885835170746,0.18188881874084473,0.17530985176563263,0.16215607523918152,0.15455390512943268,0.16359740495681763,0.13918308913707733,0.2135852873325348,0.1559985727071762,0.1467650979757309,0.13873887062072754,0.13466285169124603
43,0.8512425422668457,0.11415476351976395,0.1565614491701126,0.10818619281053543,0.12490147352218628,0.12384722381830215,0.17530128359794617,0.12090082466602325,0.20525728166103363,0.139001727104187,0.16530494391918182,0.15928415954113007,0.15463992953300476,0.1618054211139679,0.19955027103424072,0.1931503564119339,0.1522800177335739,0.14675763249397278,0.17619143426418304,0.12022939324378967,0.1657320261001587,0.1263628602027893,0.10967819392681122,0.18375630676746368,0.1981286108493805,0.2162851244211197,0.2248915582895279,0.15886017680168152,0.14588558673858643,0.4884401559829712,0.15782307088375092,0.157574862241745,0.1467292606830597,0.13894152641296387,0.2052481472492218,0.12233617901802063,0.1404837965965271,0.16531354188919067,0.18714842200279236,0.189296692609787,0.15148955583572388,0.14889369904994965,0.16743433475494385,0.13955458998680115,0.25043612718582153,0.1666671186685562,0.13280490040779114,0.14726819097995758,0.14331144094467163
44,0.9674539566040039,0.1292373538017273,0.1711372584104538,0.12538735568523407,0.13432487845420837,0.13257263600826263,0.18266057968139648,0.1242116242647171,0.212375670671463,0.1351979821920395,0.16779334843158722,0.14616180956363678,0.14449961483478546,0.15705211460590363,0.1809941977262497,0.17854401469230652,0.13876895606517792,0.12612728774547577,0.17728470265865326,0.11925344169139862,0.16523322463035583,0.12076914310455322,0.13614684343338013,0.19269679486751556,0.21030768752098083,0.2262154519557953,0.2304675281047821,0.14212875068187714,0.12980753183364868,0.26632776856422424,0.15512442588806152,0.16072002053260803,0.13448618352413177,0.1688491702079773,0.19904515147209167,0.1360708773136139,0.15813285112380981,0.1564541757106781,0.20049339532852173,0.1650952398777008,0.16690734028816223,0.1681939959526062,0.20848186314105988,0.15046179294586182,0.23396781086921692,0.1680833250284195,0.15467718243598938,0.1491546928882599,0.1460643708705902
45,1.1251940727233887,0.10559588670730591,0.1373901069164276,0.09805721044540405,0.10713770985603333,0.10543379187583923,0.1602053940296173,0.10313286632299423,0.18512535095214844,0.13193894922733307,0.13758976757526398,0.1219392716884613,0.1395050585269928,0.1308353841304779,0.16893517971038818,0.17649061977863312,0.14376969635486603,0.10553673654794693,0.20139360427856445,0.11755833774805069,0.1583920568227768,0.1152796521782875,0.10785149037837982,0.22138699889183044,0.2291431874036789,0.23985639214515686,0.24672256410121918,0.12813618779182434,0.12356095016002655,0.35763660073280334,0.1831480711698532,0.18126508593559265,0.1339472234249115,0.1730584353208542,0.2119205892086029,0.10771273821592331,0.16716840863227844,0.14604432880878448,0.23294919729232788,0.14808331429958344,0.1587139517068863,0.16718032956123352,0.23100219666957855,0.14313943684101105,0.2698668837547302,0.15477529168128967,0.12267838418483734,0.14248864352703094,0.1388929933309555
46,1.0783805847167969,0.1416255235671997,0.17986099421977997,0.13523948192596436,0.1461937129497528,0.13302373886108398,0.22562500834465027,0.1383332759141922,0.2746930718421936,0.16416007280349731,0.18093781173229218,0.1672532707452774,0.1595936268568039,0.16565723717212677,0.18134009838104248,0.1866219937801361,0.15138539671897888,0.11305023729801178,0.18098804354667664,0.12151345610618591,0.17333538830280304,0.11544979363679886,0.13675116002559662,0.19656920433044434,0.20074105262756348,0.20544937252998352,0.21262700855731964,0.14383049309253693,0.14087434113025665,0.30884164571762085,0.15187564492225647,0.1463935673236847,0.1382991373538971,0.14754147827625275,0.22644883394241333,0.10985571891069412,0.14171414077281952,0.13517683744430542,0.1703449934720993,0.11323698610067368,0.13273800909519196,0.13949204981327057,0.1694726198911667,0.11824087798595428,0.22416874766349792,0.13885346055030823,0.13784703612327576,0.13537101447582245,0.14202450215816498
47,0.9584961533546448,0.12678468227386475,0.171469047665596,0.11529553681612015,0.15572313964366913,0.12572170794010162,0.16985788941383362,0.10314150899648666,0.1888282299041748,0.13805773854255676,0.15058095753192902,0.13789010047912598,0.15346533060073853,0.13006363809108734,0.18858082592487335,0.19750966131687164,0.14390264451503754,0.12761032581329346,0.18839730322360992,0.10583220422267914,0.14967194199562073,0.11130993813276291,0.12441648542881012,0.22872772812843323,0.241807222366333,0.2421639859676361,0.2372920960187912,0.13795337080955505,0.12669260799884796,0.31618592143058777,0.18130317330360413,0.17137837409973145,0.13808231055736542,0.15905074775218964,0.19846288859844208,0.11910603940486908,0.18271681666374207,0.17456723749637604,0.20894911885261536,0.14753998816013336,0.13904355466365814,0.14072704315185547,0.21750956773757935,0.14435158669948578,0.2873288094997406,0.14158429205417633,0.14002187550067902,0.1336464136838913,0.13106198608875275
48,0.8591760993003845,0.13206331431865692,0.175468310713768,0.11718544363975525,0.15850920975208282,0.12615102529525757,0.15884657204151154,0.10541637241840363,0.1684560924768448,0.13401584327220917,0.14839395880699158,0.13550668954849243,0.15491701662540436,0.132625550031662,0.20188096165657043,0.20781710743904114,0.14720630645751953,0.13315239548683167,0.1900220662355423,0.10380932688713074,0.14208592474460602,0.11498768627643585,0.1250775158405304,0.22851711511611938,0.2411476969718933,0.23994985222816467,0.23034051060676575,0.13267090916633606,0.12155167758464813,0.31907010078430176,0.17481496930122375,0.16682393848896027,0.1348806470632553,0.16047602891921997,0.20330269634723663,0.11911249905824661,0.18896405398845673,0.18760812282562256,0.21067668497562408,0.16574998199939728,0.15261180698871613,0.1499057561159134,0.2226424664258957,0.1513681560754776,0.2917412221431732,0.15308474004268646,0.14799731969833374,0.13764157891273499,0.1340557038784027
sum,35.389312744140625,6.446919918060303,7.753462314605713,5.959488391876221,6.834993839263916,5.946232318878174,9.50202465057373,6.410375595092773,11.243205070495605,7.577511310577393,7.5896315574646,7.791512489318848,7.816451549530029,7.513162612915039,9.547019958496094,9.547425270080566,7.405681610107422,7.336801528930664,9.468196868896484,6.003561973571777,8.815101623535156,6.77153205871582,6.628151893615723,10.267909049987793,10.773914337158203,11.337248802185059,11.731558799743652,7.849620342254639,7.348174571990967,15.995231628417969,9.190693855285645,9.004009246826172,7.319328784942627,8.680434226989746,10.675206184387207,6.194701194763184,8.003981590270996,7.90236234664917,9.41169548034668,7.596752643585205,7.045167446136475,6.869033336639404,9.109054565429688,6.7051496505737305,11.426379203796387,7.071695804595947,6.756465435028076,6.9844255447387695,6.976473331451416
posi,1.0,2.0,3.0,4.0,5.0,6.0,7.0,8.0,9.0,10.0,11.0,12.0,13.0,14.0,15.0,16.0,17.0,18.0,19.0,20.0,21.0,22.0,23.0,24.0,25.0,26.0,27.0,28.0,29.0,30.0,31.0,32.0,33.0,34.0,35.0,36.0,37.0,38.0,39.0,40.0,41.0,42.0,43.0,44.0,45.0,46.0,47.0,48.0,49.0
contrib,0.08163164689195242,0.014870949715714043,0.01788471854290945,0.013746603546091057,0.015766110170869076,0.013716026092440742,0.02191808376280742,0.014786653835487188,0.025934421300692418,0.01747885674121333,0.017506814213043682,0.01797248793387831,0.01803001424335188,0.017330425201909142,0.022021873319690553,0.022022808241834536,0.01708250144785893,0.01692361747898499,0.02184005406076207,0.013848266980027932,0.020333575513365693,0.015619724461197604,0.015288993002992078,0.02368473024461499,0.024851920046417366,0.02615134963589853,0.02706089469317007,0.01810652387198195,0.016949851394345194,0.0368958026872729,0.021199944766119624,0.020769324026233986,0.01688331353531202,0.02002294158153062,0.0246242324071966,0.014289163064230162,0.018462585120839026,0.01822818254080764,0.02170972371407382,0.017523240245159288,0.016250912398769628,0.015844628232246107,0.021011629448153053,0.01546660181254742,0.026356944514902742,0.01631210470295602,0.01558497065533469,0.016110800566638495,0.016092457394173518
