,M,K,R,T,Y,Q,P,S,V,T,K,R,K,R,T,H,G,F,L,V,R,S,K,T,R,G,G,R,A,V,L,A,A,R,R,A,K,G,R,K,R,L,A,V
0,0.20128439366817474,0.17646673321723938,0.1987779289484024,0.19669529795646667,0.17873714864253998,0.20277570188045502,0.19908444583415985,0.1765054166316986,0.18343299627304077,0.21446728706359863,0.18411101400852203,0.21578463912010193,0.1800270825624466,0.20327405631542206,0.1990833282470703,0.16763508319854736,0.17567606270313263,0.2243015468120575,0.22507625818252563,0.18813084065914154,0.2138037234544754,0.17074590921401978,0.17684336006641388,0.18743667006492615,0.22183579206466675,0.18776078522205353,0.18143783509731293,0.1964084953069687,0.17177480459213257,0.16043728590011597,0.19527077674865723,0.16983062028884888,0.16331082582473755,0.17379723489284515,0.16623066365718842,0.15165627002716064,0.13950389623641968,0.15712139010429382,0.16114619374275208,0.134420245885849,0.1613730788230896,0.17550797760486603,0.1611645221710205,0.16344334185123444
1,0.6877255439758301,0.18071910738945007,0.18771429359912872,0.16689851880073547,0.16635271906852722,0.16127681732177734,0.2002028524875641,0.19526877999305725,0.1706683486700058,0.20065239071846008,0.19359782338142395,0.20020724833011627,0.18012963235378265,0.19366206228733063,0.20494648814201355,0.20560480654239655,0.323892205953598,0.29252517223358154,0.1596514880657196,0.16317176818847656,0.16790226101875305,0.20015254616737366,0.18894357979297638,0.18888133764266968,0.19779030978679657,0.270000159740448,0.2487553358078003,0.191616028547287,0.15936504304409027,0.17428277432918549,0.14590434730052948,0.1367814987897873,0.1327851414680481,0.13573771715164185,0.13151423633098602,0.12337861210107803,0.12292073667049408,0.1604318469762802,0.11123035103082657,0.1134921982884407,0.12084289640188217,0.13278934359550476,0.13752764463424683,0.1412259042263031
2,0.9712364077568054,0.16385741531848907,0.1608431190252304,0.13531623780727386,0.13898788392543793,0.12675759196281433,0.17152903974056244,0.1604909747838974,0.14754073321819305,0.16201496124267578,0.18329162895679474,0.16685481369495392,0.1720414161682129,0.1686265468597412,0.1633072942495346,0.17889130115509033,0.28929534554481506,0.2331847995519638,0.15420982241630554,0.16458183526992798,0.16572323441505432,0.2168598771095276,0.19726938009262085,0.15895959734916687,0.1706729531288147,0.26365581154823303,0.2423781454563141,0.17362354695796967,0.15399454534053802,0.1726972907781601,0.1456146240234375,0.14683818817138672,0.14853031933307648,0.16203883290290833,0.1586977243423462,0.13798335194587708,0.13395242393016815,0.19089438021183014,0.11246636509895325,0.13656748831272125,0.13028018176555634,0.14792495965957642,0.1548602283000946,0.16658486425876617
3,0.5206600427627563,0.19446530938148499,0.20875249803066254,0.16794967651367188,0.17038008570671082,0.17373476922512054,0.2144831269979477,0.19404123723506927,0.1710156798362732,0.18191733956336975,0.20189836621284485,0.1878374069929123,0.18281343579292297,0.17238883674144745,0.18110226094722748,0.21257847547531128,0.284393846988678,0.2746717929840088,0.16674140095710754,0.15685248374938965,0.1536647379398346,0.19080789387226105,0.18496930599212646,0.17608742415905,0.20129786431789398,0.2871590256690979,0.2713809907436371,0.20000551640987396,0.1602775752544403,0.1661113202571869,0.14003999531269073,0.12985627353191376,0.12920218706130981,0.14065076410770416,0.14490999281406403,0.13893797993659973,0.16145002841949463,0.175297349691391,0.11846660822629929,0.14436639845371246,0.12965849041938782,0.15033499896526337,0.1566459834575653,0.16124071180820465
4,0.9568993449211121,0.1903662383556366,0.1910240352153778,0.1631118357181549,0.152734637260437,0.14964784681797028,0.1552971601486206,0.1848856806755066,0.14983421564102173,0.17816422879695892,0.18542785942554474,0.16670677065849304,0.16443532705307007,0.16340871155261993,0.18438532948493958,0.21863481402397156,0.40187469124794006,0.23946838080883026,0.14003396034240723,0.12526381015777588,0.12273715436458588,0.19048413634300232,0.16154058277606964,0.14186276495456696,0.14901763200759888,0.24003943800926208,0.23436686396598816,0.16281020641326904,0.13249719142913818,0.16272017359733582,0.14396078884601593,0.11142738163471222,0.114134781062603,0.16215240955352783,0.1644126921892166,0.13204458355903625,0.15561050176620483,0.2279876470565796,0.12031424790620804,0.14520518481731415,0.13189607858657837,0.1698520928621292,0.14250420033931732,0.15610486268997192
5,0.7776438593864441,0.2088654488325119,0.20886856317520142,0.1551002711057663,0.13241297006607056,0.1401209533214569,0.1455577164888382,0.1998189091682434,0.14743705093860626,0.1708168238401413,0.17319458723068237,0.1714954823255539,0.1625250279903412,0.1846264749765396,0.2034149169921875,0.2515529990196228,0.3918159306049347,0.2316419929265976,0.12362418323755264,0.12191440165042877,0.1378174126148224,0.19245702028274536,0.1573677957057953,0.1625373512506485,0.17801989614963531,0.29413238167762756,0.28137773275375366,0.18759839236736298,0.14130190014839172,0.13888400793075562,0.12396246194839478,0.11303521692752838,0.11512896418571472,0.15062622725963593,0.14008277654647827,0.11557934433221817,0.12820936739444733,0.2293596863746643,0.1186060830950737,0.1501280665397644,0.14131589233875275,0.1529102772474289,0.13961514830589294,0.16053952276706696
6,0.6298843026161194,0.1720471978187561,0.2292381376028061,0.17432574927806854,0.1621551364660263,0.15673485398292542,0.22326186299324036,0.2075042873620987,0.17047521471977234,0.20685163140296936,0.1843639612197876,0.20539379119873047,0.17115946114063263,0.20754572749137878,0.209917813539505,0.2215609848499298,0.31733423471450806,0.248912513256073,0.149201899766922,0.13472478091716766,0.14563341438770294,0.20555104315280914,0.172158882021904,0.1620739996433258,0.16984012722969055,0.27320536971092224,0.23950567841529846,0.18336689472198486,0.13874919712543488,0.1613001823425293,0.14803017675876617,0.13458982110023499,0.13791349530220032,0.16648097336292267,0.1616337150335312,0.14354713261127472,0.13138523697853088,0.19428609311580658,0.1093960553407669,0.1304803192615509,0.11672202497720718,0.1410936415195465,0.13436315953731537,0.1387622356414795
7,0.6373850107192993,0.16878098249435425,0.14391691982746124,0.15804651379585266,0.125090554356575,0.14432260394096375,0.13329054415225983,0.16785596311092377,0.14005286991596222,0.18417665362358093,0.15725572407245636,0.16245172917842865,0.16495323181152344,0.18012258410453796,0.24077269434928894,0.22192634642124176,0.29986077547073364,0.2275424301624298,0.15689457952976227,0.143841952085495,0.1321898102760315,0.198134183883667,0.1506458818912506,0.17655439674854279,0.16666512191295624,0.27038508653640747,0.265714555978775,0.17148476839065552,0.17090237140655518,0.17389115691184998,0.17680512368679047,0.14789152145385742,0.14743292331695557,0.15744183957576752,0.15211208164691925,0.13900819420814514,0.1303633153438568,0.19929899275302887,0.1265409290790558,0.1327940821647644,0.12929053604602814,0.16705268621444702,0.14568698406219482,0.17615091800689697
8,0.8977961540222168,0.15213577449321747,0.14842616021633148,0.14171834290027618,0.1278601586818695,0.1164138987660408,0.14764796197414398,0.15256154537200928,0.13837657868862152,0.1579906940460205,0.13981345295906067,0.1393919736146927,0.1390763819217682,0.14755725860595703,0.20641744136810303,0.18174782395362854,0.2661137580871582,0.2455439418554306,0.17066702246665955,0.1598426252603531,0.14010129868984222,0.18976876139640808,0.14103008806705475,0.17030195891857147,0.15571852028369904,0.2451401799917221,0.24852022528648376,0.17548201978206635,0.18887877464294434,0.17520879209041595,0.1735468953847885,0.1792946606874466,0.18625883758068085,0.16832053661346436,0.15890400111675262,0.16346698999404907,0.1215302124619484,0.1967884600162506,0.12924866378307343,0.12599100172519684,0.12945327162742615,0.16190205514431,0.15986892580986023,0.16504661738872528
9,0.5186807513237,0.17237991094589233,0.18858101963996887,0.16673915088176727,0.1491760015487671,0.1700475513935089,0.20682403445243835,0.16585515439510345,0.15751215815544128,0.17601901292800903,0.17374901473522186,0.18236401677131653,0.17118458449840546,0.17663289606571198,0.21271079778671265,0.19352932274341583,0.2776587903499603,0.2585291862487793,0.16939762234687805,0.1648055762052536,0.1505989134311676,0.19086694717407227,0.1749352365732193,0.18773037195205688,0.19823534786701202,0.29739055037498474,0.28159216046333313,0.1888750195503235,0.16854530572891235,0.17140451073646545,0.1536453813314438,0.15152764320373535,0.15117879211902618,0.14965860545635223,0.15412944555282593,0.14861953258514404,0.1470838338136673,0.18382979929447174,0.12384690344333649,0.13305889070034027,0.11937971413135529,0.14165587723255157,0.14152593910694122,0.15813978016376495
10,0.7859824895858765,0.16841524839401245,0.16219069063663483,0.17170308530330658,0.13376881182193756,0.14628839492797852,0.15839606523513794,0.17337317764759064,0.15275585651397705,0.18456830084323883,0.15646809339523315,0.15862828493118286,0.15947283804416656,0.16368022561073303,0.25216931104660034,0.18311941623687744,0.32483065128326416,0.2377459853887558,0.15563087165355682,0.15905670821666718,0.13783907890319824,0.19604043662548065,0.1599353849887848,0.19333823025226593,0.17890527844429016,0.2539138197898865,0.2483147531747818,0.18173053860664368,0.16909025609493256,0.17396998405456543,0.16061781346797943,0.14760556817054749,0.14535833895206451,0.1455458551645279,0.14567995071411133,0.13623997569084167,0.12670117616653442,0.18919172883033752,0.12252762913703918,0.11710645258426666,0.11772988736629486,0.14983990788459778,0.13944584131240845,0.15498384833335876
11,1.0302739143371582,0.1478084921836853,0.14002451300621033,0.136642187833786,0.10458260774612427,0.11502864956855774,0.14388421177864075,0.14625932276248932,0.1349923014640808,0.15885397791862488,0.15107031166553497,0.13806650042533875,0.15289846062660217,0.14652283489704132,0.20276106894016266,0.16751572489738464,0.29403576254844666,0.20077665150165558,0.15423612296581268,0.15538732707500458,0.14040915668010712,0.207686647772789,0.16135616600513458,0.16823355853557587,0.1576380729675293,0.2436838299036026,0.24087975919246674,0.165994793176651,0.17216843366622925,0.1687716841697693,0.14660198986530304,0.16555431485176086,0.16998764872550964,0.16550548374652863,0.16882024705410004,0.15767709910869598,0.12480871379375458,0.21714970469474792,0.1295478343963623,0.13147565722465515,0.14002537727355957,0.16256989538669586,0.1693379282951355,0.16672182083129883
12,0.656741201877594,0.17346356809139252,0.1629362851381302,0.18077221512794495,0.12830667197704315,0.1577480286359787,0.1707724779844284,0.18534702062606812,0.15634170174598694,0.20336812734603882,0.15990816056728363,0.14816126227378845,0.16013863682746887,0.1554693728685379,0.2513382136821747,0.19304481148719788,0.34581416845321655,0.2665966749191284,0.15282730758190155,0.15653708577156067,0.13385115563869476,0.20408637821674347,0.1594344824552536,0.21251019835472107,0.16824820637702942,0.29028478264808655,0.27898308634757996,0.17371322214603424,0.1699821501970291,0.16829994320869446,0.14493761956691742,0.14785943925380707,0.14321419596672058,0.12723472714424133,0.13076196610927582,0.132106751203537,0.1254177689552307,0.20323492586612701,0.11743336170911789,0.11945263296365738,0.12075888365507126,0.1452610045671463,0.14313548803329468,0.1454039216041565
13,0.8765756487846375,0.1532609462738037,0.1348133385181427,0.1521712988615036,0.10814090818166733,0.12891845405101776,0.1657179594039917,0.15110112726688385,0.1310248076915741,0.1783135086297989,0.159567192196846,0.1366676688194275,0.1590249091386795,0.1431121826171875,0.196361243724823,0.16803333163261414,0.3099415898323059,0.21516582369804382,0.14412906765937805,0.15644101798534393,0.1365208774805069,0.22135834395885468,0.1696556955575943,0.1851164847612381,0.15034911036491394,0.30545204877853394,0.2879294157028198,0.15213514864444733,0.16897998750209808,0.16762463748455048,0.13532115519046783,0.16458390653133392,0.16884511709213257,0.149452343583107,0.15750190615653992,0.15723024308681488,0.12872302532196045,0.23843494057655334,0.11921926587820053,0.13124455511569977,0.13229626417160034,0.14813783764839172,0.16838714480400085,0.15945781767368317
14,0.48052772879600525,0.15664035081863403,0.1620444804430008,0.17279069125652313,0.13985995948314667,0.18234801292419434,0.21598201990127563,0.169241264462471,0.1570732295513153,0.20229783654212952,0.18557235598564148,0.1682572364807129,0.1754043996334076,0.15787667036056519,0.20649303495883942,0.19623282551765442,0.2884410619735718,0.26897040009498596,0.16176794469356537,0.16088277101516724,0.14041762053966522,0.19618085026741028,0.1814025640487671,0.21837836503982544,0.18977439403533936,0.33877110481262207,0.32120630145072937,0.17941603064537048,0.17726083099842072,0.17037948966026306,0.14112667739391327,0.15123674273490906,0.14763520658016205,0.12948143482208252,0.14013515412807465,0.14908473193645477,0.150547593832016,0.19567784667015076,0.12033121287822723,0.13197393715381622,0.12465762346982956,0.13646848499774933,0.15092821419239044,0.15272417664527893
15,0.5482800602912903,0.14360861480236053,0.1513325273990631,0.1926448494195938,0.1490532010793686,0.16576933860778809,0.18932542204856873,0.1790531426668167,0.15789878368377686,0.22133445739746094,0.16517728567123413,0.15867117047309875,0.15303580462932587,0.16045643389225006,0.22727546095848083,0.17995595932006836,0.25084933638572693,0.2234887331724167,0.15640321373939514,0.14749793708324432,0.14085149765014648,0.20430214703083038,0.16526168584823608,0.22193287312984467,0.16644763946533203,0.2432606965303421,0.23686562478542328,0.16992291808128357,0.19945017993450165,0.16456227004528046,0.15684805810451508,0.16924791038036346,0.17277665436267853,0.14367498457431793,0.14939741790294647,0.18017636239528656,0.13904765248298645,0.20839238166809082,0.13799625635147095,0.14338819682598114,0.14809675514698029,0.15346436202526093,0.16895277798175812,0.1512182354927063
16,0.5156775116920471,0.1359037309885025,0.14056573808193207,0.13941308856010437,0.11934099346399307,0.1222778707742691,0.13623696565628052,0.15464520454406738,0.15591385960578918,0.1784476339817047,0.1516677439212799,0.15266618132591248,0.1526973396539688,0.16143065690994263,0.2194415181875229,0.1899934858083725,0.2586919367313385,0.2237660437822342,0.1422869712114334,0.15389858186244965,0.1427067220211029,0.1772262305021286,0.1641506850719452,0.2058585286140442,0.20489715039730072,0.2879445552825928,0.29071253538131714,0.20111648738384247,0.21198046207427979,0.17679087817668915,0.17009176313877106,0.19138430058956146,0.19188179075717926,0.15977299213409424,0.15451550483703613,0.1564679890871048,0.13328984379768372,0.19529147446155548,0.1452430635690689,0.15350785851478577,0.14625239372253418,0.15502206981182098,0.15983398258686066,0.16966822743415833
17,0.45092087984085083,0.17427316308021545,0.1521812528371811,0.15780594944953918,0.14450381696224213,0.16111156344413757,0.15966904163360596,0.17322251200675964,0.16520270705223083,0.18903754651546478,0.16444821655750275,0.13433240354061127,0.15724050998687744,0.14594678580760956,0.19609998166561127,0.16869960725307465,0.22506360709667206,0.1518077254295349,0.14745260775089264,0.14076904952526093,0.1235876977443695,0.17030346393585205,0.1402081698179245,0.1739080846309662,0.16690756380558014,0.26696979999542236,0.2715480327606201,0.18287429213523865,0.1919701248407364,0.16978363692760468,0.17037667334079742,0.18548235297203064,0.19030094146728516,0.16224485635757446,0.15814459323883057,0.16474755108356476,0.12771929800510406,0.2306932657957077,0.1658213883638382,0.1533524990081787,0.18578405678272247,0.19535869359970093,0.19703736901283264,0.18072262406349182
18,0.2990706264972687,0.19881553947925568,0.16591177880764008,0.14157547056674957,0.1398947685956955,0.1439724564552307,0.14035023748874664,0.1538410186767578,0.15636999905109406,0.17176735401153564,0.20637379586696625,0.16546671092510223,0.206526517868042,0.18693247437477112,0.23016029596328735,0.21013668179512024,0.2551291882991791,0.1731959581375122,0.13757172226905823,0.1498679667711258,0.15420156717300415,0.18072226643562317,0.2004747837781906,0.17914533615112305,0.1966882199048996,0.2778714895248413,0.26948481798171997,0.1917020082473755,0.17216087877750397,0.15015925467014313,0.14249439537525177,0.16037262976169586,0.16159047186374664,0.15101318061351776,0.14667801558971405,0.1345748007297516,0.13863089680671692,0.1799691617488861,0.1724787950515747,0.1688859462738037,0.1882043331861496,0.16292379796504974,0.1644745022058487,0.1878444254398346
19,0.5995182991027832,0.18125079572200775,0.15677061676979065,0.1388425976037979,0.1327628344297409,0.11755429208278656,0.14245948195457458,0.17379015684127808,0.16096001863479614,0.16840797662734985,0.14781315624713898,0.1328403204679489,0.14745880663394928,0.1501692831516266,0.21680393815040588,0.17826029658317566,0.2500153183937073,0.18949583172798157,0.13815073668956757,0.13828861713409424,0.12600767612457275,0.1674160361289978,0.13704416155815125,0.1736527383327484,0.16079378128051758,0.25665026903152466,0.2634454369544983,0.1848718374967575,0.19752518832683563,0.1664370447397232,0.1620926409959793,0.19149388372898102,0.19430722296237946,0.15084850788116455,0.14246119558811188,0.15015418827533722,0.11806386709213257,0.19687539339065552,0.15035848319530487,0.15419718623161316,0.17218784987926483,0.18230040371418,0.1831112653017044,0.1827261596918106
20,0.749911904335022,0.18580015003681183,0.13638964295387268,0.13900065422058105,0.11604553461074829,0.12354333698749542,0.13765384256839752,0.1455761343240738,0.14442971348762512,0.16259558498859406,0.15779142081737518,0.12636840343475342,0.16924679279327393,0.14348509907722473,0.19676508009433746,0.15080571174621582,0.25733447074890137,0.15257903933525085,0.11824735254049301,0.13726991415023804,0.12200057506561279,0.18715126812458038,0.15733949840068817,0.15782059729099274,0.16220185160636902,0.265410840511322,0.25925400853157043,0.16618211567401886,0.16923607885837555,0.16838696599006653,0.14706780016422272,0.1852390468120575,0.18547940254211426,0.15738128125667572,0.155007004737854,0.14544467628002167,0.1316165030002594,0.23060396313667297,0.1382238119840622,0.1571776419878006,0.16047793626785278,0.17052558064460754,0.1765318214893341,0.19686125218868256
21,0.7113455533981323,0.19055449962615967,0.1362212747335434,0.15186265110969543,0.1182548850774765,0.13846193253993988,0.11888231337070465,0.16000591218471527,0.15713126957416534,0.17774397134780884,0.15943418443202972,0.13529899716377258,0.16499678790569305,0.14335717260837555,0.20700609683990479,0.1676321029663086,0.22488965094089508,0.16741494834423065,0.12871351838111877,0.12615907192230225,0.10469535738229752,0.16128097474575043,0.1397584229707718,0.16371917724609375,0.1543080061674118,0.2318534404039383,0.25121966004371643,0.1781448870897293,0.1919238418340683,0.18013663589954376,0.18361501395702362,0.18387645483016968,0.17918862402439117,0.15540076792240143,0.15225262939929962,0.14379233121871948,0.14505116641521454,0.17963756620883942,0.1408226490020752,0.15568485856056213,0.14623019099235535,0.1921187937259674,0.16793297231197357,0.2071283608675003
22,0.7219955921173096,0.18563909828662872,0.14809633791446686,0.15833275020122528,0.12270104140043259,0.13194024562835693,0.134734109044075,0.16722990572452545,0.15436667203903198,0.17394468188285828,0.1454181671142578,0.13640570640563965,0.15244415402412415,0.13683952391147614,0.20294484496116638,0.160281240940094,0.24629104137420654,0.18441346287727356,0.1263033151626587,0.13647061586380005,0.10978572070598602,0.17584648728370667,0.13947558403015137,0.18228857219219208,0.16835568845272064,0.2495456337928772,0.24967937171459198,0.18295544385910034,0.17807520925998688,0.18073569238185883,0.16606402397155762,0.17557638883590698,0.17361235618591309,0.14958465099334717,0.1488715261220932,0.14415587484836578,0.14035098254680634,0.20292198657989502,0.13968782126903534,0.14948071539402008,0.148808553814888,0.17605045437812805,0.17215295135974884,0.20562557876110077
23,0.5898340940475464,0.18392910063266754,0.15562030673027039,0.1541902869939804,0.13265620172023773,0.14069756865501404,0.18125563859939575,0.17836031317710876,0.1639077514410019,0.16948771476745605,0.15322649478912354,0.1402958333492279,0.15106746554374695,0.13777489960193634,0.1843138039112091,0.1772291660308838,0.21490275859832764,0.20414817333221436,0.14117266237735748,0.14798316359519958,0.12200891971588135,0.17348553240299225,0.14438126981258392,0.17329631745815277,0.17800210416316986,0.2373693287372589,0.24702127277851105,0.2051020711660385,0.1852087676525116,0.178358256816864,0.15360382199287415,0.1684713512659073,0.16991080343723297,0.15683160722255707,0.16016267240047455,0.1555519551038742,0.1502717137336731,0.18370313942432404,0.15593677759170532,0.1604224294424057,0.17178454995155334,0.19227832555770874,0.19083429872989655,0.21363003551959991
24,1.0213690996170044,0.15416167676448822,0.11325843632221222,0.12118315696716309,0.09694038331508636,0.09114515036344528,0.1284092664718628,0.1409328430891037,0.13636422157287598,0.14261062443256378,0.14142553508281708,0.11344078928232193,0.14637261629104614,0.1229735016822815,0.16553854942321777,0.14771640300750732,0.20735059678554535,0.16148430109024048,0.13074757158756256,0.1542462855577469,0.13540761172771454,0.19317293167114258,0.139841690659523,0.1376616507768631,0.15295182168483734,0.21297432482242584,0.22526322305202484,0.16812953352928162,0.19134464859962463,0.17320746183395386,0.15025940537452698,0.18339891731739044,0.19818353652954102,0.17133717238903046,0.1653757095336914,0.17333337664604187,0.12409793585538864,0.21539904177188873,0.15319159626960754,0.15290912985801697,0.18495342135429382,0.20697806775569916,0.21280598640441895,0.22827284038066864
25,0.726418137550354,0.1482209861278534,0.13855613768100739,0.13222599029541016,0.10769952833652496,0.09804071485996246,0.13271194696426392,0.1709110140800476,0.16028308868408203,0.1575489342212677,0.13598506152629852,0.13284660875797272,0.1334112286567688,0.14400751888751984,0.20221833884716034,0.17625924944877625,0.2332739531993866,0.23996642231941223,0.14011377096176147,0.16085852682590485,0.14009815454483032,0.17109107971191406,0.13739162683486938,0.160063698887825,0.16737359762191772,0.2344244420528412,0.2661036550998688,0.2018127292394638,0.22210562229156494,0.18129242956638336,0.16893625259399414,0.1900101751089096,0.20034295320510864,0.16717588901519775,0.15560784935951233,0.159358948469162,0.126216322183609,0.18744897842407227,0.14604495465755463,0.15906675159931183,0.1589086353778839,0.17064036428928375,0.16551439464092255,0.19712349772453308
26,0.7749354839324951,0.14537076652050018,0.13434439897537231,0.13327975571155548,0.10816887021064758,0.10239474475383759,0.12811030447483063,0.1620721071958542,0.1553613692522049,0.15713989734649658,0.13885459303855896,0.13220268487930298,0.1374620944261551,0.14514781534671783,0.20634452998638153,0.17052266001701355,0.25098198652267456,0.24283066391944885,0.14118050038814545,0.16533586382865906,0.13809718191623688,0.17139932513237,0.14249202609062195,0.16009457409381866,0.16836631298065186,0.24429640173912048,0.282185822725296,0.19795355200767517,0.22621263563632965,0.18363603949546814,0.17222820222377777,0.1838405728340149,0.18897786736488342,0.15936078131198883,0.1497315913438797,0.15376591682434082,0.12930864095687866,0.19307410717010498,0.13657249510288239,0.15582053363323212,0.14434833824634552,0.1607256829738617,0.15267278254032135,0.193136528134346
27,1.081977367401123,0.14512434601783752,0.10760004818439484,0.11982467025518417,0.09878679364919662,0.10095164179801941,0.11588914692401886,0.12660782039165497,0.12904095649719238,0.13349437713623047,0.14412075281143188,0.11221186816692352,0.15432097017765045,0.13082453608512878,0.18137332797050476,0.14215055108070374,0.2671301066875458,0.19983819127082825,0.1396387368440628,0.1633187085390091,0.1322631537914276,0.19349443912506104,0.14652815461158752,0.13263967633247375,0.14944545924663544,0.2377837598323822,0.26304665207862854,0.15739655494689941,0.19083350896835327,0.17686019837856293,0.15539847314357758,0.16307610273361206,0.1675170212984085,0.15594713389873505,0.15391288697719574,0.1554599553346634,0.13064827024936676,0.24435487389564514,0.13416986167430878,0.14818306267261505,0.152032271027565,0.19070585072040558,0.17941638827323914,0.2213674634695053
28,0.86474609375,0.14751820266246796,0.11818351596593857,0.1380278766155243,0.11665304005146027,0.12844468653202057,0.11851504445075989,0.13486595451831818,0.13560277223587036,0.16461879014968872,0.14872904121875763,0.130691260099411,0.16320361196994781,0.144061878323555,0.25783228874206543,0.16091236472129822,0.31878185272216797,0.209913432598114,0.15653349459171295,0.16378873586654663,0.11626619100570679,0.1709582358598709,0.13971126079559326,0.1580132693052292,0.14961028099060059,0.22332438826560974,0.24606381356716156,0.17114093899726868,0.18064218759536743,0.18277831375598907,0.16876685619354248,0.13999196887016296,0.1360393911600113,0.1420236974954605,0.1452820599079132,0.13443389534950256,0.15116269886493683,0.20258350670337677,0.13914111256599426,0.14626911282539368,0.12674638628959656,0.17862999439239502,0.14792917668819427,0.2196267545223236
29,1.0952454805374146,0.12900452315807343,0.11077477782964706,0.1216682493686676,0.09699129313230515,0.09108807891607285,0.11038577556610107,0.14421838521957397,0.13102325797080994,0.1487061083316803,0.11654636263847351,0.11022873967885971,0.1259606033563614,0.12164266407489777,0.23489873111248016,0.15501511096954346,0.2634311318397522,0.22673501074314117,0.15070025622844696,0.14498256146907806,0.10789567232131958,0.17003116011619568,0.1096632108092308,0.1575632095336914,0.13173480331897736,0.24009428918361664,0.26535725593566895,0.16958540678024292,0.20029756426811218,0.17054784297943115,0.16373638808727264,0.15961189568042755,0.1632080227136612,0.14017146825790405,0.1381102204322815,0.1555461883544922,0.12507110834121704,0.21106749773025513,0.1439245343208313,0.14976757764816284,0.1564234495162964,0.2030966728925705,0.1897905170917511,0.21523773670196533
30,0.7844118475914001,0.1657896488904953,0.1262109875679016,0.13204172253608704,0.1198049783706665,0.12079671025276184,0.11844413727521896,0.14599910378456116,0.12836521863937378,0.1586959958076477,0.16071434319019318,0.13368232548236847,0.1832229495048523,0.15854193270206451,0.25513380765914917,0.18795418739318848,0.29939067363739014,0.2004719078540802,0.13642171025276184,0.15188762545585632,0.12730969488620758,0.18117013573646545,0.15868432819843292,0.16948257386684418,0.15553079545497894,0.25186634063720703,0.2631487250328064,0.16415950655937195,0.1677747368812561,0.1465146541595459,0.1385895013809204,0.14077849686145782,0.1416703313589096,0.13558857142925262,0.1358417570590973,0.1428401917219162,0.14650104939937592,0.19078108668327332,0.15599478781223297,0.16455498337745667,0.1648155301809311,0.18478301167488098,0.1788441389799118,0.21007975935935974
31,0.6824772357940674,0.14447839558124542,0.11371675133705139,0.13610808551311493,0.1160314679145813,0.12981562316417694,0.1377234160900116,0.14956848323345184,0.13230054080486298,0.18647415935993195,0.1531965285539627,0.13796986639499664,0.1757606863975525,0.15542076528072357,0.29333269596099854,0.18038034439086914,0.3495985269546509,0.2364787757396698,0.1550905555486679,0.1632070094347,0.11679185926914215,0.1824917197227478,0.13954396545886993,0.18084639310836792,0.14503329992294312,0.24908527731895447,0.2535611093044281,0.154375359416008,0.16389694809913635,0.17139241099357605,0.1619161069393158,0.14052683115005493,0.13364672660827637,0.1316141039133072,0.13245730102062225,0.13051986694335938,0.1416804939508438,0.1890283077955246,0.1393246054649353,0.14269007742404938,0.12911078333854675,0.1764592081308365,0.15811723470687866,0.2307162582874298
32,0.6165780425071716,0.14626546204090118,0.11338798701763153,0.13837291300296783,0.12071952223777771,0.134242981672287,0.14938127994537354,0.15791146457195282,0.13715846836566925,0.1926490068435669,0.16510163247585297,0.14837746322155,0.18480373919010162,0.1641647070646286,0.2780386209487915,0.17957094311714172,0.3429073095321655,0.2490594983100891,0.16080716252326965,0.17404577136039734,0.12452410906553268,0.18282297253608704,0.14840340614318848,0.1819937825202942,0.1494976133108139,0.2568263113498688,0.26172763109207153,0.15365351736545563,0.16412945091724396,0.17501983046531677,0.16840983927249908,0.14384077489376068,0.1369473934173584,0.13150686025619507,0.13170653581619263,0.13056328892707825,0.14155185222625732,0.17709355056285858,0.13270016014575958,0.13652372360229492,0.120829276740551,0.16733050346374512,0.15015649795532227,0.22313688695430756
33,1.036604881286621,0.13734625279903412,0.10300038009881973,0.1183994710445404,0.10021079331636429,0.10175749659538269,0.13619008660316467,0.13910804688930511,0.12757867574691772,0.15276844799518585,0.14858199656009674,0.12332771718502045,0.1607467532157898,0.1385631263256073,0.20173366367816925,0.1569599211215973,0.2879425883293152,0.207978293299675,0.14530466496944427,0.16880106925964355,0.13232934474945068,0.19811441004276276,0.15001441538333893,0.15504422783851624,0.14429037272930145,0.25556036829948425,0.2586442828178406,0.14431774616241455,0.17056576907634735,0.1741039752960205,0.16251660883426666,0.1610449254512787,0.16232794523239136,0.14438608288764954,0.14116527140140533,0.1518605649471283,0.12502068281173706,0.18420253694057465,0.12823230028152466,0.13144412636756897,0.14134159684181213,0.1809927076101303,0.17965272068977356,0.21878114342689514
34,1.080659031867981,0.1359010934829712,0.10498557984828949,0.11874497681856155,0.10043400526046753,0.10151670128107071,0.12677034735679626,0.13773854076862335,0.1320410668849945,0.14760632812976837,0.14690029621124268,0.12241770327091217,0.15450802445411682,0.13559216260910034,0.19490203261375427,0.15705999732017517,0.2807113528251648,0.20084752142429352,0.1460397094488144,0.16702695190906525,0.1299450695514679,0.19253160059452057,0.1472400724887848,0.14590966701507568,0.14596928656101227,0.2366310954093933,0.2463221251964569,0.15306109189987183,0.17300178110599518,0.17745541036128998,0.16899995505809784,0.1584746092557907,0.16063575446605682,0.14834624528884888,0.14496301114559174,0.15047955513000488,0.1276104599237442,0.18101590871810913,0.13506928086280823,0.13627858459949493,0.14678412675857544,0.19173188507556915,0.17920289933681488,0.22142799198627472
35,0.7038021683692932,0.1534782201051712,0.12143771350383759,0.14365491271018982,0.12370900809764862,0.13096964359283447,0.13302737474441528,0.1565728783607483,0.14731727540493011,0.18154267966747284,0.16176538169384003,0.1433173269033432,0.17258402705192566,0.15716196596622467,0.2564038038253784,0.1822367012500763,0.31060177087783813,0.22468197345733643,0.16213133931159973,0.16874182224273682,0.1199951097369194,0.17026929557323456,0.14514632523059845,0.15945088863372803,0.1512341946363449,0.21536627411842346,0.23197303712368011,0.17374558746814728,0.16756212711334229,0.17955537140369415,0.1859232485294342,0.13908334076404572,0.13601785898208618,0.14013561606407166,0.13958625495433807,0.13041478395462036,0.14899775385856628,0.1658513844013214,0.14737926423549652,0.14818795025348663,0.13337688148021698,0.19369003176689148,0.149791419506073,0.21933810412883759
36,0.7745862603187561,0.167475625872612,0.13738182187080383,0.160599946975708,0.11797511577606201,0.12438908219337463,0.13151440024375916,0.17688879370689392,0.15002261102199554,0.1810137778520584,0.13719262182712555,0.13150018453598022,0.145746648311615,0.14974862337112427,0.2490624487400055,0.19346143305301666,0.3170243203639984,0.23486098647117615,0.1386679857969284,0.1476101279258728,0.10739903897047043,0.18673281371593475,0.13412848114967346,0.16983568668365479,0.1541689932346344,0.24319402873516083,0.25069865584373474,0.17972292006015778,0.16895365715026855,0.17541444301605225,0.17113709449768066,0.13734039664268494,0.13463449478149414,0.12663114070892334,0.1251549869775772,0.13120804727077484,0.1310986429452896,0.1875714212656021,0.1421690434217453,0.1436413675546646,0.14827460050582886,0.19620861113071442,0.16077260673046112,0.20199333131313324
37,0.7185153365135193,0.14218035340309143,0.12188208103179932,0.1394762545824051,0.1043187826871872,0.10486950725317001,0.12051759660243988,0.17912542819976807,0.14521706104278564,0.16353806853294373,0.12634015083312988,0.11387015879154205,0.13696888089179993,0.1397634595632553,0.2437257170677185,0.2037827968597412,0.28706324100494385,0.2514258623123169,0.1308893859386444,0.14116184413433075,0.10506512969732285,0.16507038474082947,0.12918522953987122,0.17093850672245026,0.15476715564727783,0.2563541531562805,0.2916499376296997,0.19439662992954254,0.1947021782398224,0.17144329845905304,0.1800529956817627,0.1615932434797287,0.16233113408088684,0.14086571335792542,0.13132168352603912,0.1369663029909134,0.12948398292064667,0.20028945803642273,0.14888472855091095,0.16474610567092896,0.15575827658176422,0.18982264399528503,0.15926724672317505,0.20800092816352844
38,0.9885480999946594,0.14073526859283447,0.10272790491580963,0.12980151176452637,0.0938047468662262,0.1022014394402504,0.1170618087053299,0.14433427155017853,0.1215161681175232,0.1439094990491867,0.13162139058113098,0.09937514364719391,0.13491162657737732,0.12136215716600418,0.20075012743473053,0.16601499915122986,0.2964417040348053,0.1888328641653061,0.1214803159236908,0.14236804842948914,0.10125281661748886,0.19068695604801178,0.13510747253894806,0.14507317543029785,0.1349756121635437,0.2671065330505371,0.2810252606868744,0.1521976888179779,0.1669941246509552,0.16971711814403534,0.15726441144943237,0.14987996220588684,0.1533278524875641,0.13963301479816437,0.13706906139850616,0.14607350528240204,0.1328871250152588,0.2572423815727234,0.14922098815441132,0.15809045732021332,0.16326600313186646,0.21185103058815002,0.18842767179012299,0.23435324430465698
39,0.7570469975471497,0.1534801572561264,0.1193234920501709,0.16127344965934753,0.1127433329820633,0.12767766416072845,0.12503062188625336,0.15403804183006287,0.134429469704628,0.17102806270122528,0.13733987510204315,0.12435643374919891,0.14374545216560364,0.14029109477996826,0.23354358971118927,0.17996124923229218,0.3241613805294037,0.23457971215248108,0.12627838551998138,0.1489001214504242,0.10047808289527893,0.18622393906116486,0.13813769817352295,0.17794692516326904,0.15806534886360168,0.285037636756897,0.2874367833137512,0.1703328788280487,0.1744021624326706,0.17966170608997345,0.17678529024124146,0.14444363117218018,0.141259104013443,0.1271345168352127,0.12646473944187164,0.13787680864334106,0.1418582946062088,0.23403674364089966,0.1396092176437378,0.14309850335121155,0.1405574530363083,0.1866728812456131,0.15763720870018005,0.21183934807777405
40,1.1158660650253296,0.1183774396777153,0.0919390618801117,0.11671113967895508,0.09227180480957031,0.0963178277015686,0.10474444180727005,0.11853581666946411,0.11464517563581467,0.13660815358161926,0.13840346038341522,0.10897324979305267,0.13330377638339996,0.12331297993659973,0.18802441656589508,0.14472424983978271,0.27263370156288147,0.17689281702041626,0.11807891726493835,0.14441658556461334,0.10584544390439987,0.18256203830242157,0.13815449178218842,0.14452557265758514,0.14960214495658875,0.25771501660346985,0.26952236890792847,0.1514168679714203,0.17524345219135284,0.17739653587341309,0.16662532091140747,0.16343382000923157,0.16817831993103027,0.15236742794513702,0.14840322732925415,0.15667954087257385,0.13659587502479553,0.24977664649486542,0.15538637340068817,0.15123781561851501,0.15985088050365448,0.20586611330509186,0.18630169332027435,0.24839431047439575
41,0.8286141753196716,0.15109732747077942,0.12312589585781097,0.12515969574451447,0.1281408667564392,0.11899346113204956,0.11162663996219635,0.12761257588863373,0.13033170998096466,0.14515681564807892,0.1695839762687683,0.1434786021709442,0.16143932938575745,0.15906314551830292,0.20852433145046234,0.17843575775623322,0.2648068368434906,0.1809360682964325,0.12808240950107574,0.14722345769405365,0.1270950436592102,0.16512931883335114,0.16150996088981628,0.1559700071811676,0.1742168515920639,0.2530341148376465,0.26487821340560913,0.18351125717163086,0.17550992965698242,0.15535229444503784,0.15332701802253723,0.14952470362186432,0.15632370114326477,0.1467576026916504,0.14548571407794952,0.1492045670747757,0.15133948624134064,0.18485276401042938,0.1790001541376114,0.1630738228559494,0.16971319913864136,0.191311776638031,0.17162030935287476,0.22461920976638794
42,0.8901000022888184,0.12997466325759888,0.11839458346366882,0.12388640642166138,0.11943371593952179,0.12040097266435623,0.11614137142896652,0.13158273696899414,0.13822978734970093,0.15904474258422852,0.15525509417057037,0.14351731538772583,0.15289627015590668,0.15154112875461578,0.24363106489181519,0.16931021213531494,0.30648374557495117,0.20520883798599243,0.14403431117534637,0.1547461450099945,0.11686383932828903,0.16569013893604279,0.13540200889110565,0.15332846343517303,0.16157175600528717,0.22810448706150055,0.23582513630390167,0.1769004613161087,0.17165398597717285,0.1779518574476242,0.16894572973251343,0.14710280299186707,0.14666326344013214,0.14386504888534546,0.14305561780929565,0.13713376224040985,0.13990917801856995,0.1810990422964096,0.17508627474308014,0.14612701535224915,0.15428857505321503,0.2019837498664856,0.16207927465438843,0.2339966893196106
43,1.0922191143035889,0.12513595819473267,0.12389184534549713,0.11766509711742401,0.10366221517324448,0.09286675602197647,0.12796851992607117,0.14426253736019135,0.14771203696727753,0.14950710535049438,0.12559372186660767,0.13100942969322205,0.12498770654201508,0.13930866122245789,0.21204322576522827,0.17229749262332916,0.2627788782119751,0.2405240386724472,0.13912931084632874,0.13978374004364014,0.1175718754529953,0.158232182264328,0.11023218929767609,0.14823967218399048,0.14428995549678802,0.23524264991283417,0.2589361071586609,0.18167148530483246,0.19440050423145294,0.1611742079257965,0.15185292065143585,0.16580669581890106,0.17170555889606476,0.13468220829963684,0.13090068101882935,0.14849601686000824,0.10731014609336853,0.17768597602844238,0.1618272215127945,0.14051619172096252,0.17610874772071838,0.2085477113723755,0.19502823054790497,0.20793065428733826
sum,33.4505729675293,7.040563583374023,6.315365314483643,6.441755294799805,5.472259521484375,5.736372947692871,6.482661724090576,7.05872106552124,6.459254264831543,7.546901226043701,6.923891067504883,6.367408752441406,6.9763569831848145,6.773393630981445,9.503046989440918,7.949328422546387,12.517642974853516,9.649435997009277,6.431741714477539,6.702090263366699,5.767550945281982,8.146790504455566,6.712101459503174,7.486246585845947,7.255306720733643,11.261874198913574,11.414941787719727,7.7466139793396,7.7815260887146,7.501810073852539,7.019311904907227,6.931861400604248,6.979904651641846,6.55040979385376,6.464614391326904,6.41384220123291,5.940600872039795,8.781527519226074,6.129820346832275,6.356082916259766,6.440995693206787,7.661372184753418,7.250888347625732,8.431327819824219
posi,1.0,2.0,3.0,4.0,5.0,6.0,7.0,8.0,9.0,10.0,11.0,12.0,13.0,14.0,15.0,16.0,17.0,18.0,19.0,20.0,21.0,22.0,23.0,24.0,25.0,26.0,27.0,28.0,29.0,30.0,31.0,32.0,33.0,34.0,35.0,36.0,37.0,38.0,39.0,40.0,41.0,42.0,43.0,44.0
contrib,0.09551136879935788,0.020102910213816685,0.01803225272822202,0.018393133841805295,0.015624934073017058,0.016379056726759,0.01850993390553061,0.020154755244259484,0.01844309862363228,0.02154865529486404,0.01976977536130628,0.018180852275416493,0.01991958120848164,0.019340060265630604,0.027134035240806795,0.02269770504110815,0.035741606454110085,0.02755201954569765,0.018364542081535887,0.019136467871338915,0.01646807921462639,0.02326151821547213,0.019165052824046354,0.021375468195350272,0.020716065958843694,0.0321560118276161,0.03259306547509425,0.022118894807726667,0.02221857929914976,0.0214199065983709,0.02004223032945064,0.019792533040968334,0.019929710860691376,0.01870337486341427,0.018458403384450775,0.018313433629298125,0.016962188400478345,0.025073881823330153,0.01750246647160342,0.0181485136330394,0.018390964952562,0.021875504044652355,0.020703450185002917,0.024073957168064514
