,M,K,R,T,F,Q,P,S,T,L,K,R,A,R,V,H,G,F,R,A,R,M,A,T,K,N,G,R,Q,V,L,S,R,R,R,A,K,G,R,K,R,L,T,V
0,0.20061492919921875,0.17510908842086792,0.19579531252384186,0.19273284077644348,0.21248531341552734,0.19900721311569214,0.19498011469841003,0.17502570152282715,0.2116745114326477,0.21939560770988464,0.18262483179569244,0.21319878101348877,0.19714102149009705,0.20166105031967163,0.1610054224729538,0.1660328209400177,0.17322379350662231,0.2204562872648239,0.2118801772594452,0.19972530007362366,0.21082442998886108,0.18803799152374268,0.1782890111207962,0.1850067675113678,0.18389800190925598,0.2229955643415451,0.1798696517944336,0.19451051950454712,0.17470429837703705,0.159285768866539,0.1930829882621765,0.14681784808635712,0.1834304928779602,0.1726851463317871,0.16492439806461334,0.1493266224861145,0.13838736712932587,0.15561099350452423,0.16100719571113586,0.13445207476615906,0.16105379164218903,0.17410503327846527,0.16335417330265045,0.16317994892597198
1,0.6944141983985901,0.17314904928207397,0.17908251285552979,0.16009467840194702,0.2571907341480255,0.15349678695201874,0.19295285642147064,0.18687433004379272,0.18871133029460907,0.18756426870822906,0.18634772300720215,0.19196593761444092,0.2072417289018631,0.18647687137126923,0.17924733459949493,0.19784878194332123,0.3160412311553955,0.27612248063087463,0.16533935070037842,0.1587112993001938,0.1603539139032364,0.33892369270324707,0.19259005784988403,0.18268439173698425,0.18971090018749237,0.22308164834976196,0.2411481887102127,0.18448907136917114,0.1630784571170807,0.1685294806957245,0.14042145013809204,0.1551622450351715,0.13606147468090057,0.13135235011577606,0.12740547955036163,0.11877071112394333,0.11861838400363922,0.15727251768112183,0.10771291702985764,0.11025058478116989,0.11735450476408005,0.12914779782295227,0.12411946058273315,0.13723021745681763
2,0.9692326188087463,0.16026608645915985,0.15630817413330078,0.1323770135641098,0.18901264667510986,0.12337582558393478,0.16839833557605743,0.1567079871892929,0.15556150674819946,0.16270224750041962,0.17955218255519867,0.1626311093568802,0.17310115694999695,0.16449852287769318,0.15871399641036987,0.17513905465602875,0.28436219692230225,0.2243620753288269,0.15553954243659973,0.17082659900188446,0.16107791662216187,0.349886029958725,0.20029456913471222,0.15535111725330353,0.17586150765419006,0.1634730100631714,0.24035705626010895,0.1691758632659912,0.14268796145915985,0.1692771315574646,0.1433924287557602,0.17122982442378998,0.16012927889823914,0.15901149809360504,0.15518517792224884,0.13531221449375153,0.1318507045507431,0.1926538497209549,0.11105277389287949,0.13587993383407593,0.12832361459732056,0.14676818251609802,0.12801939249038696,0.16479556262493134
3,0.5095213651657104,0.1880301833152771,0.2005506008863449,0.1629299819469452,0.25162842869758606,0.1686231940984726,0.2110781967639923,0.18849369883537292,0.17424868047237396,0.18132996559143066,0.1952562779188156,0.18177439272403717,0.18249766528606415,0.16754961013793945,0.16590961813926697,0.2071007639169693,0.2795465886592865,0.2631199359893799,0.1610965132713318,0.15927141904830933,0.1488187164068222,0.2930702567100525,0.17297440767288208,0.17136624455451965,0.20863956212997437,0.25820091366767883,0.2689878046512604,0.1934979408979416,0.16920585930347443,0.16048143804073334,0.13641250133514404,0.157283216714859,0.13420943915843964,0.13666027784347534,0.14075353741645813,0.13421477377414703,0.1557386964559555,0.17289581894874573,0.11608953773975372,0.1412229835987091,0.1270987093448639,0.14766830205917358,0.14514605700969696,0.15711665153503418
4,0.7236554622650146,0.1773730367422104,0.16488642990589142,0.1778866946697235,0.1957004964351654,0.1667485535144806,0.17883527278900146,0.19631004333496094,0.18704837560653687,0.17762604355812073,0.14433227479457855,0.13066664338111877,0.15069685876369476,0.13646307587623596,0.14660169184207916,0.1802680939435959,0.2654080092906952,0.1820511519908905,0.12253833562135696,0.1472979187965393,0.11855601519346237,0.22872379422187805,0.14427617192268372,0.1520363986492157,0.15200760960578918,0.16072209179401398,0.263953298330307,0.17529988288879395,0.177778959274292,0.15922579169273376,0.1640840470790863,0.2087094783782959,0.15941405296325684,0.16072535514831543,0.15474249422550201,0.15221577882766724,0.14160418510437012,0.25587669014930725,0.13529141247272491,0.15500447154045105,0.14946706593036652,0.1942594051361084,0.18100173771381378,0.177245631814003
5,0.7979171872138977,0.20410752296447754,0.20096591114997864,0.15300825238227844,0.1809668093919754,0.13770784437656403,0.14537137746810913,0.19773519039154053,0.15845096111297607,0.15100663900375366,0.17132137715816498,0.16701273620128632,0.15368792414665222,0.18047168850898743,0.1705893725156784,0.24966895580291748,0.39602622389793396,0.22216440737247467,0.12962734699249268,0.12485542893409729,0.13375091552734375,0.23216600716114044,0.15695598721504211,0.159704327583313,0.17152437567710876,0.20644475519657135,0.28149640560150146,0.18168576061725616,0.1504364311695099,0.1352471113204956,0.12080961465835571,0.15899060666561127,0.1491326093673706,0.1463463008403778,0.13643904030323029,0.11408063769340515,0.12629175186157227,0.23333123326301575,0.11646004766225815,0.14972099661827087,0.1391972303390503,0.15065057575702667,0.1632726788520813,0.1570805311203003
6,0.6269190907478333,0.16632315516471863,0.2158256322145462,0.16962870955467224,0.22739370167255402,0.15302810072898865,0.21939535439014435,0.2019326239824295,0.19350853562355042,0.20158779621124268,0.1780427247285843,0.19642208516597748,0.17882198095321655,0.19900724291801453,0.1719730943441391,0.21649169921875,0.3135896325111389,0.2377416342496872,0.13792505860328674,0.13733573257923126,0.1402946561574936,0.3278714716434479,0.16837167739868164,0.15904481709003448,0.174862340092659,0.20292708277702332,0.2374979853630066,0.17524713277816772,0.13901261985301971,0.15598410367965698,0.14418897032737732,0.18493203818798065,0.1596803367137909,0.15995222330093384,0.15540321171283722,0.14075392484664917,0.12874582409858704,0.19416435062885284,0.10706866532564163,0.12942984700202942,0.11414439976215363,0.1390659362077713,0.12212115526199341,0.1352301687002182
7,0.6565489768981934,0.16497178375720978,0.1402883529663086,0.1548883020877838,0.1780080795288086,0.14082953333854675,0.13154083490371704,0.16465474665164948,0.1735762357711792,0.1801130622625351,0.15306556224822998,0.15750476717948914,0.17433054745197296,0.17674896121025085,0.1842699944972992,0.21901419758796692,0.29992544651031494,0.2172996997833252,0.12915311753749847,0.13529682159423828,0.12856614589691162,0.29119396209716797,0.157781720161438,0.17299744486808777,0.1618305742740631,0.1995159089565277,0.26369789242744446,0.16715316474437714,0.17187736928462982,0.16978099942207336,0.17337928712368011,0.19684241712093353,0.1572984904050827,0.15466171503067017,0.1488526463508606,0.1362084597349167,0.1279655396938324,0.1999354511499405,0.12462006509304047,0.13255245983600616,0.1273205727338791,0.16441640257835388,0.15026119351387024,0.17123043537139893
8,0.4295763373374939,0.165357768535614,0.18394096195697784,0.1627415269613266,0.2081126868724823,0.16728757321834564,0.2039422243833542,0.162769615650177,0.17324858903884888,0.16711696982383728,0.16583627462387085,0.1789548397064209,0.1819438487291336,0.17898352444171906,0.17016029357910156,0.1978226602077484,0.27759748697280884,0.24727845191955566,0.1608750969171524,0.16145819425582886,0.14705801010131836,0.29017847776412964,0.1764642596244812,0.18952956795692444,0.1992243230342865,0.2965543866157532,0.30728650093078613,0.17793051898479462,0.17360149323940277,0.16490042209625244,0.1489851176738739,0.16521160304546356,0.1438417285680771,0.1449693739414215,0.14785809814929962,0.14475619792938232,0.1441897302865982,0.19919128715991974,0.12092794477939606,0.1343381106853485,0.117414191365242,0.1375797837972641,0.1399799883365631,0.1570957601070404
9,0.5559880137443542,0.18621677160263062,0.1609216183423996,0.1491975337266922,0.15295487642288208,0.14343880116939545,0.1520141214132309,0.14434421062469482,0.15701131522655487,0.1676819622516632,0.19155016541481018,0.17266272008419037,0.1890387237071991,0.19002924859523773,0.17641869187355042,0.196413055062294,0.2633451521396637,0.20326939225196838,0.16474702954292297,0.16901741921901703,0.1663341522216797,0.2950848340988159,0.18775179982185364,0.17232847213745117,0.19983157515525818,0.23934811353683472,0.25456926226615906,0.17975983023643494,0.17154449224472046,0.1520550400018692,0.1499229222536087,0.16026026010513306,0.1631995141506195,0.16894803941249847,0.16812825202941895,0.14930970966815948,0.1520296037197113,0.17837578058242798,0.13553005456924438,0.14879058301448822,0.12974229454994202,0.14441552758216858,0.13865765929222107,0.15853366255760193
10,0.7989228367805481,0.1605362743139267,0.15580052137374878,0.16799072921276093,0.19681775569915771,0.14122439920902252,0.15487343072891235,0.16851595044136047,0.18075990676879883,0.16968907415866852,0.15034431219100952,0.1528494507074356,0.19346824288368225,0.15948928892612457,0.17229191958904266,0.18067248165607452,0.3254706859588623,0.2262422740459442,0.13472862541675568,0.15014924108982086,0.13267368078231812,0.2918104827404022,0.173918217420578,0.19066214561462402,0.1701652854681015,0.24628391861915588,0.24536648392677307,0.1763969510793686,0.17336593568325043,0.16806477308273315,0.15686845779418945,0.1660626381635666,0.14059977233409882,0.14211927354335785,0.1422889679670334,0.13441836833953857,0.12285502254962921,0.19150163233280182,0.12016492336988449,0.11518500745296478,0.1156037226319313,0.14704342186450958,0.14222507178783417,0.1493665874004364
11,1.0271214246749878,0.1424795240163803,0.1362573653459549,0.13495109975337982,0.14384672045707703,0.1121431291103363,0.14262115955352783,0.14333462715148926,0.16194087266921997,0.14978981018066406,0.14643605053424835,0.13431933522224426,0.17487400770187378,0.1434919834136963,0.15868701040744781,0.16519588232040405,0.2913361191749573,0.19402381777763367,0.13474823534488678,0.1791912317276001,0.1372935026884079,0.3189655542373657,0.18974880874156952,0.1664213389158249,0.15148106217384338,0.17671866714954376,0.24045151472091675,0.16173267364501953,0.14681945741176605,0.16465362906455994,0.14562205970287323,0.1834806650876999,0.15407007932662964,0.16289527714252472,0.16517463326454163,0.1579546332359314,0.12335257232189178,0.22351311147212982,0.1284874528646469,0.1319304257631302,0.13834622502326965,0.1626187264919281,0.15103702247142792,0.1637471318244934
12,0.5113828182220459,0.1574295461177826,0.1434181183576584,0.15569551289081573,0.20553083717823029,0.15984265506267548,0.1692611277103424,0.15439553558826447,0.205841526389122,0.17027506232261658,0.1712733656167984,0.15210463106632233,0.1898268312215805,0.15881922841072083,0.17610059678554535,0.1933744102716446,0.320492148399353,0.25155961513519287,0.14067170023918152,0.17571377754211426,0.13597096502780914,0.3388872742652893,0.1712956726551056,0.1939234435558319,0.17354482412338257,0.2502938210964203,0.2718871831893921,0.16919662058353424,0.18633759021759033,0.17042125761508942,0.14951394498348236,0.16068866848945618,0.13307727873325348,0.13686558604240417,0.1425376683473587,0.12861555814743042,0.14067524671554565,0.1916007697582245,0.12422171980142593,0.13229286670684814,0.11490184813737869,0.1485554277896881,0.14756183326244354,0.1560586392879486
13,0.8742984533309937,0.14727038145065308,0.1310969740152359,0.14881321787834167,0.15682220458984375,0.12434475868940353,0.16273090243339539,0.1465873420238495,0.18385423719882965,0.14928235113620758,0.15322186052799225,0.13238416612148285,0.17954477667808533,0.13931255042552948,0.154147207736969,0.16391579806804657,0.3033575117588043,0.20630334317684174,0.13057291507720947,0.18699121475219727,0.13350173830986023,0.3625462055206299,0.20934629440307617,0.18168461322784424,0.15980513393878937,0.1858997642993927,0.28574442863464355,0.14896586537361145,0.15197670459747314,0.16382035613059998,0.13417884707450867,0.17971675097942352,0.13908852636814117,0.14725357294082642,0.15414994955062866,0.15646927058696747,0.1267111450433731,0.2432619333267212,0.1184409111738205,0.13128350675106049,0.13140760362148285,0.14858666062355042,0.1486063450574875,0.15736079216003418
14,0.820242702960968,0.14439056813716888,0.12893784046173096,0.1514280140399933,0.18970811367034912,0.12165656685829163,0.15489962697029114,0.15273796021938324,0.18177062273025513,0.16445334255695343,0.14202027022838593,0.1292305439710617,0.18832072615623474,0.13021652400493622,0.15831293165683746,0.17186397314071655,0.2677220404148102,0.23847335577011108,0.1363903135061264,0.19002053141593933,0.12822209298610687,0.33035901188850403,0.20316702127456665,0.1972314715385437,0.15229195356369019,0.20053653419017792,0.29683196544647217,0.16549807786941528,0.15917594730854034,0.16738924384117126,0.15172603726387024,0.18058201670646667,0.1360950767993927,0.13949832320213318,0.14135374128818512,0.1633199006319046,0.11971880495548248,0.2086256444454193,0.12400823086500168,0.1297474503517151,0.13450518250465393,0.15760621428489685,0.14824093878269196,0.15522408485412598
15,0.5343275666236877,0.13803155720233917,0.14475609362125397,0.18575270473957062,0.22172118723392487,0.15908470749855042,0.1825384646654129,0.1740807443857193,0.21402963995933533,0.18235166370868683,0.15889157354831696,0.15281957387924194,0.19610430300235748,0.15460819005966187,0.15821684896945953,0.17447176575660706,0.24443760514259338,0.21277382969856262,0.12901724874973297,0.17711204290390015,0.13688480854034424,0.3570077121257782,0.211635559797287,0.21624115109443665,0.16208668053150177,0.20545946061611176,0.2315937876701355,0.1646132469177246,0.17738781869411469,0.16060034930706024,0.15303295850753784,0.17892953753471375,0.1342541128396988,0.14119857549667358,0.14672084152698517,0.1775999218225479,0.13712839782238007,0.20685416460037231,0.1363597959280014,0.14262162148952484,0.14647699892520905,0.15139099955558777,0.1571769118309021,0.14853966236114502
16,0.5144773721694946,0.13022635877132416,0.13421131670475006,0.1357513964176178,0.21152976155281067,0.11770135164260864,0.13156317174434662,0.14975476264953613,0.17503930628299713,0.15943826735019684,0.14586038887500763,0.14628082513809204,0.1864405870437622,0.15632028877735138,0.17353451251983643,0.18530119955539703,0.25574004650115967,0.20921334624290466,0.12429878115653992,0.15815918147563934,0.1380201131105423,0.3464495539665222,0.1932581067085266,0.2025713324546814,0.17938266694545746,0.271891713142395,0.28591489791870117,0.19448222219944,0.17189441621303558,0.1730041652917862,0.16781212389469147,0.16933488845825195,0.15754732489585876,0.15689042210578918,0.1511152684688568,0.15503177046775818,0.13115479052066803,0.1950407326221466,0.14299917221069336,0.15281535685062408,0.14401382207870483,0.15316815674304962,0.15361452102661133,0.16646729409694672
17,0.4649732708930969,0.17218321561813354,0.15044020116329193,0.15663772821426392,0.1713525354862213,0.1578080952167511,0.15819330513477325,0.17130285501480103,0.20053499937057495,0.17651405930519104,0.16161607205867767,0.13270802795886993,0.18549519777297974,0.14485017955303192,0.16529515385627747,0.16676469147205353,0.22294536232948303,0.14767062664031982,0.11547677218914032,0.16503360867500305,0.12277062237262726,0.27983561158180237,0.1752636730670929,0.1724332869052887,0.16014371812343597,0.17169541120529175,0.27054187655448914,0.1814858466386795,0.1670525223016739,0.16804102063179016,0.16867457330226898,0.19030983746051788,0.15921860933303833,0.16179673373699188,0.15730637311935425,0.16318672895431519,0.12637022137641907,0.23146632313728333,0.16561801731586456,0.15362802147865295,0.18651486933231354,0.19593356549739838,0.18807353079319,0.180471271276474
18,0.6901455521583557,0.1712844967842102,0.13929158449172974,0.13395540416240692,0.13272184133529663,0.11977169662714005,0.13508065044879913,0.14851540327072144,0.17464011907577515,0.14786843955516815,0.16913339495658875,0.13630542159080505,0.2018474042415619,0.1586519330739975,0.17925409972667694,0.17483192682266235,0.27730244398117065,0.1522848755121231,0.11933919787406921,0.16415123641490936,0.1345224529504776,0.3255901634693146,0.1963811218738556,0.1676776111125946,0.15856115520000458,0.1626608520746231,0.2455916404724121,0.16838166117668152,0.13564731180667877,0.1617879569530487,0.14249031245708466,0.17233514785766602,0.15040668845176697,0.15387776494026184,0.14921516180038452,0.14250324666500092,0.11678577214479446,0.21954873204231262,0.15769101679325104,0.15323740243911743,0.1925097107887268,0.18198920786380768,0.1622215360403061,0.19202697277069092
19,0.3239602744579315,0.1863214075565338,0.15453104674816132,0.14474105834960938,0.1783139854669571,0.15577924251556396,0.14692924916744232,0.15294264256954193,0.1899261325597763,0.1642356812953949,0.18591579794883728,0.15317827463150024,0.20058032870292664,0.1747167557477951,0.19299116730690002,0.1913151890039444,0.2774592638015747,0.18359167873859406,0.12496577948331833,0.1548156887292862,0.1290423423051834,0.28286948800086975,0.16784946620464325,0.1837543249130249,0.19205088913440704,0.21052765846252441,0.27330467104911804,0.18476571142673492,0.18160058557987213,0.17317475378513336,0.164497509598732,0.16611845791339874,0.14583055675029755,0.14412817358970642,0.14223359525203705,0.12211869657039642,0.1397315412759781,0.19154316186904907,0.14944006502628326,0.15791292488574982,0.14588254690170288,0.16264347732067108,0.15094740688800812,0.18919716775417328
20,0.7687138915061951,0.18406759202480316,0.13618355989456177,0.14031201601028442,0.14611317217350006,0.12356027960777283,0.13895183801651,0.1451769769191742,0.16958196461200714,0.14469142258167267,0.15672092139720917,0.12600822746753693,0.18597808480262756,0.14414024353027344,0.16075561940670013,0.1506498157978058,0.25743600726127625,0.14981725811958313,0.11282503604888916,0.15315403044223785,0.12107478082180023,0.30637556314468384,0.17764703929424286,0.15792974829673767,0.16249467432498932,0.15464259684085846,0.2621169686317444,0.1648462861776352,0.13857653737068176,0.16693411767482758,0.14826077222824097,0.18017739057540894,0.15618932247161865,0.1574849784374237,0.15391400456428528,0.14609910547733307,0.13200826942920685,0.2368832379579544,0.1383511871099472,0.1581544131040573,0.1594127118587494,0.17080412805080414,0.15848182141780853,0.19356094300746918
21,0.2134421020746231,0.17975595593452454,0.16210059821605682,0.17337435483932495,0.14065736532211304,0.18078218400478363,0.13422967493534088,0.15410782396793365,0.19783000648021698,0.17815697193145752,0.15578626096248627,0.1566573679447174,0.16698472201824188,0.15617164969444275,0.14303864538669586,0.13849742710590363,0.14579254388809204,0.12302863597869873,0.12767279148101807,0.15173067152500153,0.1263371855020523,0.1724434196949005,0.1425398886203766,0.17464472353458405,0.16307586431503296,0.17402352392673492,0.20217657089233398,0.17673435807228088,0.2054377794265747,0.17082346975803375,0.20801067352294922,0.1741398274898529,0.17859427630901337,0.17303301393985748,0.17163990437984467,0.1896866112947464,0.17301081120967865,0.19542591273784637,0.1776067316532135,0.17628805339336395,0.16658474504947662,0.20073267817497253,0.20969532430171967,0.21432462334632874
22,0.6213291883468628,0.1690986156463623,0.13328047096729279,0.1440439224243164,0.1799469292163849,0.13982969522476196,0.13104739785194397,0.1429794728755951,0.17781001329421997,0.17266613245010376,0.15554313361644745,0.13585907220840454,0.182402104139328,0.1412469446659088,0.16292497515678406,0.16348783671855927,0.23832643032073975,0.17192742228507996,0.11132624745368958,0.14178290963172913,0.11201372742652893,0.269432008266449,0.14761577546596527,0.16794000566005707,0.17038793861865997,0.1977100819349289,0.2343367040157318,0.17920148372650146,0.17836709320545197,0.18127651512622833,0.16997069120407104,0.1824142336845398,0.16093508899211884,0.16246570646762848,0.1631578803062439,0.1414789855480194,0.1580972969532013,0.18985341489315033,0.14878369867801666,0.16312167048454285,0.13970717787742615,0.1819087266921997,0.16707828640937805,0.21836262941360474
23,0.5902436375617981,0.17839327454566956,0.15164539217948914,0.15197832882404327,0.18953701853752136,0.13808536529541016,0.17940577864646912,0.1750379204750061,0.1822585016489029,0.16736961901187897,0.1490713357925415,0.13624358177185059,0.16772547364234924,0.13485798239707947,0.16143383085727692,0.17274275422096252,0.2130724936723709,0.1935950368642807,0.12303327023983002,0.14586645364761353,0.11893786489963531,0.25939562916755676,0.16137368977069855,0.17085954546928406,0.17411987483501434,0.22833071649074554,0.24324950575828552,0.1999790370464325,0.15619808435440063,0.17470385134220123,0.15163171291351318,0.17723508179187775,0.1490159034729004,0.15468131005764008,0.15739507973194122,0.15383380651474,0.14703163504600525,0.18271465599536896,0.15405018627643585,0.15895317494869232,0.16953657567501068,0.19029906392097473,0.1908448338508606,0.2093333601951599
24,0.749649703502655,0.17220312356948853,0.14329442381858826,0.14982923865318298,0.18129520118236542,0.1166951060295105,0.14135953783988953,0.16790956258773804,0.17480480670928955,0.1704244166612625,0.13850560784339905,0.134029358625412,0.1774516999721527,0.14112398028373718,0.18143653869628906,0.17358221113681793,0.258136510848999,0.19641345739364624,0.12099315226078033,0.13307711482048035,0.12356097996234894,0.25461867451667786,0.15893171727657318,0.17464807629585266,0.1525619924068451,0.20421236753463745,0.2406623810529709,0.18447856605052948,0.15848292410373688,0.1773490607738495,0.15853898227214813,0.18390800058841705,0.14296644926071167,0.14747320115566254,0.14547760784626007,0.1448550969362259,0.12212876975536346,0.1980157494544983,0.14782030880451202,0.1416037529706955,0.16687440872192383,0.18679246306419373,0.17358027398586273,0.19848544895648956
25,0.5481215715408325,0.17707689106464386,0.1555880755186081,0.15322954952716827,0.17033489048480988,0.11573965847492218,0.14866481721401215,0.17074960470199585,0.17724934220314026,0.18220706284046173,0.1270524561405182,0.12541168928146362,0.1562032550573349,0.13489916920661926,0.17308589816093445,0.16664081811904907,0.19997268915176392,0.1716523915529251,0.12548309564590454,0.15387772023677826,0.1323937028646469,0.22214236855506897,0.1636584997177124,0.1623886674642563,0.1332683563232422,0.15826097130775452,0.2431846559047699,0.21267114579677582,0.1547178030014038,0.19596238434314728,0.17676591873168945,0.20415687561035156,0.17140822112560272,0.18053863942623138,0.17685723304748535,0.1801767796278,0.1262560784816742,0.1976461112499237,0.17402677237987518,0.16301652789115906,0.20291012525558472,0.21080346405506134,0.19831563532352448,0.20710289478302002
26,0.7649050354957581,0.13887926936149597,0.12956766784191132,0.12984244525432587,0.2229669839143753,0.09791804850101471,0.12505705654621124,0.15665282309055328,0.16504713892936707,0.16896268725395203,0.13358865678310394,0.12795716524124146,0.15837766230106354,0.14291566610336304,0.1803201586008072,0.16832178831100464,0.25204768776893616,0.2289445549249649,0.1237214133143425,0.1464841514825821,0.13506200909614563,0.2902701497077942,0.1590336710214615,0.15972645580768585,0.15058226883411407,0.21170035004615784,0.2823542356491089,0.19401797652244568,0.16491134464740753,0.1807827204465866,0.1705239862203598,0.17304615676403046,0.15806230902671814,0.1584312915802002,0.14807923138141632,0.15464936196804047,0.12855654954910278,0.19811727106571198,0.13641220331192017,0.15770849585533142,0.14413541555404663,0.1593960076570511,0.1527547836303711,0.18950891494750977
27,1.0782053470611572,0.14299276471138,0.10696881264448166,0.12010584771633148,0.1497669667005539,0.09964770823717117,0.11588330566883087,0.12584541738033295,0.1367872953414917,0.14659331738948822,0.14169766008853912,0.11070861667394638,0.16902810335159302,0.13034819066524506,0.1656944453716278,0.14277151226997375,0.2708389163017273,0.19594818353652954,0.13037246465682983,0.1537497639656067,0.12997886538505554,0.2955194115638733,0.16878508031368256,0.13291586935520172,0.1399361789226532,0.15128663182258606,0.26638519763946533,0.15558083355426788,0.1494492143392563,0.1748332679271698,0.15545327961444855,0.17636775970458984,0.15036100149154663,0.15568746626377106,0.15250378847122192,0.1563235968351364,0.13043716549873352,0.2542263865470886,0.13424116373062134,0.14933088421821594,0.15151411294937134,0.1905018389225006,0.1496419608592987,0.2173890769481659
28,1.0949649810791016,0.15680116415023804,0.14088675379753113,0.12754715979099274,0.17414221167564392,0.1122564822435379,0.10856121778488159,0.16056737303733826,0.13614578545093536,0.14927373826503754,0.14428271353244781,0.12908712029457092,0.16927990317344666,0.1460745632648468,0.17232689261436462,0.18796296417713165,0.3846941888332367,0.2064969688653946,0.10796448588371277,0.12887074053287506,0.10745131969451904,0.23847030103206635,0.15760621428489685,0.1368068903684616,0.1494530588388443,0.2081063985824585,0.29807049036026,0.1762702763080597,0.16206344962120056,0.15081071853637695,0.13236963748931885,0.15056830644607544,0.13351543247699738,0.13482069969177246,0.12924200296401978,0.11761057376861572,0.11953382939100266,0.22891511023044586,0.12338723987340927,0.14602075517177582,0.14273270964622498,0.16245244443416595,0.14400827884674072,0.1898474544286728
29,1.090320110321045,0.1281178593635559,0.10889162868261337,0.12251860648393631,0.15201658010482788,0.08994270861148834,0.11136026680469513,0.14252935349941254,0.15105900168418884,0.14821302890777588,0.11612118780612946,0.1079968735575676,0.18019279837608337,0.12083293497562408,0.17030978202819824,0.15646681189537048,0.2722201645374298,0.22123940289020538,0.12063749879598618,0.1440630853176117,0.10608431696891785,0.21932893991470337,0.14632774889469147,0.1605796217918396,0.12512029707431793,0.16597643494606018,0.2694196105003357,0.1675243377685547,0.1547078788280487,0.1686549335718155,0.16347011923789978,0.18746419250965118,0.13660190999507904,0.1402847170829773,0.13751563429832458,0.15694065392017365,0.12569135427474976,0.21716056764125824,0.14380010962486267,0.15105774998664856,0.1564604789018631,0.20418590307235718,0.1775340884923935,0.2127830982208252
30,0.7742530107498169,0.16339874267578125,0.12433339655399323,0.13090425729751587,0.1417214423418045,0.11868128180503845,0.1171751543879509,0.14343157410621643,0.15154024958610535,0.1421608030796051,0.15872812271118164,0.13173671066761017,0.2058587521314621,0.1581680029630661,0.19261585175991058,0.18799637258052826,0.3007470369338989,0.19554409384727478,0.13037443161010742,0.15122570097446442,0.12535707652568817,0.2591903507709503,0.16137072443962097,0.16773563623428345,0.17114326357841492,0.21573741734027863,0.2616841495037079,0.1620127558708191,0.16328714787960052,0.14465826749801636,0.13758546113967896,0.15834014117717743,0.13051056861877441,0.13470003008842468,0.1345941722393036,0.14151419699192047,0.14581963419914246,0.19041097164154053,0.15470527112483978,0.16379772126674652,0.16291335225105286,0.1826593577861786,0.18406639993190765,0.20695377886295319
31,0.9516629576683044,0.13772952556610107,0.10369675606489182,0.13404105603694916,0.16703230142593384,0.11028049886226654,0.11617688089609146,0.15178357064723969,0.17516398429870605,0.1770615428686142,0.13910068571567535,0.12722621858119965,0.20405560731887817,0.1455431878566742,0.19382022321224213,0.18505892157554626,0.31559479236602783,0.20699244737625122,0.10472502559423447,0.13058961927890778,0.10187311470508575,0.2758174538612366,0.1521548330783844,0.16970860958099365,0.14162883162498474,0.18861956894397736,0.2449977695941925,0.1521567553281784,0.15639029443264008,0.16194765269756317,0.1653759777545929,0.1886284351348877,0.12662748992443085,0.126081645488739,0.12288788706064224,0.12890195846557617,0.12043710052967072,0.16927048563957214,0.1323378086090088,0.13368721306324005,0.13996948301792145,0.1890038698911667,0.17874416708946228,0.21261091530323029
32,1.0184060335159302,0.13448093831539154,0.10043009370565414,0.11891086399555206,0.1402718722820282,0.09848310798406601,0.13677315413951874,0.1357351839542389,0.15539148449897766,0.14732109010219574,0.1408470869064331,0.11639433354139328,0.20382142066955566,0.13651704788208008,0.17434577643871307,0.16127943992614746,0.3005432188510895,0.2017691731452942,0.12118624895811081,0.15661761164665222,0.12502999603748322,0.30697736144065857,0.1737390011548996,0.1612907201051712,0.1479288935661316,0.1679156869649887,0.2616123557090759,0.1370263695716858,0.13811667263507843,0.16660402715206146,0.15565933287143707,0.1810474991798401,0.1390984058380127,0.14036041498184204,0.13664238154888153,0.15184620022773743,0.12129662185907364,0.19866952300071716,0.12849432229995728,0.13247476518154144,0.1449599713087082,0.18260236084461212,0.16673429310321808,0.21657349169254303
33,1.0321080684661865,0.13486769795417786,0.1018933653831482,0.11798284947872162,0.1492116004228592,0.10000870376825333,0.1354730874300003,0.13559886813163757,0.15050265192985535,0.15905587375164032,0.1453062891960144,0.12109158933162689,0.1997501105070114,0.13770003616809845,0.17412422597408295,0.1561012864112854,0.28796571493148804,0.20251992344856262,0.1263996809720993,0.15499261021614075,0.1295250803232193,0.31809601187705994,0.1748916059732437,0.15374784171581268,0.15202493965625763,0.16673830151557922,0.25755995512008667,0.14221298694610596,0.14027835428714752,0.172062948346138,0.16172583401203156,0.1778506189584732,0.1421710103750229,0.14328351616859436,0.13930746912956238,0.15017001330852509,0.12386402487754822,0.18580490350723267,0.12718123197555542,0.13094539940357208,0.13916148245334625,0.17855291068553925,0.1545601338148117,0.21410410106182098
34,1.0715529918670654,0.13337668776512146,0.10367447137832642,0.11817920207977295,0.15061388909816742,0.099732905626297,0.12619885802268982,0.13485154509544373,0.1448085755109787,0.16867198050022125,0.14373250305652618,0.12001824378967285,0.18798325955867767,0.1348278969526291,0.1755048930644989,0.15651331841945648,0.28217998147010803,0.19596406817436218,0.12502717971801758,0.1470443308353424,0.1270570158958435,0.3104420006275177,0.16800788044929504,0.14478112757205963,0.15145519375801086,0.16496728360652924,0.24563896656036377,0.1502579152584076,0.14162448048591614,0.1746801882982254,0.16734732687473297,0.17651699483394623,0.14463002979755402,0.14685282111167908,0.14266948401927948,0.14836187660694122,0.1260334700345993,0.1821306198835373,0.13341408967971802,0.13560914993286133,0.14418840408325195,0.188124418258667,0.15229743719100952,0.21584105491638184
35,0.6841734051704407,0.1465112566947937,0.11658482253551483,0.13839760422706604,0.18298043310642242,0.12599724531173706,0.1285301148891449,0.15039916336536407,0.17605499923229218,0.19684229791164398,0.155998095870018,0.13806378841400146,0.19675174355506897,0.15346816182136536,0.19428850710391998,0.1790645718574524,0.3142549991607666,0.21574820578098297,0.11845853179693222,0.14013798534870148,0.11591260135173798,0.31852930784225464,0.14467504620552063,0.15641328692436218,0.1626429408788681,0.21235501766204834,0.22718040645122528,0.1675221174955368,0.17397189140319824,0.1738647073507309,0.17946869134902954,0.1608380228281021,0.1341198831796646,0.1357097178697586,0.13495013117790222,0.12498767673969269,0.14345182478427887,0.16134323179721832,0.1429295688867569,0.1440626084804535,0.1297873556613922,0.18720172345638275,0.1551850587129593,0.2126951813697815
36,0.780848503112793,0.16089439392089844,0.13234053552150726,0.1565522998571396,0.19403471052646637,0.1200777143239975,0.12896421551704407,0.17155081033706665,0.17811161279678345,0.17988739907741547,0.13298988342285156,0.12752066552639008,0.18140751123428345,0.14672765135765076,0.19875310361385345,0.19091567397117615,0.32209473848342896,0.22544613480567932,0.10819660127162933,0.1238313689827919,0.10401634871959686,0.2628891170024872,0.14836253225803375,0.16811731457710266,0.16106465458869934,0.22012284398078918,0.24728672206401825,0.17427028715610504,0.1656307727098465,0.1700272560119629,0.16629260778427124,0.1661524921655655,0.12292580306529999,0.12355247139930725,0.1221136599779129,0.12663958966732025,0.1266537755727768,0.18481162190437317,0.1384577751159668,0.13969747722148895,0.14489619433879852,0.19040143489837646,0.16597981750965118,0.1953166425228119
37,0.7057363986968994,0.13656678795814514,0.11727555096149445,0.13560664653778076,0.23338636755943298,0.10077900439500809,0.11746758222579956,0.17280057072639465,0.1735282689332962,0.16322985291481018,0.12196969985961914,0.10988025367259979,0.1525316834449768,0.1370038390159607,0.1948072761297226,0.1994001567363739,0.2880675494670868,0.23288367688655853,0.0989006906747818,0.11868657916784286,0.10195204615592957,0.2811555564403534,0.136995330452919,0.1678808629512787,0.15435640513896942,0.24075374007225037,0.28873690962791443,0.18868733942508698,0.15829631686210632,0.16613024473190308,0.17721401154994965,0.16952191293239594,0.14244239032268524,0.13843901455402374,0.12832599878311157,0.13359257578849792,0.1260911226272583,0.19919073581695557,0.14647668600082397,0.16304311156272888,0.15349367260932922,0.18636198341846466,0.17653360962867737,0.2004157155752182
38,0.987101137638092,0.13734392821788788,0.10185444355010986,0.12918692827224731,0.14778731763362885,0.10047543048858643,0.11764790117740631,0.14310914278030396,0.15395911037921906,0.1451513171195984,0.12779709696769714,0.09767763316631317,0.14971232414245605,0.12061616033315659,0.17687121033668518,0.16525189578533173,0.30030861496925354,0.18460994958877563,0.09752311557531357,0.1200772076845169,0.09978581219911575,0.3004782795906067,0.14217819273471832,0.143277108669281,0.143021360039711,0.17892929911613464,0.28288543224334717,0.15029236674308777,0.1461847424507141,0.1663166582584381,0.15720631182193756,0.17125149071216583,0.13732841610908508,0.13939516246318817,0.13586848974227905,0.14507538080215454,0.1309739649295807,0.2645414173603058,0.14909902215003967,0.15808351337909698,0.1628577560186386,0.2112351357936859,0.1751963049173355,0.22761152684688568
39,0.7678661346435547,0.14655320346355438,0.11495815962553024,0.1569736897945404,0.21064907312393188,0.1224871426820755,0.12216632068157196,0.1485540121793747,0.1697635054588318,0.16040875017642975,0.13094374537467957,0.12000678479671478,0.17183458805084229,0.13713456690311432,0.18750405311584473,0.17632552981376648,0.3274247348308563,0.2241249978542328,0.10052183270454407,0.11805672198534012,0.09707295894622803,0.2857326865196228,0.1465555876493454,0.174448624253273,0.1644470989704132,0.2509743273258209,0.2827242910861969,0.1645147204399109,0.17691607773303986,0.17314079403877258,0.17252232134342194,0.16204045712947845,0.12712915241718292,0.12430229783058167,0.12339241057634354,0.13313674926757812,0.13600215315818787,0.2327190339565277,0.1368936151266098,0.13875830173492432,0.13800428807735443,0.1820160150527954,0.1663602888584137,0.20352432131767273
40,1.1107490062713623,0.11494192481040955,0.09128464758396149,0.11641235649585724,0.14439180493354797,0.09439954161643982,0.10488462448120117,0.11731240898370743,0.13546709716320038,0.1416672319173813,0.13286206126213074,0.10662996768951416,0.15469907224178314,0.12266162037849426,0.16031040251255035,0.14394059777259827,0.2761765122413635,0.17314544320106506,0.10121586918830872,0.11915729939937592,0.10379132628440857,0.3357076942920685,0.14657384157180786,0.1425039917230606,0.14365899562835693,0.19264407455921173,0.2701701521873474,0.14928293228149414,0.1482049822807312,0.17287500202655792,0.16642963886260986,0.16646413505077362,0.15345081686973572,0.15209642052650452,0.1465919017791748,0.15588006377220154,0.13381002843379974,0.2555638551712036,0.15444247424602509,0.15049977600574493,0.15810924768447876,0.20278210937976837,0.1647605150938034,0.2377607673406601
41,0.8274660706520081,0.14641015231609344,0.12043581157922745,0.12279818952083588,0.15028221905231476,0.11506365239620209,0.10958661139011383,0.1252480149269104,0.13610543310642242,0.15395614504814148,0.16336338222026825,0.13945740461349487,0.1695665866136551,0.1572265774011612,0.1809653341770172,0.17563320696353912,0.26286742091178894,0.17611797153949738,0.1254163384437561,0.12958396971225739,0.12445268034934998,0.30067434906959534,0.15632517635822296,0.15237531065940857,0.17092634737491608,0.2374710589647293,0.26131558418273926,0.18019333481788635,0.17037661373615265,0.15214696526527405,0.15145720541477203,0.14566819369792938,0.14485566318035126,0.14590641856193542,0.14378809928894043,0.14700858294963837,0.14834310114383698,0.1832629144191742,0.1769590526819229,0.16166940331459045,0.16744397580623627,0.1879611611366272,0.17210163176059723,0.2198842465877533
42,0.8336984515190125,0.13920633494853973,0.13747964799404144,0.134311243891716,0.20191094279289246,0.12629425525665283,0.15392832458019257,0.15009771287441254,0.15974538028240204,0.16357634961605072,0.14567004144191742,0.14165380597114563,0.16997891664505005,0.14613832533359528,0.17897666990756989,0.17651879787445068,0.27581533789634705,0.21503473818302155,0.1213110089302063,0.1265198141336441,0.11269760131835938,0.29428789019584656,0.15058425068855286,0.15716151893138885,0.15797415375709534,0.2663973867893219,0.25649353861808777,0.19152380526065826,0.16076317429542542,0.1627282202243805,0.14675551652908325,0.14691698551177979,0.13175247609615326,0.1322474479675293,0.13453306257724762,0.1398007571697235,0.1276148557662964,0.17725181579589844,0.16720588505268097,0.14234969019889832,0.1675056368112564,0.1904815137386322,0.17911000549793243,0.2050732523202896
43,1.0916507244110107,0.12269797921180725,0.12095856666564941,0.11631524562835693,0.1781967580318451,0.08981332927942276,0.12708565592765808,0.14195409417152405,0.1523904949426651,0.1610735058784485,0.12324629724025726,0.12725694477558136,0.16652603447437286,0.13702210783958435,0.17455628514289856,0.1712052822113037,0.2630392909049988,0.23227807879447937,0.12965847551822662,0.13387951254844666,0.11517449468374252,0.2462770640850067,0.14857253432273865,0.1491279900074005,0.11838153749704361,0.17819981276988983,0.2614103853702545,0.17975839972496033,0.14320363104343414,0.15925998985767365,0.1515316367149353,0.15987499058246613,0.1368776112794876,0.1357889026403427,0.13076187670230865,0.14921411871910095,0.10713319480419159,0.18116022646427155,0.1620878279209137,0.14244239032268524,0.17611584067344666,0.2094261199235916,0.1799602061510086,0.20601296424865723
sum,32.881412506103516,6.893423557281494,6.172913551330566,6.370555877685547,7.9610676765441895,5.659930229187012,6.413779258728027,6.900998115539551,7.52248477935791,7.3186445236206055,6.713567733764648,6.189548015594482,7.91310453414917,6.6657328605651855,7.6024909019470215,7.819836616516113,12.264944076538086,9.057245254516602,5.641876220703125,6.588191509246826,5.641129493713379,12.693707466125488,7.362119674682617,7.3796610832214355,7.138559818267822,8.99130630493164,11.377744674682617,7.615285396575928,7.091343402862549,7.32429838180542,6.940665245056152,7.573587417602539,6.448155403137207,6.505452632904053,6.403999328613281,6.393950462341309,5.830181121826172,8.907353401184082,6.132355690002441,6.3746724128723145,6.490553379058838,7.664299011230469,7.099164009094238,8.262273788452148
posi,1.0,2.0,3.0,4.0,5.0,6.0,7.0,8.0,9.0,10.0,11.0,12.0,13.0,14.0,15.0,16.0,17.0,18.0,19.0,20.0,21.0,22.0,23.0,24.0,25.0,26.0,27.0,28.0,29.0,30.0,31.0,32.0,33.0,34.0,35.0,36.0,37.0,38.0,39.0,40.0,41.0,42.0,43.0,44.0
contrib,0.09389496445250527,0.019684609344165584,0.017627147202480552,0.01819152743413777,0.022733335021856257,0.0161622907037381,0.018314954547427004,0.019706238976963494,0.021480933667956437,0.020898854854800492,0.01917101960246712,0.01767464797302856,0.022596373218607236,0.01903442408006309,0.02170939623887224,0.02233004074858061,0.03502332778023886,0.02586353980543262,0.016110736334396296,0.018812999820254143,0.016108604007990156,0.03624768890573406,0.02102300091339141,0.02107309152099209,0.020384611526464133,0.02567524694160975,0.0324898734682004,0.021745931731930693,0.020249782049621252,0.020914999806395385,0.0198195109878664,0.02162686050125528,0.01841311781388385,0.018576733697209614,0.018287027335045187,0.01825833215836384,0.01664845295450497,0.025435514086106708,0.017511331650245165,0.01820328246214812,0.018534187930360164,0.021885893225519898,0.020272114288054904,0.02359344822913485
