,M,L,A,L,K,L,S,V,Y,S,V,V,F,F,F,I,A,V,F,V,F,G,F,L,A,S,D,P,A,R,T,P,A,R,K,D,L,E,D
0,0.21912358701229095,0.20926474034786224,0.18067742884159088,0.20170968770980835,0.16491356492042542,0.20829825103282928,0.16536776721477509,0.1788109689950943,0.1963222622871399,0.17741818726062775,0.18379206955432892,0.18325543403625488,0.22943565249443054,0.22191546857357025,0.2104681432247162,0.18271797895431519,0.1697724163532257,0.16736845672130585,0.22965136170387268,0.17934195697307587,0.22638024389743805,0.19630973041057587,0.21321365237236023,0.2054820954799652,0.18404486775398254,0.1701371669769287,0.18202534317970276,0.17797166109085083,0.1719750612974167,0.187559574842453,0.1769312471151352,0.16607880592346191,0.1621391326189041,0.17224638164043427,0.14440006017684937,0.14724242687225342,0.17928196489810944,0.15211430191993713,0.14427880942821503
1,0.5383270978927612,0.1674823760986328,0.15299750864505768,0.15049292147159576,0.17702347040176392,0.13936372101306915,0.15440376102924347,0.14726342260837555,0.1988152265548706,0.2119099646806717,0.1818816065788269,0.17773319780826569,0.28121814131736755,0.29892030358314514,0.3107428550720215,0.18872059881687164,0.18926984071731567,0.1726815104484558,0.2436297982931137,0.16601669788360596,0.26726412773132324,0.2911762595176697,0.27733945846557617,0.17812500894069672,0.1840791404247284,0.20158451795578003,0.22649605572223663,0.18598219752311707,0.14990389347076416,0.17524497210979462,0.12211495637893677,0.14129996299743652,0.1296173632144928,0.14994731545448303,0.15637484192848206,0.15940433740615845,0.10821326076984406,0.16920606791973114,0.14715105295181274
2,0.6764209270477295,0.16977287828922272,0.1325964629650116,0.15758125483989716,0.15951818227767944,0.1607840210199356,0.15100286900997162,0.14136266708374023,0.1772828847169876,0.19832949340343475,0.18619489669799805,0.18855434656143188,0.30888307094573975,0.31240782141685486,0.3174501061439514,0.19573138654232025,0.18662749230861664,0.16752949357032776,0.24348220229148865,0.1615314930677414,0.2436540275812149,0.26156410574913025,0.25517046451568604,0.17391076683998108,0.1554245799779892,0.2022647261619568,0.2253032922744751,0.16786961257457733,0.14642125368118286,0.17215971648693085,0.1348414570093155,0.12940749526023865,0.11710511147975922,0.14721639454364777,0.16490258276462555,0.16669870913028717,0.1296336054801941,0.18520675599575043,0.15231235325336456
3,0.6777661442756653,0.18300066888332367,0.1484224498271942,0.1591712087392807,0.17281338572502136,0.14235755801200867,0.1550460308790207,0.13920007646083832,0.1757674217224121,0.199325293302536,0.17390160262584686,0.17132516205310822,0.23792555928230286,0.25372323393821716,0.2667205333709717,0.18769890069961548,0.18029069900512695,0.16328857839107513,0.21036271750926971,0.1511382907629013,0.21862667798995972,0.25753962993621826,0.23287296295166016,0.17056240141391754,0.16641920804977417,0.22731620073318481,0.23752206563949585,0.18394309282302856,0.14951328933238983,0.1683575063943863,0.1241244375705719,0.1378202736377716,0.12865951657295227,0.16168168187141418,0.17522463202476501,0.18428993225097656,0.12559597194194794,0.19157887995243073,0.1766924262046814
4,0.864452600479126,0.18973368406295776,0.13958802819252014,0.16779778897762299,0.14145827293395996,0.14763496816158295,0.17827264964580536,0.13209490478038788,0.13863998651504517,0.2101408839225769,0.16660702228546143,0.1695936620235443,0.245049387216568,0.25118279457092285,0.2613057494163513,0.18819832801818848,0.17841240763664246,0.15097779035568237,0.19066961109638214,0.12692435085773468,0.18178361654281616,0.25094857811927795,0.21674299240112305,0.1626981794834137,0.15529456734657288,0.26594460010528564,0.26973459124565125,0.17799800634384155,0.14217226207256317,0.1534668654203415,0.13845887780189514,0.14072224497795105,0.11554364114999771,0.13745005428791046,0.13870342075824738,0.20158876478672028,0.12721803784370422,0.18656130135059357,0.20457763969898224
5,0.5743449926376343,0.18007338047027588,0.1351591795682907,0.15237370133399963,0.1570567786693573,0.12655898928642273,0.15568223595619202,0.13233602046966553,0.15885934233665466,0.1897871345281601,0.163373664021492,0.16552115976810455,0.21701736748218536,0.23495471477508545,0.2500261068344116,0.20906206965446472,0.17950960993766785,0.15941232442855835,0.18604013323783875,0.14419236779212952,0.18512025475502014,0.23883821070194244,0.20599433779716492,0.16889233887195587,0.162698894739151,0.24826373159885406,0.2622028887271881,0.18305301666259766,0.14163969457149506,0.15884307026863098,0.1332179307937622,0.14036521315574646,0.13269174098968506,0.16720792651176453,0.1705201417207718,0.210495725274086,0.1348295956850052,0.20800234377384186,0.22358357906341553
6,0.7865476012229919,0.18210674822330475,0.12491416931152344,0.1520867794752121,0.11821699887514114,0.13500821590423584,0.1610165238380432,0.12275894731283188,0.133933886885643,0.1999596208333969,0.15742602944374084,0.1617286056280136,0.23680444061756134,0.2493971586227417,0.2659603953361511,0.20041696727275848,0.18231812119483948,0.14352720975875854,0.17814581096172333,0.12568333745002747,0.17316633462905884,0.1994655430316925,0.2023499608039856,0.16882477700710297,0.14993253350257874,0.25125735998153687,0.27060666680336,0.15830618143081665,0.15119598805904388,0.14704880118370056,0.14827008545398712,0.1319849044084549,0.13196887075901031,0.1476942002773285,0.142119899392128,0.21323725581169128,0.14974457025527954,0.19120769202709198,0.22618690133094788
7,0.9467743635177612,0.17607523500919342,0.14237606525421143,0.13826115429401398,0.10152889043092728,0.11692878603935242,0.1423802524805069,0.11666733771562576,0.13689208030700684,0.17052733898162842,0.14695796370506287,0.1481969654560089,0.2158205509185791,0.23023143410682678,0.24453523755073547,0.1771770864725113,0.17334900796413422,0.14950551092624664,0.19575966894626617,0.13809356093406677,0.1909918189048767,0.21941453218460083,0.20331260561943054,0.15733769536018372,0.1659950613975525,0.2101411372423172,0.2424428015947342,0.18080903589725494,0.1618960201740265,0.14171618223190308,0.13937444984912872,0.15890920162200928,0.1623092144727707,0.1564357727766037,0.128745436668396,0.19305065274238586,0.13991835713386536,0.18808530271053314,0.21745184063911438
8,0.995273768901825,0.1899554282426834,0.13613776862621307,0.16611075401306152,0.13210222125053406,0.1434822827577591,0.1463625133037567,0.12179503589868546,0.14728522300720215,0.20315144956111908,0.17472898960113525,0.17511510848999023,0.23899458348751068,0.24445509910583496,0.2632210850715637,0.19904634356498718,0.17680171132087708,0.14224819839000702,0.1795267015695572,0.12712538242340088,0.1730736792087555,0.2929135262966156,0.20421433448791504,0.16179817914962769,0.1378118097782135,0.20752042531967163,0.22554436326026917,0.15260834991931915,0.13655444979667664,0.16468365490436554,0.1367742419242859,0.13497856259346008,0.1294858753681183,0.1692410111427307,0.16164349019527435,0.2408328354358673,0.1529078185558319,0.19401223957538605,0.20226897299289703
9,0.9969964027404785,0.18478578329086304,0.13064242899417877,0.17601117491722107,0.10784509778022766,0.1631772369146347,0.13388828933238983,0.11960680037736893,0.12722279131412506,0.1772134155035019,0.16741704940795898,0.1716289222240448,0.2339903563261032,0.24014562368392944,0.25191834568977356,0.17668551206588745,0.18079954385757446,0.1456765979528427,0.18111620843410492,0.1361498385667801,0.1787748783826828,0.20384304225444794,0.20220401883125305,0.17240726947784424,0.15253250300884247,0.23748557269573212,0.24075910449028015,0.16395440697669983,0.17018884420394897,0.1470990926027298,0.1557908058166504,0.1329447627067566,0.14529673755168915,0.1497759371995926,0.1377270221710205,0.18630823493003845,0.16096679866313934,0.18157368898391724,0.18140973150730133
10,1.1208674907684326,0.1696789264678955,0.14662036299705505,0.1420440822839737,0.09875287115573883,0.12992726266384125,0.13197200000286102,0.12694820761680603,0.12498929351568222,0.1646885722875595,0.15306568145751953,0.15016674995422363,0.19772940874099731,0.2089768648147583,0.223064124584198,0.15998852252960205,0.17226126790046692,0.1568945050239563,0.20156727731227875,0.14284852147102356,0.1908307671546936,0.21942590177059174,0.19837629795074463,0.15546154975891113,0.16493631899356842,0.21169014275074005,0.2184997946023941,0.17783910036087036,0.18503190577030182,0.14741869270801544,0.1503933072090149,0.14988157153129578,0.16869665682315826,0.154425248503685,0.12803848087787628,0.16996222734451294,0.14576356112957,0.17024676501750946,0.18647414445877075
11,1.0863045454025269,0.16928528249263763,0.15381941199302673,0.14171074330806732,0.10499317198991776,0.13140428066253662,0.1423707902431488,0.13476093113422394,0.12786857783794403,0.1703081578016281,0.1501564234495163,0.14605486392974854,0.19676846265792847,0.20927590131759644,0.22624421119689941,0.1626669466495514,0.17666113376617432,0.157664954662323,0.20326291024684906,0.140464186668396,0.18994726240634918,0.22430746257305145,0.1999470442533493,0.15081273019313812,0.16900549829006195,0.2122683972120285,0.22487838566303253,0.17720955610275269,0.1830853968858719,0.14371035993099213,0.1527058482170105,0.14494243264198303,0.1651403307914734,0.14478689432144165,0.12561573088169098,0.16712789237499237,0.13514167070388794,0.16214577853679657,0.18686726689338684
12,0.791355311870575,0.19480569660663605,0.16346925497055054,0.16705887019634247,0.14743323624134064,0.17507825791835785,0.17558638751506805,0.15455280244350433,0.15384262800216675,0.18163412809371948,0.14562824368476868,0.14278113842010498,0.19795013964176178,0.20838963985443115,0.2128877341747284,0.15723204612731934,0.17068281769752502,0.14618445932865143,0.17914098501205444,0.1344146579504013,0.1794704794883728,0.24919463694095612,0.18530398607254028,0.15563151240348816,0.17482735216617584,0.23229624330997467,0.21955958008766174,0.19091497361660004,0.1760004460811615,0.1439354568719864,0.16625040769577026,0.1536860466003418,0.17132192850112915,0.145223468542099,0.14095696806907654,0.170988991856575,0.1396504044532776,0.16448146104812622,0.18465791642665863
13,0.7101472616195679,0.1901228129863739,0.16402670741081238,0.16550606489181519,0.14754872024059296,0.17426781356334686,0.1686526983976364,0.14894166588783264,0.15788452327251434,0.17926466464996338,0.14909246563911438,0.14781010150909424,0.20967045426368713,0.21671482920646667,0.21691471338272095,0.1506107598543167,0.17226232588291168,0.14853860437870026,0.18512167036533356,0.13775961101055145,0.19004248082637787,0.2688367962837219,0.1992408037185669,0.16234590113162994,0.1851193755865097,0.22492368519306183,0.22599737346172333,0.19381901621818542,0.17666567862033844,0.1433137208223343,0.16726477444171906,0.1537734568119049,0.1715255081653595,0.1412626951932907,0.14373448491096497,0.17999468743801117,0.14145226776599884,0.17447294294834137,0.1802847683429718
14,0.6992151737213135,0.18437393009662628,0.16167914867401123,0.16137342154979706,0.14008888602256775,0.1679908037185669,0.15703366696834564,0.14114516973495483,0.15820828080177307,0.17558500170707703,0.15195432305335999,0.15214718878269196,0.21088825166225433,0.21515679359436035,0.21165847778320312,0.1427035927772522,0.17071957886219025,0.1462056189775467,0.17923736572265625,0.13974271714687347,0.19184105098247528,0.27485817670822144,0.20633774995803833,0.1710791289806366,0.19304700195789337,0.22400884330272675,0.22677598893642426,0.19261221587657928,0.18016894161701202,0.144251748919487,0.16606727242469788,0.15260595083236694,0.17353767156600952,0.14364749193191528,0.1478709876537323,0.1877397894859314,0.15055502951145172,0.18993742763996124,0.17663662135601044
15,0.5139465928077698,0.1649211198091507,0.15185870230197906,0.1571221798658371,0.1209932193160057,0.15008239448070526,0.16159352660179138,0.1331789642572403,0.14736202359199524,0.20021437108516693,0.16721150279045105,0.17038850486278534,0.23047642409801483,0.23388069868087769,0.23509429395198822,0.16527697443962097,0.20280131697654724,0.14436285197734833,0.17233212292194366,0.13964341580867767,0.1812395453453064,0.3216710090637207,0.2225431352853775,0.18940609693527222,0.20774146914482117,0.2603602111339569,0.25190624594688416,0.15817034244537354,0.17942991852760315,0.1378314048051834,0.15008069574832916,0.12486428022384644,0.15180030465126038,0.1377391368150711,0.14297521114349365,0.20751599967479706,0.14533144235610962,0.22411736845970154,0.18897069990634918
16,0.5611807703971863,0.15095873177051544,0.1282452493906021,0.14137601852416992,0.1271316409111023,0.13977684080600739,0.1312154233455658,0.13707007467746735,0.16020947694778442,0.17611098289489746,0.1801806390285492,0.1892869472503662,0.24183590710163116,0.24526114761829376,0.24265334010124207,0.1915237307548523,0.20831511914730072,0.15169337391853333,0.1831575632095337,0.15593115985393524,0.184676855802536,0.24587658047676086,0.20425832271575928,0.1786830574274063,0.18695266544818878,0.2284245491027832,0.2462405562400818,0.16489900648593903,0.17237642407417297,0.14605621993541718,0.1594121754169464,0.12763063609600067,0.14240874350070953,0.1488976627588272,0.15282964706420898,0.18742287158966064,0.16165655851364136,0.23697486519813538,0.1894887089729309
17,0.836230993270874,0.15588641166687012,0.16611799597740173,0.13376609981060028,0.11208511143922806,0.12254924327135086,0.1404343843460083,0.13847270607948303,0.14746001362800598,0.17438548803329468,0.1523084044456482,0.15099868178367615,0.18301236629486084,0.19760122895240784,0.20930691063404083,0.15445372462272644,0.19260910153388977,0.1448945552110672,0.16243796050548553,0.14013443887233734,0.16270631551742554,0.22237277030944824,0.18400752544403076,0.15818069875240326,0.19526711106300354,0.2176854908466339,0.23612992465496063,0.16502755880355835,0.19140005111694336,0.14454711973667145,0.14365464448928833,0.13715991377830505,0.17425043880939484,0.1501970887184143,0.12755094468593597,0.16365619003772736,0.13877300918102264,0.1868496984243393,0.20629586279392242
18,0.475127249956131,0.1907375454902649,0.1724196821451187,0.16378825902938843,0.17035338282585144,0.16164526343345642,0.16846975684165955,0.16949611902236938,0.17957989871501923,0.17489176988601685,0.1483325958251953,0.1456362009048462,0.16932570934295654,0.18577472865581512,0.19450022280216217,0.14548511803150177,0.1758449375629425,0.1319727599620819,0.13254955410957336,0.13157182931900024,0.14449043571949005,0.21724843978881836,0.16321507096290588,0.15955522656440735,0.18740296363830566,0.2368287444114685,0.22263513505458832,0.16629384458065033,0.1828153282403946,0.15147995948791504,0.17258748412132263,0.14977096021175385,0.1885024905204773,0.15965551137924194,0.1493770182132721,0.1589125394821167,0.1541970819234848,0.1794770359992981,0.20223037898540497
19,0.7447901964187622,0.16527031362056732,0.17318344116210938,0.136434406042099,0.1332903653383255,0.12941251695156097,0.15398521721363068,0.14764103293418884,0.15381914377212524,0.1726350039243698,0.14587537944316864,0.14351418614387512,0.1839345395565033,0.20418375730514526,0.21943551301956177,0.15363208949565887,0.18368050456047058,0.14386525750160217,0.15564477443695068,0.13089032471179962,0.15444839000701904,0.21250873804092407,0.17434927821159363,0.14479473233222961,0.18634413182735443,0.216577410697937,0.23556780815124512,0.1663661003112793,0.1840578019618988,0.14651121199131012,0.1550184190273285,0.14487160742282867,0.18182745575904846,0.14524467289447784,0.13719233870506287,0.15287989377975464,0.12848150730133057,0.1707613319158554,0.20089919865131378
20,0.5358205437660217,0.20450350642204285,0.17099295556545258,0.1715369075536728,0.1743215173482895,0.17249292135238647,0.16841182112693787,0.1657581627368927,0.16585679352283478,0.16861650347709656,0.14225807785987854,0.13901488482952118,0.1691417694091797,0.1839258372783661,0.1888117790222168,0.12959951162338257,0.15809455513954163,0.12914128601551056,0.131959930062294,0.12228617072105408,0.14203470945358276,0.20499499142169952,0.1545579433441162,0.1493666023015976,0.17865009605884552,0.23468314111232758,0.22082607448101044,0.169016033411026,0.18137958645820618,0.15051914751529694,0.18051250278949738,0.1588592380285263,0.20046523213386536,0.158521831035614,0.16361470520496368,0.16824881732463837,0.1577223390340805,0.182523712515831,0.19313594698905945
21,0.7011139392852783,0.1606520414352417,0.14979849755764008,0.14260628819465637,0.12010221183300018,0.14041805267333984,0.1396186500787735,0.1369389146566391,0.1306195855140686,0.1637740433216095,0.14941079914569855,0.14646731317043304,0.22048385441303253,0.2249143421649933,0.22925958037376404,0.15365377068519592,0.1747853010892868,0.12832987308502197,0.19034425914287567,0.12422769516706467,0.17111213505268097,0.1811414361000061,0.19186297059059143,0.14463892579078674,0.1760815978050232,0.2342498004436493,0.2468464970588684,0.1727493703365326,0.19804078340530396,0.15287350118160248,0.19365933537483215,0.15588736534118652,0.2030366063117981,0.15893904864788055,0.16149063408374786,0.172392338514328,0.12876774370670319,0.1834314912557602,0.19282658398151398
22,0.84890216588974,0.20565566420555115,0.15834163129329681,0.16416990756988525,0.12707357108592987,0.15570971369743347,0.15139615535736084,0.14281818270683289,0.1372818648815155,0.15919129550457,0.13772915303707123,0.13363300263881683,0.16276004910469055,0.17174607515335083,0.17301931977272034,0.11680963635444641,0.13649946451187134,0.1251761019229889,0.12985366582870483,0.1218424066901207,0.13504482805728912,0.17495279014110565,0.14829246699810028,0.13996897637844086,0.1640809029340744,0.2390022724866867,0.21736980974674225,0.17012254893779755,0.18083105981349945,0.14410743117332458,0.1647091656923294,0.16109713912010193,0.20797020196914673,0.16474397480487823,0.16223394870758057,0.18264169991016388,0.17280884087085724,0.1954970359802246,0.20527735352516174
23,0.7619480490684509,0.16892245411872864,0.15059581398963928,0.13325105607509613,0.13308532536029816,0.11656955629587173,0.13209204375743866,0.13291607797145844,0.1453009694814682,0.16299240291118622,0.15451975166797638,0.1568164825439453,0.17859220504760742,0.18945522606372833,0.1921648383140564,0.15185509622097015,0.16170775890350342,0.1454465389251709,0.14813515543937683,0.1503249853849411,0.15487807989120483,0.19316443800926208,0.1663234531879425,0.1459943652153015,0.16725526750087738,0.2400243580341339,0.23961378633975983,0.17117002606391907,0.17404411733150482,0.14639975130558014,0.13953979313373566,0.13714027404785156,0.17822204530239105,0.16901300847530365,0.1776907742023468,0.19800786674022675,0.13841137290000916,0.22391918301582336,0.2209252417087555
24,0.7873359322547913,0.16055011749267578,0.13651803135871887,0.1369931697845459,0.11265384405851364,0.12649111449718475,0.13511808216571808,0.1295565366744995,0.13865679502487183,0.1667780727148056,0.16303393244743347,0.16986922919750214,0.2165253758430481,0.221603661775589,0.2234363704919815,0.17537611722946167,0.17511694133281708,0.14575625956058502,0.16539280116558075,0.15368147194385529,0.16355110704898834,0.18388737738132477,0.17113478481769562,0.14190641045570374,0.15334561467170715,0.22849567234516144,0.24434742331504822,0.16272248327732086,0.1700921356678009,0.13959109783172607,0.15277376770973206,0.13360562920570374,0.15734994411468506,0.15734174847602844,0.15952639281749725,0.1875174194574356,0.15898029506206512,0.21963158249855042,0.21670649945735931
25,0.9883750081062317,0.1800844669342041,0.14788222312927246,0.15716563165187836,0.10088325291872025,0.1317748874425888,0.14016148447990417,0.12515436112880707,0.12876756489276886,0.1794717013835907,0.156087726354599,0.15742948651313782,0.20535078644752502,0.21650707721710205,0.22866877913475037,0.15228411555290222,0.17068073153495789,0.14107874035835266,0.1617031842470169,0.1394188106060028,0.16076304018497467,0.17259784042835236,0.1724870651960373,0.1404281109571457,0.1533069759607315,0.23012547194957733,0.2498357594013214,0.17028285562992096,0.1906941682100296,0.1361617147922516,0.1417521983385086,0.12958446145057678,0.15884551405906677,0.14509937167167664,0.13785836100578308,0.18195687234401703,0.1544867902994156,0.18040981888771057,0.2111777812242508
26,0.6424728631973267,0.17524299025535583,0.15159527957439423,0.15411612391471863,0.10434530675411224,0.14430095255374908,0.15875588357448578,0.14993581175804138,0.16211920976638794,0.19936972856521606,0.17774759232997894,0.1745288372039795,0.24489842355251312,0.2461090385913849,0.24602654576301575,0.16124488413333893,0.1715526580810547,0.14511151611804962,0.19617757201194763,0.14779360592365265,0.20615753531455994,0.21221165359020233,0.2213515192270279,0.17017501592636108,0.18791763484477997,0.2609715759754181,0.2811077833175659,0.210344135761261,0.18875519931316376,0.1476142704486847,0.15289783477783203,0.14409253001213074,0.15137019753456116,0.14264966547489166,0.13354197144508362,0.18071912229061127,0.13943342864513397,0.17310068011283875,0.1907799243927002
27,1.087945818901062,0.20479528605937958,0.15862636268138885,0.19150501489639282,0.12744852900505066,0.16341900825500488,0.14695291221141815,0.13832513988018036,0.14849194884300232,0.20338906347751617,0.18013866245746613,0.17222841084003448,0.24313832819461823,0.2494582235813141,0.25645652413368225,0.16622161865234375,0.16724079847335815,0.1613454818725586,0.19922642409801483,0.1383345127105713,0.18218418955802917,0.2196141630411148,0.19746971130371094,0.13443203270435333,0.14156432449817657,0.19809144735336304,0.2206677794456482,0.17301976680755615,0.16684238612651825,0.16817961633205414,0.12580230832099915,0.1344500482082367,0.13678297400474548,0.15560409426689148,0.1444205641746521,0.1872483193874359,0.13143807649612427,0.1826496571302414,0.17959526181221008
28,0.9784647822380066,0.14240117371082306,0.11746569722890854,0.14514729380607605,0.11052387952804565,0.13832318782806396,0.11816734820604324,0.11428903043270111,0.11421041935682297,0.15227948129177094,0.1539161056280136,0.16215108335018158,0.21623092889785767,0.22742480039596558,0.23996269702911377,0.15818145871162415,0.19783487915992737,0.14725756645202637,0.17703156173229218,0.14477500319480896,0.16468416154384613,0.1970202624797821,0.16783283650875092,0.13851624727249146,0.1442633420228958,0.22204746305942535,0.27547338604927063,0.15737700462341309,0.1675795614719391,0.12869250774383545,0.15501868724822998,0.11573989689350128,0.12586474418640137,0.13350413739681244,0.15650929510593414,0.21350447833538055,0.1648578941822052,0.22253499925136566,0.22594434022903442
29,1.187292218208313,0.12921062111854553,0.1163615882396698,0.11600743979215622,0.09777633845806122,0.10999058932065964,0.11193402111530304,0.10638928413391113,0.09551840275526047,0.1431480050086975,0.13223381340503693,0.1395166516304016,0.17787052690982819,0.19638365507125854,0.2093316614627838,0.15059387683868408,0.18116815388202667,0.1418793946504593,0.16777384281158447,0.133655846118927,0.16446836292743683,0.23309539258480072,0.17705412209033966,0.13314969837665558,0.15483780205249786,0.2233923226594925,0.25377339124679565,0.1349392533302307,0.17048528790473938,0.1262417882680893,0.13518080115318298,0.11396582424640656,0.14627587795257568,0.1476213037967682,0.13652165234088898,0.21880874037742615,0.1389354169368744,0.21973176300525665,0.24525602161884308
30,0.8456316590309143,0.15695472061634064,0.1338440626859665,0.1452285796403885,0.12675067782402039,0.14084404706954956,0.1528264582157135,0.13161113858222961,0.12634626030921936,0.17060044407844543,0.1499161273241043,0.15633583068847656,0.21352356672286987,0.22427237033843994,0.2379741370677948,0.1689647138118744,0.2065102607011795,0.15488728880882263,0.17440137267112732,0.1317567527294159,0.14555706083774567,0.17456366121768951,0.16792944073677063,0.14996890723705292,0.169094055891037,0.2590583860874176,0.3291451334953308,0.1709623485803604,0.1566765010356903,0.12776020169258118,0.14559805393218994,0.11644183844327927,0.12179019302129745,0.1182388886809349,0.13388310372829437,0.23092709481716156,0.14451289176940918,0.20459365844726562,0.249458909034729
31,1.0320298671722412,0.1840479075908661,0.14343000948429108,0.16214719414710999,0.11575393378734589,0.143038809299469,0.15853658318519592,0.1336602121591568,0.1470705270767212,0.20893487334251404,0.17985066771507263,0.17750002443790436,0.27968651056289673,0.2911438047885895,0.2947387993335724,0.18998892605304718,0.17969244718551636,0.15441232919692993,0.18977141380310059,0.13146474957466125,0.1679583489894867,0.18430528044700623,0.1924697458744049,0.14444473385810852,0.15124322474002838,0.20108312368392944,0.25139957666397095,0.15700608491897583,0.14244480431079865,0.1561928540468216,0.1287839710712433,0.12902024388313293,0.12546566128730774,0.14227205514907837,0.12446998804807663,0.2074790745973587,0.12532714009284973,0.19891351461410522,0.19857493042945862
32,0.7437859177589417,0.14827480912208557,0.12057242542505264,0.13278445601463318,0.10353945195674896,0.13133320212364197,0.13297393918037415,0.11498554795980453,0.13657429814338684,0.16566027700901031,0.15970727801322937,0.17485587298870087,0.27878764271736145,0.294028639793396,0.302695631980896,0.18699437379837036,0.20722445845603943,0.15021076798439026,0.19041185081005096,0.15251906216144562,0.17298732697963715,0.1871117353439331,0.1839657574892044,0.15556785464286804,0.1628216803073883,0.205698162317276,0.28358522057533264,0.1501450389623642,0.1453953981399536,0.11834745854139328,0.15226717293262482,0.11202393472194672,0.12228571623563766,0.11997619271278381,0.13268816471099854,0.21159915626049042,0.15445056557655334,0.2339400202035904,0.21404306590557098
33,1.1137728691101074,0.15075084567070007,0.1335417777299881,0.1225082203745842,0.09098132699728012,0.1173800453543663,0.11829943209886551,0.10844431072473526,0.11892548948526382,0.1551261693239212,0.1502159684896469,0.15777508914470673,0.21671102941036224,0.23500046133995056,0.24335822463035583,0.15574389696121216,0.17934542894363403,0.15488655865192413,0.17973485589027405,0.15321439504623413,0.18157050013542175,0.23085445165634155,0.19656826555728912,0.15149419009685516,0.16726072132587433,0.196210578083992,0.2270878255367279,0.13612493872642517,0.15629839897155762,0.1243058443069458,0.12757931649684906,0.11393002420663834,0.1466284543275833,0.1328459084033966,0.12428374588489532,0.20007166266441345,0.13393601775169373,0.22436881065368652,0.19404111802577972
34,0.8801200985908508,0.19741712510585785,0.1503380537033081,0.18481510877609253,0.10219762474298477,0.1606563925743103,0.14577728509902954,0.12160683423280716,0.12706352770328522,0.17323815822601318,0.16295945644378662,0.1716640293598175,0.2531912922859192,0.2666718363761902,0.28195783495903015,0.15870122611522675,0.19050785899162292,0.15778876841068268,0.18407152593135834,0.14364860951900482,0.16550083458423615,0.19016166031360626,0.19735437631607056,0.1549743413925171,0.16871660947799683,0.24093914031982422,0.2892283499240875,0.15652793645858765,0.15239287912845612,0.12550081312656403,0.14908723533153534,0.11991698294878006,0.12405192852020264,0.11162477731704712,0.11573097109794617,0.20015229284763336,0.14153093099594116,0.20609675347805023,0.20153775811195374
35,0.6993845701217651,0.19670069217681885,0.1433006227016449,0.18669059872627258,0.10444146394729614,0.18090660870075226,0.1668049842119217,0.1464415043592453,0.1585400253534317,0.20075194537639618,0.17757907509803772,0.17929545044898987,0.247499480843544,0.25550365447998047,0.26705729961395264,0.1655222624540329,0.18063758313655853,0.14617812633514404,0.1866103708744049,0.1401289701461792,0.1767207831144333,0.1706886887550354,0.21086576581001282,0.1828809678554535,0.1799626499414444,0.2855892777442932,0.28695592284202576,0.18115951120853424,0.15927253663539886,0.13805116713047028,0.15945124626159668,0.11967544257640839,0.12710602581501007,0.12286799401044846,0.11905167996883392,0.1801653653383255,0.15225312113761902,0.18633577227592468,0.19008474051952362
36,0.7454187273979187,0.18820571899414062,0.14197172224521637,0.16598224639892578,0.13127881288528442,0.14820492267608643,0.14128191769123077,0.1272556185722351,0.13748551905155182,0.17002297937870026,0.15130972862243652,0.15415172278881073,0.200359046459198,0.2296583205461502,0.2583027482032776,0.18104256689548492,0.18533146381378174,0.1505192369222641,0.16512912511825562,0.14145421981811523,0.1544957309961319,0.18427413702011108,0.17178767919540405,0.1471664160490036,0.15408483147621155,0.24211736023426056,0.26553431153297424,0.15943129360675812,0.15854567289352417,0.13071778416633606,0.13313166797161102,0.10967855155467987,0.13136473298072815,0.13278904557228088,0.15164688229560852,0.19811616837978363,0.1485685557126999,0.20510415732860565,0.22934091091156006
37,0.881848931312561,0.19247739017009735,0.13792003691196442,0.1700109839439392,0.12000267207622528,0.15032556653022766,0.15187065303325653,0.13528969883918762,0.12844574451446533,0.17799925804138184,0.1564023792743683,0.15924757719039917,0.2008906602859497,0.21367155015468597,0.22886158525943756,0.16555678844451904,0.16205456852912903,0.13555672764778137,0.15008580684661865,0.12440380454063416,0.1398158073425293,0.172091543674469,0.17281357944011688,0.14015784859657288,0.15042656660079956,0.23731893301010132,0.26887595653533936,0.16100452840328217,0.14722837507724762,0.12219757586717606,0.13521014153957367,0.12346899509429932,0.13474658131599426,0.14030605554580688,0.16113980114459991,0.22453807294368744,0.15995478630065918,0.2207086682319641,0.24690517783164978
38,0.5692483186721802,0.16858527064323425,0.13179421424865723,0.16253109276294708,0.11053623259067535,0.15984557569026947,0.16958986222743988,0.14046120643615723,0.14303286373615265,0.19338011741638184,0.16111359000205994,0.16660663485527039,0.2437477856874466,0.25296124815940857,0.2677544355392456,0.17241831123828888,0.1754450500011444,0.13804493844509125,0.18025663495063782,0.12516337633132935,0.16936266422271729,0.18834145367145538,0.21750043332576752,0.17548087239265442,0.18289916217327118,0.29486870765686035,0.33095332980155945,0.1966848075389862,0.16283416748046875,0.1344682276248932,0.16937002539634705,0.12524403631687164,0.1312326341867447,0.12223450094461441,0.12352611869573593,0.20822151005268097,0.1511411964893341,0.18645520508289337,0.22962455451488495
sum,30.846105575561523,6.883723735809326,5.69984245300293,6.076972961425781,4.948843955993652,5.697754383087158,5.815306186676025,5.285941123962402,5.6925530433654785,7.022205352783203,6.242216110229492,6.3005242347717285,8.636120796203613,9.05298900604248,9.403946876525879,6.549782752990723,6.984418869018555,5.787501335144043,7.060907363891602,5.469693660736084,6.927377700805664,8.523386001586914,7.630617141723633,6.186701774597168,6.572689533233643,8.960946083068848,9.673457145690918,6.646438121795654,6.502325057983398,5.6831583976745605,5.835659027099609,5.307521343231201,5.874684810638428,5.706169128417969,5.636332035064697,7.401665687561035,5.646829605102539,7.556960105895996,7.813955783843994
posi,1.0,2.0,3.0,4.0,5.0,6.0,7.0,8.0,9.0,10.0,11.0,12.0,13.0,14.0,15.0,16.0,17.0,18.0,19.0,20.0,21.0,22.0,23.0,24.0,25.0,26.0,27.0,28.0,29.0,30.0,31.0,32.0,33.0,34.0,35.0,36.0,37.0,38.0,39.0
contrib,0.10802566802133297,0.02410738215278158,0.019961329870109085,0.021282072775686132,0.017331269679083904,0.0199540172728357,0.020365693621368353,0.018511812443833254,0.019935801741650928,0.024592356476221926,0.0218607682447703,0.02206496822357529,0.030244424724460157,0.03170433241797395,0.032933416534069,0.022937892615105204,0.024460025017365498,0.02026831868197386,0.02472789418919228,0.01915532935351141,0.02426026202667546,0.02984961794835403,0.02672306596793862,0.021666352350784852,0.023018114094990164,0.03138199032469069,0.03387726426855347,0.023276387883411402,0.022771691757322347,0.01990290089865475,0.020436970988214658,0.01858738819510105,0.020573642579593016,0.01998348642197556,0.01973891102027129,0.025921258630549317,0.019775674397520347,0.026465112804928772,0.027365133383569436
