,M,L,L,L,A,K,L,P,E,A,Y,A,P,F,D,P,I,V,D,V,L,P,V,I,P,V,L,F,L,L,L,A,L,V,W,Q,A,S,V,S,F,R
0,0.2272239476442337,0.20558150112628937,0.19952334463596344,0.19665509462356567,0.17106814682483673,0.1666775494813919,0.20682671666145325,0.1962169110774994,0.20384588837623596,0.19833597540855408,0.19299454987049103,0.19457516074180603,0.19431979954242706,0.22067227959632874,0.18209750950336456,0.17491361498832703,0.18135251104831696,0.16491486132144928,0.19400149583816528,0.1764267385005951,0.21296872198581696,0.18958120048046112,0.17185956239700317,0.19282950460910797,0.18775594234466553,0.17778921127319336,0.19700118899345398,0.20066803693771362,0.1914704144001007,0.19443680346012115,0.19586414098739624,0.1683170199394226,0.1841614693403244,0.14821317791938782,0.18323205411434174,0.15887144207954407,0.14770862460136414,0.12928526103496552,0.1380060613155365,0.1277877688407898,0.15957853198051453,0.1685580611228943
1,0.5797054171562195,0.16603100299835205,0.15950413048267365,0.1486108899116516,0.1386318951845169,0.1737595796585083,0.14810071885585785,0.20224805176258087,0.3166225552558899,0.20968934893608093,0.2237592190504074,0.19919881224632263,0.21700052917003632,0.31279420852661133,0.2648802697658539,0.21647673845291138,0.18647846579551697,0.17789115011692047,0.2212013453245163,0.1717958152294159,0.16486960649490356,0.21931315958499908,0.19134579598903656,0.18411104381084442,0.21513816714286804,0.18987338244915009,0.17771103978157043,0.2435692846775055,0.14854834973812103,0.1350046992301941,0.12560586631298065,0.1342993974685669,0.12504558265209198,0.1372918039560318,0.16355764865875244,0.12684288620948792,0.11838866025209427,0.1343773603439331,0.12295025587081909,0.1368938386440277,0.18086032569408417,0.1539153903722763
2,0.637890100479126,0.17577898502349854,0.16758470237255096,0.15484611690044403,0.13729967176914215,0.17373976111412048,0.15010467171669006,0.1857261210680008,0.298208624124527,0.2001577615737915,0.21922968327999115,0.19407686591148376,0.20480172336101532,0.2931709289550781,0.26438769698143005,0.2071414589881897,0.18529117107391357,0.17502868175506592,0.21648640930652618,0.16580218076705933,0.15941789746284485,0.20424264669418335,0.18459142744541168,0.18216350674629211,0.20484130084514618,0.1886047124862671,0.17962343990802765,0.24318437278270721,0.15385225415229797,0.13895225524902344,0.12849122285842896,0.13214878737926483,0.12935829162597656,0.14243854582309723,0.17955394089221954,0.1373380720615387,0.12302760034799576,0.14575475454330444,0.12362121045589447,0.1455434113740921,0.18137188255786896,0.14952224493026733
3,0.701316773891449,0.1790885478258133,0.1696777194738388,0.15585285425186157,0.13016636669635773,0.16662879288196564,0.14450210332870483,0.1664954274892807,0.27446669340133667,0.18061450123786926,0.2051858901977539,0.18208518624305725,0.19191494584083557,0.26282379031181335,0.2772955894470215,0.19866885244846344,0.18668979406356812,0.16771991550922394,0.2147834599018097,0.15529754757881165,0.1513122022151947,0.18406523764133453,0.17569242417812347,0.1782512366771698,0.19328194856643677,0.18944662809371948,0.18086813390254974,0.2332892119884491,0.15871158242225647,0.1427125185728073,0.1314849555492401,0.1294473260641098,0.1345759481191635,0.1487782597541809,0.19289624691009521,0.14611762762069702,0.12752993404865265,0.16510009765625,0.13059744238853455,0.1658647358417511,0.1876411736011505,0.15293475985527039
4,0.7309295535087585,0.16878342628479004,0.1611461639404297,0.1518019735813141,0.12085232138633728,0.14252051711082458,0.14747703075408936,0.14742201566696167,0.2701868414878845,0.16211026906967163,0.18003630638122559,0.17543259263038635,0.17725792527198792,0.2623235881328583,0.31724607944488525,0.19292455911636353,0.20693251490592957,0.1555469036102295,0.21523642539978027,0.14517824351787567,0.1505555808544159,0.14009112119674683,0.16347560286521912,0.17095834016799927,0.16127006709575653,0.19790230691432953,0.19927774369716644,0.2428964227437973,0.18028327822685242,0.16145339608192444,0.14825496077537537,0.12209112197160721,0.14668746292591095,0.17134346067905426,0.21346256136894226,0.15486492216587067,0.11762720346450806,0.17762881517410278,0.1442452371120453,0.17545205354690552,0.1844174563884735,0.12052705883979797
5,0.7339715957641602,0.18793264031410217,0.17590519785881042,0.16173772513866425,0.13281741738319397,0.13155655562877655,0.13811412453651428,0.15347887575626373,0.2591956853866577,0.16427689790725708,0.16296595335006714,0.1775360107421875,0.19248950481414795,0.2477368414402008,0.33219805359840393,0.21373489499092102,0.19756996631622314,0.15565240383148193,0.2155877947807312,0.13116230070590973,0.12892179191112518,0.15280422568321228,0.16415299475193024,0.17889468371868134,0.18692268431186676,0.19625136256217957,0.18099446594715118,0.23908592760562897,0.16522645950317383,0.15171658992767334,0.14163918793201447,0.12689629197120667,0.13845820724964142,0.14809399843215942,0.19292514026165009,0.13677120208740234,0.125076025724411,0.18417756259441376,0.13486476242542267,0.19676397740840912,0.20078253746032715,0.12811195850372314
6,0.5073214769363403,0.17383931577205658,0.16298910975456238,0.14417347311973572,0.11218486726284027,0.14233972132205963,0.12368875741958618,0.154877170920372,0.2979969382286072,0.15024147927761078,0.18326224386692047,0.16298669576644897,0.19628889858722687,0.24302592873573303,0.32940673828125,0.2033405900001526,0.20436708629131317,0.16212862730026245,0.23314976692199707,0.1490708589553833,0.14503931999206543,0.17323890328407288,0.17435617744922638,0.18652749061584473,0.19418364763259888,0.19786906242370605,0.18296164274215698,0.20699816942214966,0.15746788680553436,0.14201080799102783,0.13438066840171814,0.13626450300216675,0.145387664437294,0.15490534901618958,0.1864372044801712,0.15298141539096832,0.13511374592781067,0.18897917866706848,0.14997147023677826,0.20004752278327942,0.19286596775054932,0.15358571708202362
7,0.7134888172149658,0.19852757453918457,0.19202019274234772,0.1726413071155548,0.13796088099479675,0.14343619346618652,0.15337657928466797,0.21916353702545166,0.36506396532058716,0.18610353767871857,0.19887055456638336,0.17898575961589813,0.23020359873771667,0.2790532112121582,0.29493215680122375,0.22851505875587463,0.21218019723892212,0.15879373252391815,0.19866199791431427,0.13386838138103485,0.1393464356660843,0.18589377403259277,0.16227488219738007,0.19622179865837097,0.19439350068569183,0.17398585379123688,0.1681489646434784,0.20231951773166656,0.159171000123024,0.15404096245765686,0.14724905788898468,0.14106664061546326,0.14364252984523773,0.15478216111660004,0.21859301626682281,0.12271488457918167,0.13034066557884216,0.1477067619562149,0.11354073882102966,0.15136122703552246,0.15223512053489685,0.10997410118579865
8,0.7928680181503296,0.1846492439508438,0.16986143589019775,0.15294846892356873,0.12179974466562271,0.12405941635370255,0.13860440254211426,0.16438904404640198,0.2844976484775543,0.15394456684589386,0.17231181263923645,0.1615079939365387,0.19528253376483917,0.2574450969696045,0.25334984064102173,0.18735869228839874,0.1839609444141388,0.1400775909423828,0.18676216900348663,0.14286260306835175,0.14592860639095306,0.17328640818595886,0.1710829734802246,0.19009286165237427,0.19389314949512482,0.18354031443595886,0.17577503621578217,0.2012735903263092,0.160422220826149,0.14850406348705292,0.14284417033195496,0.14830973744392395,0.15681970119476318,0.18662777543067932,0.2376406192779541,0.1745614856481552,0.14979547262191772,0.16428469121456146,0.13810262084007263,0.16064821183681488,0.16720788180828094,0.12103503942489624
9,0.73713618516922,0.16266068816184998,0.15531180799007416,0.1476469188928604,0.11921598017215729,0.12440801411867142,0.14814907312393188,0.14919587969779968,0.3212014436721802,0.16189450025558472,0.17161358892917633,0.17612114548683167,0.17684513330459595,0.25401028990745544,0.3186548352241516,0.18761715292930603,0.20313367247581482,0.154529869556427,0.20186275243759155,0.1560661345720291,0.156021848320961,0.1465507447719574,0.1718030571937561,0.1768358200788498,0.16365566849708557,0.21110162138938904,0.20608654618263245,0.22878050804138184,0.19083866477012634,0.17243310809135437,0.1599506288766861,0.14728829264640808,0.1584785431623459,0.17928031086921692,0.21210189163684845,0.15362966060638428,0.1256018728017807,0.1512855887413025,0.13892021775245667,0.1409492939710617,0.14311733841896057,0.09898137301206589
10,1.1293073892593384,0.1785258799791336,0.17121616005897522,0.16370441019535065,0.13214640319347382,0.12422718107700348,0.15226110816001892,0.15220706164836884,0.27150869369506836,0.17319366335868835,0.15661126375198364,0.17168962955474854,0.17051565647125244,0.21878285706043243,0.3122853636741638,0.20790302753448486,0.18369647860527039,0.14809812605381012,0.18925468623638153,0.12826445698738098,0.1340799480676651,0.1465480923652649,0.160724937915802,0.15895135700702667,0.1540614664554596,0.1731748878955841,0.17017759382724762,0.1939547061920166,0.17251121997833252,0.16100704669952393,0.14862008392810822,0.1412411332130432,0.1437961459159851,0.17334675788879395,0.2408674657344818,0.16159936785697937,0.1340092420578003,0.15784133970737457,0.12912820279598236,0.15512140095233917,0.1575220823287964,0.11388979852199554
11,0.7552494406700134,0.15972082316875458,0.1533614993095398,0.14584344625473022,0.1265292465686798,0.1369631439447403,0.15967795252799988,0.16072356700897217,0.28102907538414,0.16880498826503754,0.15503932535648346,0.17620496451854706,0.1696491539478302,0.24896608293056488,0.2892999053001404,0.18792925775051117,0.20545357465744019,0.1628226488828659,0.20835378766059875,0.15535078942775726,0.15723557770252228,0.14758947491645813,0.1682513952255249,0.17211291193962097,0.16071878373622894,0.21021942794322968,0.20564626157283783,0.23579628765583038,0.1833489090204239,0.16245785355567932,0.14930549263954163,0.1496698409318924,0.14597967267036438,0.17098009586334229,0.19522514939308167,0.15013596415519714,0.12486966699361801,0.15762369334697723,0.1418771892786026,0.1496550589799881,0.15950889885425568,0.10940714925527573
12,0.8559235334396362,0.19852451980113983,0.19471515715122223,0.180789053440094,0.15798695385456085,0.15230105817317963,0.18409569561481476,0.23473192751407623,0.3264909088611603,0.20834989845752716,0.17215315997600555,0.18988609313964844,0.21293911337852478,0.261466383934021,0.24731600284576416,0.21642938256263733,0.20262986421585083,0.17278289794921875,0.19443291425704956,0.13828988373279572,0.14335447549819946,0.18121957778930664,0.16027235984802246,0.1833660900592804,0.1798001080751419,0.17738012969493866,0.17432308197021484,0.21975357830524445,0.1591888666152954,0.14581815898418427,0.13442328572273254,0.15271034836769104,0.13006378710269928,0.14791536331176758,0.2077765315771103,0.12024437636137009,0.128434956073761,0.13335926830768585,0.10468824207782745,0.13437673449516296,0.15462133288383484,0.10575354844331741
13,0.7050145864486694,0.18366587162017822,0.17337433993816376,0.16058601438999176,0.15748152136802673,0.15362301468849182,0.1885700523853302,0.19979633390903473,0.28089094161987305,0.1873173713684082,0.13659033179283142,0.16774706542491913,0.1573253720998764,0.21096943318843842,0.20287856459617615,0.15910163521766663,0.15450021624565125,0.15033413469791412,0.1863672435283661,0.13853561878204346,0.15508325397968292,0.15529869496822357,0.15296870470046997,0.15791602432727814,0.16897988319396973,0.17730607092380524,0.20065447688102722,0.23309622704982758,0.1755024790763855,0.16043032705783844,0.1547146886587143,0.1796383261680603,0.16242888569831848,0.1658785045146942,0.19968247413635254,0.16265609860420227,0.15348774194717407,0.1726468950510025,0.1372256577014923,0.17503826320171356,0.19868624210357666,0.12493742257356644
14,0.4893326461315155,0.15576085448265076,0.15056724846363068,0.14548128843307495,0.13561005890369415,0.11703861504793167,0.16683447360992432,0.20661652088165283,0.3174067437648773,0.21736207604408264,0.1793183982372284,0.20922455191612244,0.21409933269023895,0.2646651268005371,0.23133869469165802,0.20207107067108154,0.16946661472320557,0.15193989872932434,0.19927439093589783,0.14641214907169342,0.1640782207250595,0.20042142271995544,0.18913066387176514,0.19939494132995605,0.24268242716789246,0.22555135190486908,0.21307428181171417,0.2665141224861145,0.17291828989982605,0.1539895385503769,0.14399917423725128,0.156948059797287,0.14049075543880463,0.15499860048294067,0.18699829280376434,0.15308979153633118,0.13867492973804474,0.1709097921848297,0.13597255945205688,0.15861761569976807,0.18652275204658508,0.12902240455150604
15,0.7826412916183472,0.18132787942886353,0.18061748147010803,0.16997280716896057,0.15909913182258606,0.1358981877565384,0.1630319058895111,0.2111484408378601,0.39940544962882996,0.23543652892112732,0.19808673858642578,0.21975497901439667,0.21416199207305908,0.25156649947166443,0.25289186835289,0.1983948051929474,0.1803862452507019,0.15926244854927063,0.18095780909061432,0.1401384174823761,0.1439567357301712,0.17877069115638733,0.17588040232658386,0.18657568097114563,0.18669945001602173,0.18996378779411316,0.16935521364212036,0.21376267075538635,0.16072145104408264,0.1494898945093155,0.13789211213588715,0.1466478705406189,0.13356494903564453,0.15644946694374084,0.1919582635164261,0.1308014839887619,0.13468925654888153,0.1431615948677063,0.11890596896409988,0.1429876685142517,0.15880954265594482,0.11551784723997116
16,0.4811415672302246,0.16293251514434814,0.1588628739118576,0.15472137928009033,0.15211205184459686,0.1257317066192627,0.1476062536239624,0.15274478495121002,0.35734811425209045,0.21511732041835785,0.16112852096557617,0.21263287961483002,0.16408883035182953,0.21947187185287476,0.27686139941215515,0.17237956821918488,0.15797513723373413,0.13962315022945404,0.18583711981773376,0.134148970246315,0.14357009530067444,0.14455346763134003,0.1888817548751831,0.1654021441936493,0.1666104942560196,0.21123656630516052,0.18535277247428894,0.2108420580625534,0.17309360206127167,0.16044901311397552,0.14782020449638367,0.16240212321281433,0.14385473728179932,0.17362837493419647,0.17808674275875092,0.14922738075256348,0.1440642923116684,0.1996641755104065,0.1683330237865448,0.21685576438903809,0.19184814393520355,0.14188048243522644
17,0.836137056350708,0.15338049829006195,0.1455368548631668,0.13125483691692352,0.1415415108203888,0.11107172816991806,0.13191363215446472,0.1352466642856598,0.2450796663761139,0.19073925912380219,0.14586031436920166,0.1841045469045639,0.1514516919851303,0.19327592849731445,0.23280999064445496,0.1671629399061203,0.1419784426689148,0.14375586807727814,0.1658400595188141,0.13918571174144745,0.1448083370923996,0.13522838056087494,0.1567331850528717,0.13777944445610046,0.15368963778018951,0.19294556975364685,0.19338472187519073,0.2282131463289261,0.1767628937959671,0.1594199389219284,0.15130236744880676,0.1738593578338623,0.16140040755271912,0.16458556056022644,0.17025358974933624,0.11908990144729614,0.15086597204208374,0.17076146602630615,0.1604258269071579,0.2115052044391632,0.24863603711128235,0.16533896327018738
18,0.3284900188446045,0.16204889118671417,0.1538183093070984,0.1453530490398407,0.13520821928977966,0.13601070642471313,0.16623198986053467,0.183115616440773,0.29142439365386963,0.208083838224411,0.17850950360298157,0.20236791670322418,0.19158980250358582,0.2305201143026352,0.24140891432762146,0.19963446259498596,0.1681121289730072,0.15016508102416992,0.17138636112213135,0.14285621047019958,0.1520451009273529,0.1708509922027588,0.1859774887561798,0.1820288598537445,0.2092438042163849,0.24390527606010437,0.21234174072742462,0.2526938319206238,0.17686264216899872,0.16258396208286285,0.15804868936538696,0.16707837581634521,0.15401814877986908,0.15723749995231628,0.17330768704414368,0.12177836894989014,0.12815000116825104,0.17479315400123596,0.1646675169467926,0.20508237183094025,0.2227420210838318,0.1734999567270279
19,0.753830075263977,0.16298693418502808,0.15142731368541718,0.13478507101535797,0.14772242307662964,0.1357773393392563,0.14328022301197052,0.14923425018787384,0.22120587527751923,0.18296900391578674,0.14134369790554047,0.1721225082874298,0.1511530578136444,0.204763725399971,0.2422809600830078,0.16880685091018677,0.14170435070991516,0.14585334062576294,0.15916047990322113,0.1331952065229416,0.13477174937725067,0.132242813706398,0.14747130870819092,0.13475623726844788,0.15050627291202545,0.18790771067142487,0.1902017891407013,0.2369530349969864,0.17333807051181793,0.15969403088092804,0.15566851198673248,0.18761107325553894,0.16571009159088135,0.16289985179901123,0.18326222896575928,0.11158889532089233,0.14434552192687988,0.16255542635917664,0.15440501272678375,0.19997747242450714,0.24890100955963135,0.16065959632396698
20,0.44566163420677185,0.16345849633216858,0.15226292610168457,0.1387825608253479,0.1351431906223297,0.17587818205356598,0.14777714014053345,0.15228120982646942,0.289589524269104,0.1818983256816864,0.16909417510032654,0.18487700819969177,0.16025927662849426,0.21593455970287323,0.2763369083404541,0.17008912563323975,0.15347006916999817,0.153201624751091,0.18493051826953888,0.14564074575901031,0.13597217202186584,0.14558973908424377,0.16844362020492554,0.15692883729934692,0.16421186923980713,0.22204652428627014,0.18519161641597748,0.2178872972726822,0.16119137406349182,0.1480780690908432,0.1442084014415741,0.1794423907995224,0.1508367508649826,0.15909671783447266,0.1852353811264038,0.141733318567276,0.13771869242191315,0.16950833797454834,0.16063466668128967,0.18735858798027039,0.19967420399188995,0.1698869913816452
21,0.7824538350105286,0.20364224910736084,0.1936921924352646,0.17665007710456848,0.1607353687286377,0.15103165805339813,0.1825350821018219,0.19322550296783447,0.3206994831562042,0.20092430710792542,0.1719965636730194,0.19098018109798431,0.19595670700073242,0.2294231504201889,0.23648375272750854,0.18177032470703125,0.15741083025932312,0.15202364325523376,0.15535855293273926,0.12847302854061127,0.12264209240674973,0.14792141318321228,0.15557768940925598,0.16186651587486267,0.16544386744499207,0.19408269226551056,0.1705595701932907,0.2246054708957672,0.16618047654628754,0.1576307713985443,0.1513158529996872,0.1756378412246704,0.1499033272266388,0.1729920655488968,0.23215870559215546,0.11822734028100967,0.13462720811367035,0.1452772170305252,0.12410815060138702,0.15223541855812073,0.17083324491977692,0.12304916977882385
22,1.0632230043411255,0.16081422567367554,0.1467248797416687,0.1265248954296112,0.11775949597358704,0.09309966117143631,0.1277223378419876,0.12569285929203033,0.18404360115528107,0.14929459989070892,0.11816355586051941,0.1429130584001541,0.13561859726905823,0.17370805144309998,0.1878504902124405,0.13436956703662872,0.123390793800354,0.13953138887882233,0.143167644739151,0.12917190790176392,0.1279541552066803,0.11728405952453613,0.135775625705719,0.12883713841438293,0.14235971868038177,0.1853245198726654,0.1961178183555603,0.2424711436033249,0.18265698850154877,0.16477970778942108,0.1585512012243271,0.19929833710193634,0.17757613956928253,0.187151238322258,0.2302437573671341,0.11985109746456146,0.16587543487548828,0.1799374520778656,0.15879568457603455,0.21206359565258026,0.2471667230129242,0.14959357678890228
23,0.6527867913246155,0.1856563538312912,0.17153874039649963,0.15563401579856873,0.14490921795368195,0.11425613611936569,0.1452237069606781,0.1446080505847931,0.27119743824005127,0.1785002201795578,0.13626983761787415,0.16676880419254303,0.1449843943119049,0.1808008849620819,0.22810238599777222,0.15615436434745789,0.13175493478775024,0.12774157524108887,0.1578490287065506,0.12610749900341034,0.12697310745716095,0.1200840100646019,0.16504213213920593,0.13645541667938232,0.14419928193092346,0.2049914002418518,0.18683156371116638,0.21906407177448273,0.18292561173439026,0.16797779500484467,0.1555386334657669,0.17757008969783783,0.160562202334404,0.1962149441242218,0.21647296845912933,0.13940413296222687,0.155083566904068,0.2116745561361313,0.1718292534351349,0.24240337312221527,0.22156724333763123,0.14739423990249634
24,0.9425048828125,0.20066508650779724,0.19146807491779327,0.1655803918838501,0.1391320377588272,0.12300971895456314,0.15783914923667908,0.20033177733421326,0.3095240294933319,0.1833665668964386,0.16517528891563416,0.16147325932979584,0.18823492527008057,0.21273262798786163,0.2214474231004715,0.18525850772857666,0.1613294631242752,0.15371167659759521,0.1576436460018158,0.1394500732421875,0.13179798424243927,0.15645113587379456,0.15797758102416992,0.15053986012935638,0.15529108047485352,0.18717531859874725,0.17829066514968872,0.23035766184329987,0.17693385481834412,0.15867409110069275,0.14659357070922852,0.1566634178161621,0.15204380452632904,0.17439775168895721,0.22156883776187897,0.10709001868963242,0.13636910915374756,0.15565648674964905,0.13271228969097137,0.18104709684848785,0.2013348639011383,0.14054670929908752
25,1.0448843240737915,0.15862078964710236,0.14949794113636017,0.1256761997938156,0.1193406879901886,0.08920612931251526,0.12195809185504913,0.14435887336730957,0.19390501081943512,0.1552358716726303,0.12294614315032959,0.1402329057455063,0.14086604118347168,0.19571703672409058,0.21348662674427032,0.15431255102157593,0.13944287598133087,0.15141890943050385,0.16710339486598969,0.15114820003509521,0.14029046893119812,0.13251082599163055,0.14307346940040588,0.12014952301979065,0.14218418300151825,0.17464904487133026,0.20097878575325012,0.26054275035858154,0.18800802528858185,0.15936651825904846,0.146370992064476,0.17354680597782135,0.16914816200733185,0.17694595456123352,0.20572048425674438,0.10967447608709335,0.15728791058063507,0.1688331663608551,0.15663327276706696,0.2189474254846573,0.28369811177253723,0.15206782519817352
26,0.7363355159759521,0.15516993403434753,0.15098793804645538,0.13411851227283478,0.12387050688266754,0.126295268535614,0.1218290776014328,0.13378795981407166,0.2723194658756256,0.16888689994812012,0.15326517820358276,0.16336598992347717,0.15000441670417786,0.22311609983444214,0.2725638449192047,0.17267227172851562,0.1563142091035843,0.16573941707611084,0.20270861685276031,0.17107485234737396,0.14334478974342346,0.14990758895874023,0.16978001594543457,0.14023913443088531,0.14741003513336182,0.2045227736234665,0.19247008860111237,0.24839964509010315,0.17917247116565704,0.15118727087974548,0.13450486958026886,0.15417778491973877,0.14507555961608887,0.1637715995311737,0.18452322483062744,0.13328100740909576,0.143751859664917,0.16851694881916046,0.16125190258026123,0.1919250339269638,0.22930999100208282,0.16440722346305847
27,1.0115169286727905,0.16804905235767365,0.16757656633853912,0.1533142775297165,0.13390134274959564,0.12044957280158997,0.15725445747375488,0.139323890209198,0.2190789133310318,0.15468454360961914,0.11256150156259537,0.14023740589618683,0.12299514561891556,0.1805526614189148,0.2092290222644806,0.13278454542160034,0.12387892603874207,0.14607758820056915,0.16236086189746857,0.13864220678806305,0.14243286848068237,0.11491243541240692,0.13703547418117523,0.10956833511590958,0.12730816006660461,0.17894701659679413,0.2082033008337021,0.25986504554748535,0.20271919667720795,0.17593277990818024,0.16018268465995789,0.17316009104251862,0.16857944428920746,0.18737825751304626,0.2429266721010208,0.1296340972185135,0.15509741008281708,0.18199345469474792,0.16140222549438477,0.20842617750167847,0.23654505610466003,0.13361768424510956
28,0.9449027180671692,0.14087307453155518,0.14051908254623413,0.13274475932121277,0.11633630841970444,0.11906877905130386,0.11889264732599258,0.11151270568370819,0.23195499181747437,0.15220330655574799,0.13784544169902802,0.16614100337028503,0.14146138727664948,0.21707342565059662,0.31585758924484253,0.16515718400478363,0.14524604380130768,0.15597383677959442,0.2087673395872116,0.1530742049217224,0.13204936683177948,0.12871332466602325,0.15721355378627777,0.1317295879125595,0.13650287687778473,0.20045965909957886,0.1868899166584015,0.24467375874519348,0.17784757912158966,0.15371324121952057,0.13656467199325562,0.14324450492858887,0.13859637081623077,0.16016873717308044,0.20733298361301422,0.13939283788204193,0.14421169459819794,0.18011842668056488,0.1592443734407425,0.19198602437973022,0.2209639996290207,0.15167634189128876
29,0.9666187763214111,0.13683269917964935,0.13546596467494965,0.12835454940795898,0.11195330321788788,0.1152796670794487,0.11481442302465439,0.1083921566605568,0.22581416368484497,0.14648854732513428,0.13479003310203552,0.16820068657398224,0.14366872608661652,0.21556079387664795,0.34993916749954224,0.1687534600496292,0.14946159720420837,0.14938439428806305,0.22082823514938354,0.14352074265480042,0.1269700527191162,0.12175124883651733,0.1512230783700943,0.13196510076522827,0.13430818915367126,0.1945614367723465,0.18391722440719604,0.2283826470375061,0.17081426084041595,0.14901332557201385,0.13394682109355927,0.13785341382026672,0.1358744353055954,0.15445739030838013,0.20364366471767426,0.13737896084785461,0.143590047955513,0.1878671497106552,0.1625737100839615,0.204257532954216,0.22487448155879974,0.15521107614040375
30,0.906448483467102,0.13839022815227509,0.13429099321365356,0.12490338087081909,0.11016932874917984,0.11338988691568375,0.11371713876724243,0.11396176367998123,0.23833689093589783,0.14910094439983368,0.1389334797859192,0.17305532097816467,0.15313103795051575,0.22647568583488464,0.3761199712753296,0.17806798219680786,0.15730834007263184,0.14704620838165283,0.23623904585838318,0.14103572070598602,0.12633776664733887,0.1220257580280304,0.15084439516067505,0.13638877868652344,0.13827675580978394,0.18862546980381012,0.18202966451644897,0.21480804681777954,0.16401861608028412,0.14419613778591156,0.13175995647907257,0.13552291691303253,0.1343899667263031,0.14692901074886322,0.19167764484882355,0.13316358625888824,0.14052413403987885,0.18565942347049713,0.1622781604528427,0.20649482309818268,0.22474005818367004,0.1567506641149521
31,0.8375152349472046,0.1370985358953476,0.13133864104747772,0.12251458317041397,0.11025741696357727,0.10268371552228928,0.12710528075695038,0.12541463971138,0.27383628487586975,0.15911096334457397,0.1422080248594284,0.18670544028282166,0.16554051637649536,0.2615324854850769,0.3811239004135132,0.19311001896858215,0.1666746884584427,0.13930587470531464,0.2321779578924179,0.13750237226486206,0.13366027176380157,0.10648877918720245,0.15154480934143066,0.1335611790418625,0.1286488175392151,0.18846771121025085,0.19521760940551758,0.2201610505580902,0.17559368908405304,0.15724851191043854,0.14712457358837128,0.13354583084583282,0.14447322487831116,0.16567151248455048,0.19710350036621094,0.1320016235113144,0.12532368302345276,0.17693369090557098,0.16625528037548065,0.17841829359531403,0.19564461708068848,0.11151226609945297
32,0.7108246088027954,0.15133705735206604,0.1418081372976303,0.1263156682252884,0.11551618576049805,0.11498606204986572,0.1257418990135193,0.13830989599227905,0.29847151041030884,0.17333455383777618,0.1618272215127945,0.18871597945690155,0.17429356276988983,0.26591429114341736,0.3615153431892395,0.19290468096733093,0.16246069967746735,0.15325628221035004,0.23911698162555695,0.1540868729352951,0.1375621259212494,0.1347428858280182,0.16255153715610504,0.14848299324512482,0.15391647815704346,0.1865105926990509,0.1883680522441864,0.2152564376592636,0.16508863866329193,0.1461164504289627,0.13590791821479797,0.13720868527889252,0.13789303600788116,0.13927321135997772,0.17990347743034363,0.12707321345806122,0.13158409297466278,0.16307759284973145,0.1514960080385208,0.1716572344303131,0.19667668640613556,0.145109623670578
33,1.0565621852874756,0.1557060033082962,0.14487619698047638,0.12548978626728058,0.1155255138874054,0.08252375572919846,0.12669020891189575,0.1343890130519867,0.21600496768951416,0.16542834043502808,0.1344558149576187,0.16971224546432495,0.1658306121826172,0.24509873986244202,0.26847365498542786,0.1858287751674652,0.1426030993461609,0.15182489156723022,0.188163161277771,0.14655551314353943,0.13909099996089935,0.12166361510753632,0.14356358349323273,0.12983617186546326,0.14381782710552216,0.16772475838661194,0.20338255167007446,0.23933836817741394,0.18867352604866028,0.16615548729896545,0.1541741043329239,0.15197597444057465,0.157436341047287,0.1505681574344635,0.19851166009902954,0.10683948546648026,0.13574811816215515,0.1548820585012436,0.1372298002243042,0.1660284548997879,0.21872881054878235,0.12316052615642548
34,0.6483035087585449,0.21717306971549988,0.20619668066501617,0.1886887103319168,0.13870909810066223,0.11552977561950684,0.18380683660507202,0.1632959395647049,0.25987863540649414,0.17484137415885925,0.1554514765739441,0.19057971239089966,0.19984030723571777,0.25992563366889954,0.3108440935611725,0.21961328387260437,0.1669890433549881,0.14980466663837433,0.2191237509250641,0.13972845673561096,0.14807938039302826,0.1430688500404358,0.13850924372673035,0.14598247408866882,0.15088020265102386,0.1546553671360016,0.192962184548378,0.1967810094356537,0.18837419152259827,0.17117734253406525,0.15936686098575592,0.1411050409078598,0.15719515085220337,0.1548464298248291,0.2241390347480774,0.11717037856578827,0.13743212819099426,0.1511789858341217,0.13053260743618011,0.14616012573242188,0.16324178874492645,0.10924023389816284
35,1.0698113441467285,0.19409863650798798,0.18470540642738342,0.16978316009044647,0.1152934730052948,0.10610879212617874,0.15048053860664368,0.1197400689125061,0.2524028420448303,0.16807325184345245,0.14322201907634735,0.16563647985458374,0.14938199520111084,0.2586536407470703,0.32676514983177185,0.20761799812316895,0.15636122226715088,0.1416206955909729,0.19264136254787445,0.12375166267156601,0.11514409631490707,0.1190657913684845,0.14635911583900452,0.1400550752878189,0.1358356475830078,0.1937284767627716,0.18824408948421478,0.24107591807842255,0.1803431510925293,0.1588231772184372,0.14027443528175354,0.12072739005088806,0.1312067210674286,0.13893170654773712,0.18969175219535828,0.10360099375247955,0.10422345995903015,0.16815072298049927,0.136491596698761,0.19601967930793762,0.21613821387290955,0.1408202350139618
36,0.7895036339759827,0.16067369282245636,0.16153797507286072,0.15517063438892365,0.11887837201356888,0.11634474247694016,0.15659885108470917,0.12180852890014648,0.24379998445510864,0.1593768447637558,0.13952013850212097,0.16265016794204712,0.13664336502552032,0.25122925639152527,0.30985569953918457,0.18486300110816956,0.1706576645374298,0.14504174888134003,0.1847591996192932,0.13807302713394165,0.13175956904888153,0.10016977041959763,0.14783120155334473,0.13674475252628326,0.11993906646966934,0.20497214794158936,0.20833908021450043,0.22709202766418457,0.20365235209465027,0.177933469414711,0.15796764194965363,0.12750840187072754,0.15044602751731873,0.16197170317173004,0.20970146358013153,0.12582246959209442,0.11764056235551834,0.19242987036705017,0.1772889345884323,0.1931716352701187,0.2093629688024521,0.12163200229406357
37,0.9461919069290161,0.1652311086654663,0.16791528463363647,0.1598355919122696,0.11646877229213715,0.10724008828401566,0.14974957704544067,0.112060546875,0.21258407831192017,0.15533947944641113,0.11646589636802673,0.14611788094043732,0.12467056512832642,0.23560714721679688,0.30365732312202454,0.1811133623123169,0.14746597409248352,0.13542842864990234,0.17991149425506592,0.1169256865978241,0.11377397924661636,0.09294647723436356,0.1408948004245758,0.12132140249013901,0.11640923470258713,0.18931202590465546,0.21338164806365967,0.2331693172454834,0.22040249407291412,0.18678732216358185,0.15942180156707764,0.13142868876457214,0.14710864424705505,0.15522803366184235,0.2001553624868393,0.1156993880867958,0.11834325641393661,0.20768886804580688,0.16984276473522186,0.22082996368408203,0.24373476207256317,0.13114017248153687
38,1.0371267795562744,0.15014873445034027,0.14767783880233765,0.1314517855644226,0.11399774998426437,0.09199951589107513,0.12925812602043152,0.12532402575016022,0.1783650517463684,0.1413435935974121,0.11074676364660263,0.1331159472465515,0.12786400318145752,0.22025077044963837,0.27172479033470154,0.16054856777191162,0.14430859684944153,0.14209984242916107,0.17988142371177673,0.12454268336296082,0.11707980930805206,0.10624508559703827,0.13451111316680908,0.12311658263206482,0.1268724799156189,0.1769343763589859,0.21219654381275177,0.25373217463493347,0.19756607711315155,0.16549457609653473,0.1482013314962387,0.14569813013076782,0.1571621149778366,0.152588352560997,0.23404954373836517,0.11681395769119263,0.1398903727531433,0.1907881498336792,0.16484715044498444,0.21138116717338562,0.2901507318019867,0.13745956122875214
39,1.0110305547714233,0.14528657495975494,0.15160731971263885,0.1496155560016632,0.11238140612840652,0.09332060068845749,0.13589081168174744,0.10358832776546478,0.23479434847831726,0.15600010752677917,0.12060437351465225,0.15076963603496552,0.12460258603096008,0.22991985082626343,0.2849763035774231,0.16371820867061615,0.13354769349098206,0.13049456477165222,0.17404448986053467,0.11736279726028442,0.11107034981250763,0.09245983511209488,0.1509017050266266,0.12102299928665161,0.11958842724561691,0.19599729776382446,0.2151561975479126,0.24886664748191833,0.22658206522464752,0.19131815433502197,0.16442428529262543,0.1431450992822647,0.15411801636219025,0.16438184678554535,0.20487076044082642,0.12791800498962402,0.1253337413072586,0.20364312827587128,0.17717845737934113,0.2025296986103058,0.23668289184570312,0.12338340282440186
40,1.0748605728149414,0.14763355255126953,0.15167316794395447,0.14433600008487701,0.11991439759731293,0.09984786808490753,0.14857891201972961,0.12660038471221924,0.2480214536190033,0.1535734087228775,0.11205345392227173,0.13743524253368378,0.11652310937643051,0.17483097314834595,0.20201212167739868,0.12202656269073486,0.11675591766834259,0.12687698006629944,0.14821401238441467,0.11898719519376755,0.11790817230939865,0.09803159534931183,0.14365771412849426,0.11282749474048615,0.12656918168067932,0.19464324414730072,0.2191217988729477,0.24330495297908783,0.20560425519943237,0.17539812624454498,0.16107025742530823,0.16977782547473907,0.17054951190948486,0.1776251643896103,0.22828848659992218,0.13696517050266266,0.1496015191078186,0.20865163207054138,0.1903887540102005,0.21957798302173615,0.24929721653461456,0.13407091796398163
41,1.219243049621582,0.12013405561447144,0.11983873695135117,0.1162557303905487,0.10671314597129822,0.08235122263431549,0.11120830476284027,0.10238151252269745,0.23601070046424866,0.14775028824806213,0.13351617753505707,0.15260693430900574,0.13100048899650574,0.19830431044101715,0.2218005657196045,0.14554163813591003,0.12467005848884583,0.1316681057214737,0.15113778412342072,0.13013677299022675,0.12291629612445831,0.10814595222473145,0.16780081391334534,0.12984102964401245,0.1226087287068367,0.19054585695266724,0.17381048202514648,0.2159762978553772,0.17859260737895966,0.1633206307888031,0.15214887261390686,0.16647908091545105,0.15949976444244385,0.17532594501972198,0.18696369230747223,0.12438703328371048,0.15894092619419098,0.18852466344833374,0.1845133900642395,0.21679575741291046,0.2597680985927582,0.150450199842453
sum,33.377227783203125,7.058440208435059,6.790223121643066,6.27114725112915,5.46434211730957,5.271669864654541,6.157121181488037,6.46516752243042,11.293707847595215,7.329498767852783,6.565983772277832,7.290531635284424,7.066750526428223,9.809865951538086,11.493985176086426,7.646780014038086,6.885362148284912,6.326193809509277,8.024726867675781,5.938900947570801,5.872175693511963,6.041970252990723,6.737039566040039,6.462629795074463,6.710910320281982,8.07483196258545,8.044620513916016,9.659457206726074,7.47318172454834,6.706927299499512,6.217180252075195,6.378654479980469,6.293597221374512,6.815590858459473,8.482702255249023,5.5880279541015625,5.739999771118164,7.172889709472656,6.247979164123535,7.670244216918945,8.618011474609375,5.769233703613281
posi,1.0,2.0,3.0,4.0,5.0,6.0,7.0,8.0,9.0,10.0,11.0,12.0,13.0,14.0,15.0,16.0,17.0,18.0,19.0,20.0,21.0,22.0,23.0,24.0,25.0,26.0,27.0,28.0,29.0,30.0,31.0,32.0,33.0,34.0,35.0,36.0,37.0,38.0,39.0,40.0,41.0,42.0
contrib,0.10260272156238971,0.021697882762309426,0.020873374410293345,0.019277717714116308,0.01679757157861084,0.016205290589297795,0.01892719773833424,0.019874142558117328,0.03471723802888533,0.0225311258968107,0.020184055103258776,0.022411339619802753,0.02172342895951567,0.030155858099651812,0.035332897277278154,0.023506459126124046,0.021165834980226075,0.01944693268724497,0.02466828047453108,0.018256381394768484,0.01805126571806079,0.018573219908569534,0.020709886370403423,0.01986634149881439,0.02062956418952721,0.024822305222639757,0.024729434212621772,0.029693496555885088,0.02297281214154173,0.020617320249587814,0.01911182134269036,0.019608198553909925,0.019346729678235385,0.02095135568705329,0.026076112229727118,0.017177786003727546,0.017644952484058538,0.02204970438045545,0.019206498234906992,0.023578588875500052,0.02649205732406,0.01773481857645701
