,M,T,K,R,T,L,G,G,T,S,R,K,R,K,R,V,S,G,F,R,V,R,M,R,T,H,T,G,R,R,V,I,R,A,R,R,K,K,G,R,S,Q,L,A,V
0,0.2003268003463745,0.20235824584960938,0.17321684956550598,0.19485126435756683,0.19933399558067322,0.21780546009540558,0.2096630483865738,0.21135978400707245,0.21198058128356934,0.17600052058696747,0.21449419856071472,0.18357881903648376,0.2104702591896057,0.17509892582893372,0.1909673511981964,0.1571035385131836,0.15438592433929443,0.19123156368732452,0.236887589097023,0.21663355827331543,0.18281130492687225,0.20309531688690186,0.17852121591567993,0.20921441912651062,0.18572232127189636,0.1826314926147461,0.1783827543258667,0.17517425119876862,0.18499495089054108,0.18556874990463257,0.16020545363426208,0.17968738079071045,0.18154902756214142,0.15563179552555084,0.16341067850589752,0.16036975383758545,0.13944831490516663,0.1383262425661087,0.15540024638175964,0.15914060175418854,0.13207212090492249,0.16334658861160278,0.18644289672374725,0.1690368354320526,0.16430404782295227
1,0.40767133235931396,0.15784983336925507,0.18565215170383453,0.201340913772583,0.15638114511966705,0.16900740563869476,0.30634453892707825,0.3304661214351654,0.1841416209936142,0.2208850085735321,0.21738910675048828,0.19940803945064545,0.18910151720046997,0.18461193144321442,0.19084960222244263,0.181465744972229,0.21446041762828827,0.25421464443206787,0.2865251302719116,0.17690443992614746,0.16319723427295685,0.18329039216041565,0.3682408928871155,0.20202720165252686,0.18426181375980377,0.2158149629831314,0.1667589694261551,0.22598640620708466,0.18124689161777496,0.16649532318115234,0.14422360062599182,0.127862811088562,0.12778383493423462,0.1230732873082161,0.128402441740036,0.12757888436317444,0.13559281826019287,0.12622788548469543,0.14726774394512177,0.1128566563129425,0.1396929770708084,0.1239907369017601,0.1325760781764984,0.1319422423839569,0.12989374995231628
2,0.6771726012229919,0.18234410881996155,0.171729177236557,0.17031504213809967,0.15899443626403809,0.16949541866779327,0.29378750920295715,0.3087133765220642,0.17512032389640808,0.20847217738628387,0.18243171274662018,0.1828760951757431,0.17945735156536102,0.17165079712867737,0.17838460206985474,0.17246100306510925,0.22368209064006805,0.2736274302005768,0.24274231493473053,0.14564046263694763,0.15071739256381989,0.1595105528831482,0.3307476341724396,0.1822451949119568,0.17067237198352814,0.18582051992416382,0.15764950215816498,0.2249225676059723,0.17505009472370148,0.16418252885341644,0.15222083032131195,0.13383892178535461,0.13686345517635345,0.1236155703663826,0.1299922615289688,0.12607307732105255,0.12608809769153595,0.11602906882762909,0.17905420064926147,0.10888706147670746,0.14678321778774261,0.1261458396911621,0.13470160961151123,0.13182991743087769,0.14106622338294983
3,0.9434561133384705,0.16212427616119385,0.14668463170528412,0.13660703599452972,0.1262192726135254,0.13101419806480408,0.2634945213794708,0.27480319142341614,0.14289796352386475,0.1745697557926178,0.1466192603111267,0.16481514275074005,0.1486937701702118,0.1668076515197754,0.1561446487903595,0.15454956889152527,0.19744253158569336,0.2609897553920746,0.2011023759841919,0.13455486297607422,0.1578712910413742,0.1514853537082672,0.30754101276397705,0.15976707637310028,0.14147759974002838,0.15909792482852936,0.1282811015844345,0.21416181325912476,0.16760142147541046,0.16562552750110626,0.15600042045116425,0.14879195392131805,0.15864165127277374,0.14123904705047607,0.15651698410511017,0.14538876712322235,0.13507872819900513,0.12831149995326996,0.23401741683483124,0.12119287997484207,0.19089284539222717,0.14678452908992767,0.16316325962543488,0.1511680781841278,0.16596750915050507
4,0.4412299394607544,0.17577014863491058,0.18076124787330627,0.18653981387615204,0.16045619547367096,0.1631540209054947,0.2696092128753662,0.2678977847099304,0.16854824125766754,0.20988181233406067,0.17437204718589783,0.1792518049478531,0.16662482917308807,0.1772574782371521,0.16993743181228638,0.17619167268276215,0.24178381264209747,0.2602770924568176,0.2228221595287323,0.14033782482147217,0.1416633278131485,0.14635279774665833,0.2751031219959259,0.17666900157928467,0.18436667323112488,0.23431822657585144,0.17918835580348969,0.22681863605976105,0.17334602773189545,0.15731170773506165,0.14252232015132904,0.13814175128936768,0.13379542529582977,0.12573528289794922,0.1409078985452652,0.14021869003772736,0.15525570511817932,0.1475810408592224,0.19959211349487305,0.12904423475265503,0.2014888972043991,0.1573556363582611,0.16176901757717133,0.1553126722574234,0.15997058153152466
5,0.42690184712409973,0.17995086312294006,0.18744388222694397,0.16084331274032593,0.13796494901180267,0.12762153148651123,0.22333118319511414,0.23494985699653625,0.1528071165084839,0.18201687932014465,0.16513068974018097,0.1904624104499817,0.17174871265888214,0.21480754017829895,0.1939927041530609,0.18451343476772308,0.22620584070682526,0.2459423542022705,0.19344234466552734,0.14538992941379547,0.1474761962890625,0.15793727338314056,0.24865852296352386,0.17344710230827332,0.17349795997142792,0.21642062067985535,0.17413415014743805,0.22595378756523132,0.164509117603302,0.15110376477241516,0.13432040810585022,0.1470828801393509,0.15212181210517883,0.13786642253398895,0.1566275954246521,0.1492418348789215,0.15386591851711273,0.1574026644229889,0.2167915552854538,0.1475670337677002,0.21408504247665405,0.17316310107707977,0.16137371957302094,0.1520882099866867,0.16729381680488586
6,0.40767091512680054,0.18103578686714172,0.15184080600738525,0.14267514646053314,0.144822895526886,0.13185200095176697,0.23631933331489563,0.24939554929733276,0.16965286433696747,0.1850544810295105,0.1490197777748108,0.14771416783332825,0.15598055720329285,0.17082247138023376,0.1769706755876541,0.17483174800872803,0.20524971187114716,0.24686187505722046,0.21524445712566376,0.137772336602211,0.15054847300052643,0.15377530455589294,0.2676427960395813,0.17711712419986725,0.1915230005979538,0.22991600632667542,0.19727778434753418,0.2523070275783539,0.17286962270736694,0.167470321059227,0.16244781017303467,0.18366774916648865,0.17402538657188416,0.15695858001708984,0.15042392909526825,0.13850316405296326,0.1351289600133896,0.1369582861661911,0.24301749467849731,0.13794729113578796,0.17869387567043304,0.13953688740730286,0.14323753118515015,0.13573871552944183,0.1661168485879898
7,0.4101739525794983,0.1779213696718216,0.14916007220745087,0.13889427483081818,0.14329595863819122,0.133606418967247,0.23830708861351013,0.25427284836769104,0.1674378663301468,0.17877613008022308,0.15256278216838837,0.1502872258424759,0.16277243196964264,0.17271870374679565,0.18155866861343384,0.17032712697982788,0.1924891471862793,0.23965314030647278,0.2275189459323883,0.14332634210586548,0.15776219964027405,0.16051027178764343,0.28855153918266296,0.18485257029533386,0.19401124119758606,0.22488127648830414,0.19780465960502625,0.25773417949676514,0.17170009016990662,0.16944348812103271,0.16595914959907532,0.18323026597499847,0.17828994989395142,0.1634691059589386,0.1529695689678192,0.14075902104377747,0.1355513483285904,0.13637462258338928,0.2346310019493103,0.12857255339622498,0.15819679200649261,0.12945400178432465,0.13429392874240875,0.13032998144626617,0.16113176941871643
8,0.39854952692985535,0.17752067744731903,0.15859924256801605,0.17261053621768951,0.1594477742910385,0.16004301607608795,0.2724963128566742,0.2786155045032501,0.16850563883781433,0.18438319861888885,0.17466428875923157,0.17281819880008698,0.18067051470279694,0.17757275700569153,0.18384166061878204,0.17437049746513367,0.22110478579998016,0.24582569301128387,0.22993230819702148,0.1507498025894165,0.1543290764093399,0.1573752760887146,0.31029874086380005,0.18717452883720398,0.19802124798297882,0.23919805884361267,0.19462299346923828,0.24500849843025208,0.16550961136817932,0.15610626339912415,0.15036262571811676,0.14445772767066956,0.1422935128211975,0.1409946084022522,0.14682871103286743,0.14576326310634613,0.14495407044887543,0.13901972770690918,0.20468655228614807,0.11906074732542038,0.16166900098323822,0.13621088862419128,0.13985216617584229,0.13986808061599731,0.15359185636043549
9,0.7912490367889404,0.18350674211978912,0.140952929854393,0.1256936937570572,0.14831773936748505,0.18159465491771698,0.20082327723503113,0.21029013395309448,0.16733290255069733,0.17900140583515167,0.1553785502910614,0.16141486167907715,0.1665763109922409,0.17247013747692108,0.1786651313304901,0.1754416674375534,0.206063911318779,0.2227620631456375,0.1916266828775406,0.12834304571151733,0.14977110922336578,0.14052166044712067,0.3277806341648102,0.16006430983543396,0.1697838008403778,0.1782195121049881,0.18777331709861755,0.23147651553153992,0.16796281933784485,0.15827029943466187,0.16412754356861115,0.137742280960083,0.1567101776599884,0.1488385647535324,0.15347068011760712,0.14686815440654755,0.1289430856704712,0.12508633732795715,0.1776031255722046,0.12062732130289078,0.1623433381319046,0.1317635476589203,0.17447900772094727,0.14053086936473846,0.1639503538608551
10,0.9601541757583618,0.16127388179302216,0.1304478794336319,0.11751929670572281,0.12694919109344482,0.13166606426239014,0.23217199742794037,0.24063484370708466,0.14608602225780487,0.1493663638830185,0.1319701075553894,0.1558990627527237,0.1460009068250656,0.16329722106456757,0.15264420211315155,0.15796080231666565,0.18656253814697266,0.24566993117332458,0.18307892978191376,0.13525687158107758,0.16129754483699799,0.14867059886455536,0.3149814009666443,0.15818634629249573,0.15334951877593994,0.1540568470954895,0.15174072980880737,0.22025291621685028,0.15913650393486023,0.15450668334960938,0.16036386787891388,0.14756368100643158,0.1636131852865219,0.1707187443971634,0.1698729246854782,0.1584036946296692,0.12733621895313263,0.12423379719257355,0.24157384037971497,0.12772706151008606,0.180978924036026,0.13649128377437592,0.16611714661121368,0.1607656180858612,0.16573798656463623
11,0.6542280316352844,0.20097078382968903,0.15088370442390442,0.14538346230983734,0.17258387804031372,0.16203102469444275,0.2791120707988739,0.28752267360687256,0.19145241379737854,0.18987546861171722,0.14235778152942657,0.15562136471271515,0.15353699028491974,0.157944917678833,0.15978765487670898,0.17800982296466827,0.23700767755508423,0.2775205671787262,0.21328610181808472,0.13087022304534912,0.15122058987617493,0.13920751214027405,0.31428948044776917,0.16089598834514618,0.19787582755088806,0.19183485209941864,0.19695426523685455,0.23887301981449127,0.15895138680934906,0.1432649940252304,0.14716021716594696,0.1338965892791748,0.1292903572320938,0.13439376652240753,0.13284608721733093,0.13087615370750427,0.12034285068511963,0.11525991559028625,0.21042615175247192,0.12052614986896515,0.16611167788505554,0.13248831033706665,0.1456356644630432,0.13940100371837616,0.14951443672180176
12,0.8297756910324097,0.17411014437675476,0.1360422819852829,0.12359511107206345,0.13845553994178772,0.128266379237175,0.30143874883651733,0.31702131032943726,0.17035014927387238,0.15563203394412994,0.1250942051410675,0.15054820477962494,0.1351635456085205,0.15451399981975555,0.1388704925775528,0.15681470930576324,0.20254257321357727,0.2738984525203705,0.1923474669456482,0.12831632792949677,0.15513351559638977,0.13945309817790985,0.3277456760406494,0.1450112909078598,0.1679290533065796,0.16500209271907806,0.16340219974517822,0.2390311062335968,0.1498361974954605,0.14217421412467957,0.1470731645822525,0.1402336061000824,0.1389414221048355,0.1660020798444748,0.15146777033805847,0.14562606811523438,0.12179938703775406,0.117498978972435,0.2577108144760132,0.12612636387348175,0.19020918011665344,0.14435507357120514,0.14994139969348907,0.1578264981508255,0.1508283019065857
13,0.5444868206977844,0.20175834000110626,0.15079064667224884,0.1387920081615448,0.17761847376823425,0.15493972599506378,0.32211220264434814,0.3355804979801178,0.2036803662776947,0.19107583165168762,0.13903073966503143,0.16197270154953003,0.14846555888652802,0.1602184772491455,0.15265576541423798,0.1728145182132721,0.23353222012519836,0.29907143115997314,0.23050399124622345,0.12823577225208282,0.15031558275222778,0.1367069035768509,0.3471585214138031,0.15826939046382904,0.21620577573776245,0.20117820799350739,0.2035733312368393,0.2562483251094818,0.14979425072669983,0.13507314026355743,0.1424609124660492,0.1291896402835846,0.1172880232334137,0.13385413587093353,0.12338059395551682,0.12480144947767258,0.12411601096391678,0.11634070426225662,0.22357118129730225,0.11469554156064987,0.1627073884010315,0.13559573888778687,0.12764835357666016,0.13489434123039246,0.14147493243217468
14,0.7645363211631775,0.17706093192100525,0.1334444135427475,0.10998967289924622,0.1406235545873642,0.12215925753116608,0.30520927906036377,0.3243986964225769,0.17180484533309937,0.15473127365112305,0.12483015656471252,0.16229067742824554,0.1372992843389511,0.15782731771469116,0.13511914014816284,0.1509128212928772,0.18039405345916748,0.27450960874557495,0.1925676316022873,0.12315863370895386,0.16299544274806976,0.14223363995552063,0.39037400484085083,0.15166762471199036,0.17569682002067566,0.17109839618206024,0.15970833599567413,0.247539222240448,0.14434511959552765,0.139204740524292,0.15210890769958496,0.13010069727897644,0.1377001255750656,0.16602280735969543,0.15195266902446747,0.14948783814907074,0.12918084859848022,0.12159986793994904,0.2586277425289154,0.12207883596420288,0.18860961496829987,0.1504865139722824,0.1403123438358307,0.1569838970899582,0.15499378740787506
15,0.7647592425346375,0.1720503866672516,0.13581377267837524,0.11652850359678268,0.1423823982477188,0.13339777290821075,0.22189491987228394,0.23583289980888367,0.1723233014345169,0.17157822847366333,0.13233648240566254,0.14255313575267792,0.13228413462638855,0.14270268380641937,0.13798710703849792,0.16090203821659088,0.18812792003154755,0.24075818061828613,0.20630577206611633,0.12911681830883026,0.15200184285640717,0.13354194164276123,0.3473939895629883,0.14832326769828796,0.20336546003818512,0.204647958278656,0.2025091052055359,0.2592628598213196,0.1585070639848709,0.1447419971227646,0.1572171449661255,0.1358635127544403,0.14187228679656982,0.1838177740573883,0.14601676166057587,0.14362385869026184,0.12036528438329697,0.11708541214466095,0.2202441692352295,0.14118927717208862,0.1948370337486267,0.14711107313632965,0.156964972615242,0.17321568727493286,0.16669516265392303
16,0.6181706190109253,0.165919691324234,0.13705499470233917,0.12223987281322479,0.14803194999694824,0.1615844964981079,0.19740234315395355,0.20875796675682068,0.17945608496665955,0.18283528089523315,0.15379850566387177,0.16692857444286346,0.1574925184249878,0.17609207332134247,0.16431178152561188,0.17889881134033203,0.18507948517799377,0.2148137241601944,0.16386282444000244,0.11640795320272446,0.1464943289756775,0.13510611653327942,0.3686100244522095,0.15769487619400024,0.19142547249794006,0.20153337717056274,0.1970846801996231,0.2388049066066742,0.16559208929538727,0.14985772967338562,0.15800340473651886,0.12706801295280457,0.14127729833126068,0.1514238566160202,0.14724519848823547,0.1463388204574585,0.12597687542438507,0.12651211023330688,0.1905761957168579,0.1522766351699829,0.20931953191757202,0.15828636288642883,0.1762194186449051,0.16382019221782684,0.17906849086284637
17,0.3975928723812103,0.14518511295318604,0.13714149594306946,0.13866767287254333,0.1377801150083542,0.14281579852104187,0.20815323293209076,0.22285506129264832,0.17474639415740967,0.16203488409519196,0.1491999477148056,0.1447756290435791,0.15353086590766907,0.17013879120349884,0.17363786697387695,0.1763877123594284,0.16664908826351166,0.21416142582893372,0.1860247105360031,0.1320813000202179,0.1572771817445755,0.15366290509700775,0.31309932470321655,0.17878445982933044,0.2057599276304245,0.24281729757785797,0.22160229086875916,0.26854097843170166,0.17815947532653809,0.16230027377605438,0.16382555663585663,0.17543044686317444,0.16148161888122559,0.1792716383934021,0.14872696995735168,0.13927794992923737,0.12515905499458313,0.1321234554052353,0.22019220888614655,0.16465866565704346,0.17846082150936127,0.14144432544708252,0.1492224931716919,0.15492567420005798,0.1769549548625946
18,0.37065061926841736,0.18105056881904602,0.1818157434463501,0.14649777114391327,0.15991364419460297,0.16618290543556213,0.2534947395324707,0.2658763527870178,0.20418128371238708,0.16579855978488922,0.13322196900844574,0.16009241342544556,0.13561102747917175,0.17194199562072754,0.15333347022533417,0.1595485806465149,0.16555817425251007,0.20472072064876556,0.13950176537036896,0.11298632621765137,0.13892224431037903,0.12427680194377899,0.25081273913383484,0.14384359121322632,0.18180111050605774,0.1840188056230545,0.19711455702781677,0.2585923373699188,0.16334709525108337,0.15131475031375885,0.164280503988266,0.15426033735275269,0.15806259214878082,0.18573521077632904,0.14918465912342072,0.13869869709014893,0.1270703822374344,0.13481418788433075,0.26070350408554077,0.17710480093955994,0.23016232252120972,0.1770727038383484,0.17968019843101501,0.17898036539554596,0.18011239171028137
19,0.6044750213623047,0.17229704558849335,0.16278162598609924,0.1246149018406868,0.13269902765750885,0.12596988677978516,0.27765148878097534,0.2940201163291931,0.17082419991493225,0.1521296501159668,0.12610189616680145,0.16846735775470734,0.14102129638195038,0.19237945973873138,0.15964096784591675,0.16426560282707214,0.17195771634578705,0.24148565530776978,0.14442400634288788,0.11569451540708542,0.1498849093914032,0.13974714279174805,0.3006010949611664,0.15596863627433777,0.15941403806209564,0.16073724627494812,0.1526046097278595,0.23038068413734436,0.15513703227043152,0.1466802954673767,0.15419931709766388,0.13554969429969788,0.14689858257770538,0.16550622880458832,0.14318403601646423,0.133340984582901,0.12039973586797714,0.1255379170179367,0.25201094150543213,0.16030466556549072,0.22195252776145935,0.15853503346443176,0.16328850388526917,0.16871312260627747,0.18329119682312012
20,0.666139543056488,0.17505763471126556,0.16521526873111725,0.1295231133699417,0.13344670832157135,0.13798415660858154,0.2238846719264984,0.24264377355575562,0.17159044742584229,0.1658845692873001,0.12327970564365387,0.14041206240653992,0.1280314326286316,0.15774747729301453,0.14185117185115814,0.15864084661006927,0.18551650643348694,0.20745578408241272,0.165024071931839,0.11489459872245789,0.13267439603805542,0.11827614158391953,0.25463756918907166,0.13499140739440918,0.18601152300834656,0.18561510741710663,0.20292887091636658,0.25501731038093567,0.1649458408355713,0.15261270105838776,0.1579105257987976,0.1482943892478943,0.15339361131191254,0.19337311387062073,0.14225052297115326,0.13357043266296387,0.12666919827461243,0.13060912489891052,0.23349590599536896,0.15474115312099457,0.20239944756031036,0.14810052514076233,0.17309434711933136,0.17987371981143951,0.1909300982952118
21,0.8353269696235657,0.1866927146911621,0.14538756012916565,0.10588432103395462,0.1271066665649414,0.12679831683635712,0.25092291831970215,0.26478642225265503,0.15246783196926117,0.1407032608985901,0.1110021248459816,0.15006248652935028,0.12443097680807114,0.1630912572145462,0.12811902165412903,0.14220558106899261,0.15992942452430725,0.21023839712142944,0.13889393210411072,0.10523203015327454,0.14377854764461517,0.1227663904428482,0.2866423726081848,0.14170868694782257,0.1535511314868927,0.1550237536430359,0.1553427278995514,0.23452427983283997,0.15370815992355347,0.1488390415906906,0.16302622854709625,0.1398765593767166,0.16110198199748993,0.183370441198349,0.15905508399009705,0.1490439772605896,0.13768821954727173,0.13836635649204254,0.25662821531295776,0.14369067549705505,0.20884168148040771,0.15373270213603973,0.17074811458587646,0.17632941901683807,0.20468392968177795
22,0.23722219467163086,0.2165311574935913,0.15701961517333984,0.14416156709194183,0.17297206819057465,0.16966409981250763,0.1725289523601532,0.17149953544139862,0.1902497261762619,0.14987893402576447,0.14922572672367096,0.14615920186042786,0.15534864366054535,0.15071862936019897,0.1406257003545761,0.13135789334774017,0.12468559294939041,0.13776911795139313,0.12722370028495789,0.13065782189369202,0.1432792842388153,0.12128131091594696,0.15929898619651794,0.12840190529823303,0.19125008583068848,0.17914310097694397,0.22362898290157318,0.1964154690504074,0.1719977855682373,0.1722409874200821,0.1752481460571289,0.18523555994033813,0.18165627121925354,0.20586593449115753,0.17918284237384796,0.17908835411071777,0.1758199781179428,0.17844897508621216,0.20514339208602905,0.18189086019992828,0.17863620817661285,0.2025839239358902,0.22793824970722198,0.22356688976287842,0.23793824017047882
23,0.9693236351013184,0.17752376198768616,0.1308048516511917,0.09403401613235474,0.11442381888628006,0.11533486098051071,0.19560761749744415,0.21079160273075104,0.14472192525863647,0.14001160860061646,0.10851962864398956,0.13917677104473114,0.11475834250450134,0.14897768199443817,0.11840647459030151,0.14231793582439423,0.16003143787384033,0.18419180810451508,0.1457207202911377,0.11200518161058426,0.15436574816703796,0.12885718047618866,0.2768075168132782,0.14025360345840454,0.14439131319522858,0.16310778260231018,0.15684378147125244,0.22196976840496063,0.15604089200496674,0.14601534605026245,0.16523200273513794,0.13852979242801666,0.1673496812582016,0.2013086974620819,0.16757908463478088,0.15383648872375488,0.13093765079975128,0.13321620225906372,0.24148690700531006,0.1635105013847351,0.2617829442024231,0.15596379339694977,0.20026353001594543,0.19916149973869324,0.2216058075428009
24,0.49313604831695557,0.18110047280788422,0.16539880633354187,0.13577839732170105,0.14438995718955994,0.14844277501106262,0.2446020394563675,0.26007890701293945,0.1807524859905243,0.18417131900787354,0.1406770795583725,0.15028592944145203,0.13867929577827454,0.1536599099636078,0.14557036757469177,0.1743655651807785,0.21634161472320557,0.20214487612247467,0.18815472722053528,0.12821653485298157,0.1506052315235138,0.13193732500076294,0.2812357246875763,0.15315677225589752,0.18185360729694366,0.21764031052589417,0.19792363047599792,0.22895768284797668,0.17730247974395752,0.15291108191013336,0.15579067170619965,0.13431142270565033,0.14456135034561157,0.1614808291196823,0.15169163048267365,0.14870965480804443,0.13689570128917694,0.1363169550895691,0.1959739774465561,0.16709771752357483,0.23932592570781708,0.15816187858581543,0.1841488480567932,0.17640571296215057,0.19893886148929596
25,0.5877754092216492,0.20313715934753418,0.15961484611034393,0.13332892954349518,0.15895621478557587,0.15517978370189667,0.22813069820404053,0.2443501353263855,0.193278968334198,0.18360957503318787,0.1307753473520279,0.13190026581287384,0.12914083898067474,0.14172905683517456,0.14368614554405212,0.16575390100479126,0.1994076371192932,0.1935356855392456,0.18697860836982727,0.12681996822357178,0.15742383897304535,0.13854382932186127,0.2622722089290619,0.13624367117881775,0.16796734929084778,0.1639135628938675,0.20671361684799194,0.22255124151706696,0.17090782523155212,0.15353286266326904,0.15855999290943146,0.14143502712249756,0.14921648800373077,0.19953012466430664,0.1479351967573166,0.13960552215576172,0.12541088461875916,0.12768784165382385,0.21718667447566986,0.16990429162979126,0.2666298449039459,0.15456624329090118,0.17878969013690948,0.1775207668542862,0.1821422278881073
26,0.5036727786064148,0.1717699021100998,0.17703877389431,0.1406707614660263,0.14791655540466309,0.15745073556900024,0.25626853108406067,0.27645090222358704,0.18086712062358856,0.18643170595169067,0.13976287841796875,0.15869954228401184,0.14039769768714905,0.1645437479019165,0.15622425079345703,0.18984255194664001,0.21656370162963867,0.23246750235557556,0.2135097235441208,0.13488328456878662,0.158850759267807,0.13562273979187012,0.31053921580314636,0.15118524432182312,0.17719070613384247,0.20275606215000153,0.20168855786323547,0.26621028780937195,0.1732948273420334,0.14936238527297974,0.15196654200553894,0.12540407478809357,0.13081666827201843,0.15164652466773987,0.1394639015197754,0.13795459270477295,0.13427358865737915,0.13103865087032318,0.20493096113204956,0.14636529982089996,0.1951223909854889,0.1447599083185196,0.16574297845363617,0.1591327041387558,0.18594232201576233
27,0.806286633014679,0.1480255126953125,0.13561445474624634,0.11228471994400024,0.12819533050060272,0.14246881008148193,0.19388927519321442,0.21168437600135803,0.15745171904563904,0.16296638548374176,0.1232665404677391,0.13515689969062805,0.12936483323574066,0.15282519161701202,0.14787141978740692,0.17002594470977783,0.17145007848739624,0.22012856602668762,0.2238035947084427,0.1219049021601677,0.1612916737794876,0.12865597009658813,0.2683718800544739,0.14327873289585114,0.1761031448841095,0.19815440475940704,0.22333690524101257,0.3215004503726959,0.16700464487075806,0.1480180025100708,0.16777516901493073,0.14998221397399902,0.15034806728363037,0.16960762441158295,0.13963256776332855,0.12946495413780212,0.13470995426177979,0.1365923434495926,0.24077317118644714,0.13545237481594086,0.16560006141662598,0.12612362205982208,0.14954450726509094,0.14442408084869385,0.2066195011138916
28,1.0754847526550293,0.14022552967071533,0.12842704355716705,0.09081164002418518,0.11508312821388245,0.12221215665340424,0.201528400182724,0.211646169424057,0.13161474466323853,0.14140428602695465,0.09888183325529099,0.14495711028575897,0.1150103509426117,0.16527129709720612,0.13263800740242004,0.15960127115249634,0.17708221077919006,0.2471725046634674,0.18289119005203247,0.11424537748098373,0.1535007357597351,0.11933757364749908,0.2694263756275177,0.1306634396314621,0.14114312827587128,0.14508920907974243,0.1601274013519287,0.2763591706752777,0.14216141402721405,0.13420352339744568,0.1602698117494583,0.12143349647521973,0.1458916813135147,0.15919652581214905,0.1486857831478119,0.1400013417005539,0.13328325748443604,0.13412225246429443,0.28458428382873535,0.1420494019985199,0.22732047736644745,0.15761248767375946,0.1927083134651184,0.17730271816253662,0.2216055691242218
29,1.0865824222564697,0.1399175226688385,0.1214996948838234,0.08967680484056473,0.11742797493934631,0.11576766520738602,0.19510607421398163,0.20211073756217957,0.13461141288280487,0.14205239713191986,0.09547629952430725,0.1421811282634735,0.11381083726882935,0.16841499507427216,0.1314099133014679,0.16190105676651,0.18421296775341034,0.25778451561927795,0.17421534657478333,0.10756099224090576,0.14610330760478973,0.11336922645568848,0.2665763795375824,0.12660814821720123,0.1514478176832199,0.1500176042318344,0.16568073630332947,0.25882792472839355,0.13808386027812958,0.13102391362190247,0.1559499204158783,0.12107207626104355,0.1441291868686676,0.154513880610466,0.14743906259536743,0.1396990418434143,0.13159169256687164,0.13423798978328705,0.26979967951774597,0.1490023136138916,0.25246164202690125,0.1676933467388153,0.1974690556526184,0.18574562668800354,0.2244114726781845
30,1.0025814771652222,0.15369078516960144,0.12317279726266861,0.0984044075012207,0.12342540919780731,0.11962354928255081,0.17373138666152954,0.18686342239379883,0.15935315191745758,0.16291245818138123,0.10370363295078278,0.12392286211252213,0.11683937162160873,0.14629605412483215,0.1317461133003235,0.17286299169063568,0.20660296082496643,0.23888611793518066,0.19646231830120087,0.1089266911149025,0.13713741302490234,0.10455776005983353,0.22899462282657623,0.11688563227653503,0.20188045501708984,0.18191823363304138,0.22199560701847076,0.2518969178199768,0.1473550945520401,0.13314832746982574,0.15284417569637299,0.13221322000026703,0.13281556963920593,0.16330008208751678,0.13115423917770386,0.12728482484817505,0.12173914164304733,0.12691007554531097,0.21868181228637695,0.152987539768219,0.24828054010868073,0.1608325093984604,0.19666559994220734,0.19658774137496948,0.21957999467849731
31,0.525779128074646,0.17347228527069092,0.1321856528520584,0.11184674501419067,0.15164053440093994,0.14173927903175354,0.30119428038597107,0.30914461612701416,0.1794928014278412,0.18530668318271637,0.12480831146240234,0.14720900356769562,0.14147476851940155,0.16789883375167847,0.16137510538101196,0.1770351529121399,0.21871040761470795,0.28990137577056885,0.1699681282043457,0.1071830466389656,0.1467314213514328,0.12239713966846466,0.27895399928092957,0.14169089496135712,0.1922890543937683,0.18589356541633606,0.19230857491493225,0.2763380706310272,0.13953284919261932,0.1304928958415985,0.15066370368003845,0.11741577833890915,0.12603506445884705,0.1410176008939743,0.13090309500694275,0.12843893468379974,0.12189111113548279,0.12187431007623672,0.24325598776340485,0.13854758441448212,0.2436109334230423,0.15354566276073456,0.1652110517024994,0.16213028132915497,0.1895124912261963
32,0.9254575967788696,0.15590430796146393,0.12072880566120148,0.08766407519578934,0.11631382256746292,0.11546298116445541,0.25110766291618347,0.2715453803539276,0.15244024991989136,0.1547345370054245,0.10842674970626831,0.15305642783641815,0.12707041203975677,0.17440956830978394,0.14211605489253998,0.16919200122356415,0.19079111516475677,0.2552839517593384,0.18888923525810242,0.11979760229587555,0.16122359037399292,0.12835556268692017,0.3120286166667938,0.13699983060359955,0.16819871962070465,0.1588720977306366,0.16527919471263885,0.23614710569381714,0.13393010199069977,0.13040702044963837,0.16059669852256775,0.12661489844322205,0.1381375789642334,0.15760530531406403,0.13509535789489746,0.12853024899959564,0.12133438140153885,0.12149681150913239,0.20289799571037292,0.13392913341522217,0.21701759099960327,0.15372918546199799,0.18355068564414978,0.17945042252540588,0.2082890123128891
33,0.5629398226737976,0.15441612899303436,0.13452735543251038,0.1025097593665123,0.13824009895324707,0.15760616958141327,0.2549389600753784,0.27703675627708435,0.18438641726970673,0.17522798478603363,0.1390124410390854,0.1822076141834259,0.16164547204971313,0.19614671170711517,0.1678989827632904,0.18075479567050934,0.1925426423549652,0.2614465355873108,0.2170407921075821,0.12677843868732452,0.17304401099681854,0.12640586495399475,0.3396832346916199,0.14011400938034058,0.1895618438720703,0.17995935678482056,0.20086461305618286,0.2385493814945221,0.14292001724243164,0.13468506932258606,0.16584302484989166,0.1289791613817215,0.13311904668807983,0.1301831603050232,0.1315182000398636,0.13141794502735138,0.14165201783180237,0.14062237739562988,0.16873610019683838,0.12110006809234619,0.15928708016872406,0.1402750015258789,0.17018960416316986,0.15100254118442535,0.22276462614536285
34,0.9988015294075012,0.14560222625732422,0.12266917526721954,0.09152135252952576,0.11362176388502121,0.1378229409456253,0.2310701608657837,0.25001415610313416,0.1429925262928009,0.1555177867412567,0.11594660580158234,0.15123748779296875,0.1260981559753418,0.1665295660495758,0.14343062043190002,0.1722499579191208,0.18445520102977753,0.22915591299533844,0.18433423340320587,0.12295512855052948,0.16358092427253723,0.12928126752376556,0.3166726231575012,0.13779400289058685,0.14886105060577393,0.1577495038509369,0.15660057961940765,0.23873630166053772,0.14490583539009094,0.13791663944721222,0.1664314866065979,0.12874595820903778,0.14382506906986237,0.15880799293518066,0.14129525423049927,0.1338415890932083,0.1260259598493576,0.1250215321779251,0.19080626964569092,0.13664408028125763,0.19971062242984772,0.14684665203094482,0.19146013259887695,0.17468559741973877,0.2118687480688095
35,1.0152376890182495,0.1419259011745453,0.1238601952791214,0.09319902211427689,0.1138821467757225,0.14448238909244537,0.21978555619716644,0.23600560426712036,0.14187318086624146,0.15434247255325317,0.1109214499592781,0.14126995205879211,0.11859974265098572,0.1616394817829132,0.1410159468650818,0.17685267329216003,0.1935766637325287,0.22378261387348175,0.1726377159357071,0.11452576518058777,0.15411634743213654,0.12165668606758118,0.3011277914047241,0.13182002305984497,0.14276275038719177,0.16274450719356537,0.15701232850551605,0.2379876673221588,0.14812281727790833,0.13736464083194733,0.16245950758457184,0.12779149413108826,0.14198963344097137,0.15452344715595245,0.14127354323863983,0.13380752503871918,0.12554655969142914,0.12678536772727966,0.20414020121097565,0.15004900097846985,0.22202293574810028,0.15541279315948486,0.20540866255760193,0.1780610978603363,0.2163594663143158
36,0.7059816122055054,0.17913654446601868,0.14923995733261108,0.12030214071273804,0.15162041783332825,0.17165525257587433,0.22968432307243347,0.23874926567077637,0.1778521090745926,0.18190738558769226,0.12379691749811172,0.13924872875213623,0.13759873807430267,0.1591881811618805,0.16046714782714844,0.19959385693073273,0.24274933338165283,0.24259361624717712,0.19030052423477173,0.10208381712436676,0.1393466293811798,0.11141090840101242,0.28941282629966736,0.13549044728279114,0.18200059235095978,0.20135238766670227,0.2000722885131836,0.24175702035427094,0.1570686548948288,0.13862939178943634,0.1530778706073761,0.11962242424488068,0.12363746017217636,0.1284172534942627,0.12182984501123428,0.12111063301563263,0.12690982222557068,0.129106342792511,0.20014475286006927,0.14515089988708496,0.21764758229255676,0.15207885205745697,0.1855819672346115,0.1546826809644699,0.20305418968200684
37,0.6358557343482971,0.1831904500722885,0.15368393063545227,0.11613652110099792,0.15223321318626404,0.16209273040294647,0.24794508516788483,0.2564064860343933,0.17912063002586365,0.18258324265480042,0.11486776918172836,0.13499905169010162,0.1301269829273224,0.15740397572517395,0.1576959192752838,0.2005760222673416,0.24703039228916168,0.2546849548816681,0.1909381002187729,0.09653124213218689,0.13652139902114868,0.10783606767654419,0.28643590211868286,0.13186430931091309,0.18668006360530853,0.20614087581634521,0.20839016139507294,0.2543570399284363,0.15324673056602478,0.13446958363056183,0.14840424060821533,0.11944328993558884,0.12094052135944366,0.1266937255859375,0.1184980496764183,0.11847153306007385,0.12868843972682953,0.13082242012023926,0.2252236008644104,0.14615876972675323,0.2259637862443924,0.15710975229740143,0.18058796226978302,0.15204904973506927,0.20427453517913818
38,0.5825164914131165,0.15047693252563477,0.12945888936519623,0.10422360152006149,0.13458923995494843,0.14382098615169525,0.23167955875396729,0.246965691447258,0.16933074593544006,0.18198555707931519,0.10823620110750198,0.12463858723640442,0.119474858045578,0.15545189380645752,0.1491016000509262,0.1830248236656189,0.20028793811798096,0.2225990891456604,0.21435049176216125,0.09686913341283798,0.14294317364692688,0.10897408425807953,0.30287402868270874,0.13186709582805634,0.19222088158130646,0.23858460783958435,0.24162305891513824,0.30956628918647766,0.16101953387260437,0.14218232035636902,0.1546662151813507,0.14875410497188568,0.1446351557970047,0.15365023910999298,0.1272396445274353,0.1215505599975586,0.1324303299188614,0.13954004645347595,0.24833917617797852,0.15045398473739624,0.1971954107284546,0.14351043105125427,0.16340771317481995,0.14784753322601318,0.21957100927829742
39,0.9505047798156738,0.15352411568164825,0.1198389083147049,0.0841212347149849,0.11708039790391922,0.11975258588790894,0.23710602521896362,0.25112539529800415,0.14085401594638824,0.151669442653656,0.09492423385381699,0.13076330721378326,0.10694515705108643,0.14052033424377441,0.12661369144916534,0.1618587225675583,0.17997464537620544,0.23092135787010193,0.16010403633117676,0.09255707263946533,0.14690148830413818,0.10680700838565826,0.33577850461006165,0.1257505863904953,0.15248864889144897,0.17704980075359344,0.1752636879682541,0.27032703161239624,0.13865630328655243,0.13063403964042664,0.1559464931488037,0.11805027723312378,0.14179494976997375,0.15562620759010315,0.1369820535182953,0.13388265669345856,0.13218560814857483,0.1329135149717331,0.29519423842430115,0.14985422790050507,0.23483407497406006,0.16933372616767883,0.18778297305107117,0.16826295852661133,0.22888916730880737
40,0.9379579424858093,0.15338653326034546,0.11741457134485245,0.0944686159491539,0.1278574913740158,0.15563346445560455,0.16820091009140015,0.17837092280387878,0.15650150179862976,0.18281768262386322,0.12108913064002991,0.13602399826049805,0.1280902773141861,0.1452849954366684,0.14476165175437927,0.17625659704208374,0.1895190179347992,0.20261529088020325,0.1652238517999649,0.08955983817577362,0.13629533350467682,0.10029247403144836,0.3542092442512512,0.12747758626937866,0.17239674925804138,0.20136511325836182,0.21637505292892456,0.26678526401519775,0.1567969024181366,0.14044979214668274,0.16316574811935425,0.11836869269609451,0.13809296488761902,0.14249899983406067,0.13262192904949188,0.13595305383205414,0.1357436627149582,0.1381661295890808,0.2015153169631958,0.15135033428668976,0.21291641891002655,0.1597883254289627,0.2037176489830017,0.15894941985607147,0.22960183024406433
41,1.0128132104873657,0.14352300763130188,0.12562501430511475,0.11995546519756317,0.114482082426548,0.13035821914672852,0.19229604303836823,0.20235344767570496,0.13388338685035706,0.17305558919906616,0.14303356409072876,0.14322371780872345,0.14360544085502625,0.15224698185920715,0.16869929432868958,0.1742365062236786,0.19231368601322174,0.24654313921928406,0.17145997285842896,0.10127957165241241,0.12452792376279831,0.11910060793161392,0.3071238696575165,0.1476108282804489,0.15153050422668457,0.2237308919429779,0.1806153655052185,0.27448636293411255,0.16393694281578064,0.14399369060993195,0.14053186774253845,0.1198892742395401,0.14961323142051697,0.13214965164661407,0.13428741693496704,0.12882700562477112,0.12298329174518585,0.12777093052864075,0.2285701483488083,0.16256603598594666,0.22474972903728485,0.16997981071472168,0.17630155384540558,0.14266011118888855,0.2027294933795929
42,0.7648081183433533,0.1409071981906891,0.1484709233045578,0.12395460903644562,0.1144929751753807,0.12491144239902496,0.1838241070508957,0.19846433401107788,0.14045841991901398,0.16574761271476746,0.1452265828847885,0.16089724004268646,0.15043406188488007,0.1757633239030838,0.176597461104393,0.18418888747692108,0.18547669053077698,0.2106601893901825,0.16846202313899994,0.13196498155593872,0.14204029738903046,0.13528425991535187,0.31221622228622437,0.15441225469112396,0.16426876187324524,0.20294475555419922,0.20001590251922607,0.24072904884815216,0.16076156497001648,0.13988390564918518,0.136470764875412,0.12836268544197083,0.14145150780677795,0.15298992395401,0.13979606330394745,0.14009146392345428,0.13813118636608124,0.14452709257602692,0.18933475017547607,0.17881402373313904,0.19884012639522552,0.1680254489183426,0.18554982542991638,0.17094455659389496,0.21105125546455383
43,0.7341157793998718,0.1356274038553238,0.1293506622314453,0.11670675873756409,0.12338212132453918,0.14445903897285461,0.23741306364536285,0.24500373005867004,0.15938466787338257,0.17435437440872192,0.13830026984214783,0.15643830597400665,0.1469152420759201,0.16752272844314575,0.1623011976480484,0.18350304663181305,0.19165031611919403,0.2358378767967224,0.19589704275131226,0.11940181255340576,0.15245355665683746,0.1206817477941513,0.3142368197441101,0.13759547472000122,0.1701127588748932,0.18878693878650665,0.20442812144756317,0.23238389194011688,0.15298429131507874,0.1363586187362671,0.15326911211013794,0.13012665510177612,0.13525992631912231,0.13520561158657074,0.1320871114730835,0.13494937121868134,0.12961967289447784,0.13350705802440643,0.2004147619009018,0.1586441844701767,0.178720161318779,0.15811686217784882,0.18877044320106506,0.16034595668315887,0.22550199925899506
44,1.0115841627120972,0.14552883803844452,0.1287507712841034,0.11431898921728134,0.11136330664157867,0.12777620553970337,0.21732217073440552,0.23592786490917206,0.1515931636095047,0.1670379638671875,0.1245916411280632,0.12631270289421082,0.12744712829589844,0.13977056741714478,0.14143072068691254,0.17161326110363007,0.20071110129356384,0.21987542510032654,0.214692622423172,0.11960015445947647,0.13479848206043243,0.11087560653686523,0.2517053484916687,0.1228594109416008,0.16978496313095093,0.18871042132377625,0.2059839963912964,0.2648753821849823,0.15346120297908783,0.1358228176832199,0.14097189903259277,0.13675090670585632,0.12900228798389435,0.1637195646762848,0.12322771549224854,0.12104137241840363,0.10708389431238174,0.11227281391620636,0.2194884866476059,0.158956378698349,0.20237551629543304,0.15445296466350555,0.18693433701992035,0.18329094350337982,0.204616516828537
sum,31.241117477416992,7.582353115081787,6.547255516052246,5.669687271118164,6.2764153480529785,6.502707481384277,10.652585983276367,11.233283996582031,7.500452995300293,7.7204132080078125,6.127756595611572,6.89221715927124,6.443840980529785,7.403927326202393,6.990955829620361,7.657582759857178,8.81189250946045,10.585672378540039,8.646925926208496,5.618213653564453,6.775225639343262,6.019025802612305,13.345412254333496,6.777947902679443,7.902109146118164,8.559507369995117,8.429210662841797,11.054326057434082,7.177743911743164,6.645895481109619,6.99615478515625,6.240363121032715,6.5473151206970215,7.03045129776001,6.444153785705566,6.221412658691406,5.910898208618164,5.914297103881836,9.914443016052246,6.480494976043701,8.990560531616211,6.821954250335693,7.698487758636475,7.307785511016846,8.494441986083984
posi,1.0,2.0,3.0,4.0,5.0,6.0,7.0,8.0,9.0,10.0,11.0,12.0,13.0,14.0,15.0,16.0,17.0,18.0,19.0,20.0,21.0,22.0,23.0,24.0,25.0,26.0,27.0,28.0,29.0,30.0,31.0,32.0,33.0,34.0,35.0,36.0,37.0,38.0,39.0,40.0,41.0,42.0,43.0,44.0,45.0
contrib,0.08540377545478563,0.020727862354073496,0.017898218280515354,0.0154992118624262,0.01715782309751122,0.017776437414242393,0.02912095132276143,0.0307084042290554,0.020503972173301476,0.021105276932282622,0.016751434986648286,0.01884123918043307,0.017615514187843077,0.02024010015991338,0.01911116087056775,0.020933517471710857,0.02408905154412837,0.028938029745839523,0.023638082751357842,0.015358498545158328,0.018521419714779653,0.016454197852379875,0.036482324690994904,0.018528861560189316,0.02160197872634105,0.02339910683281633,0.0230429150055469,0.030219187296854095,0.01962178304772826,0.018167870140206908,0.01912537324410104,0.017059267202277663,0.017898381221604198,0.01921912954662162,0.01761636930267733,0.0170074623642551,0.01615860968193056,0.016167901234580777,0.027103091485580273,0.0177157151363096,0.024577475930873543,0.01864916161784687,0.0210453393786337,0.01997727748713744,0.023221237733177285
