,M,T,T,R,K,S,A,E,A,I,T,Y,P,I,F,T,V,R,W,L,S,I,H,A,L,A,V,P,T,I,F,F,L,G,S,I,T,A,M,Q,F,I,Q,R
0,0.2236180305480957,0.1934698075056076,0.18953976035118103,0.1885884553194046,0.1681971549987793,0.1600038856267929,0.19023773074150085,0.20564119517803192,0.199176624417305,0.2072053998708725,0.21352927386760712,0.19844427704811096,0.19433312118053436,0.1941433548927307,0.20668336749076843,0.17836961150169373,0.1557723581790924,0.19317829608917236,0.23471786081790924,0.22083601355552673,0.17165543138980865,0.19505636394023895,0.1853133589029312,0.1797647327184677,0.2045181691646576,0.18087077140808105,0.16713830828666687,0.17562609910964966,0.17409288883209229,0.17551641166210175,0.18853998184204102,0.18505336344242096,0.18165315687656403,0.16723118722438812,0.13906730711460114,0.15533117949962616,0.15670238435268402,0.1472388356924057,0.16373591125011444,0.1520019918680191,0.15812218189239502,0.1616598516702652,0.17462477087974548,0.182174414396286
1,0.560438871383667,0.15621665120124817,0.1536119133234024,0.21453642845153809,0.1959838569164276,0.18262825906276703,0.18491901457309723,0.2910522222518921,0.2122681885957718,0.20582446455955505,0.18938754498958588,0.1939234435558319,0.2291218787431717,0.1848195493221283,0.3067234754562378,0.1788179874420166,0.19175267219543457,0.2028602659702301,0.2486700564622879,0.15523254871368408,0.18929186463356018,0.16986742615699768,0.211592897772789,0.1959419995546341,0.20170465111732483,0.18397141993045807,0.19879841804504395,0.20517244935035706,0.14775356650352478,0.14739075303077698,0.19231165945529938,0.18029697239398956,0.12054847180843353,0.15590521693229675,0.15263433754444122,0.12355168163776398,0.10862664133310318,0.10984717309474945,0.21415871381759644,0.1094236969947815,0.1785288006067276,0.12981301546096802,0.1332712322473526,0.13851943612098694
2,0.5937015414237976,0.1623639315366745,0.15959970653057098,0.21910370886325836,0.2011057287454605,0.18417735397815704,0.177823007106781,0.2808435261249542,0.2007279098033905,0.19713130593299866,0.18500874936580658,0.19125348329544067,0.21597911417484283,0.17862695455551147,0.29009196162223816,0.17466436326503754,0.18758325278759003,0.19155003130435944,0.23944437503814697,0.15255554020404816,0.18467460572719574,0.16525107622146606,0.20615816116333008,0.18706785142421722,0.19957335293293,0.17815661430358887,0.20239348709583282,0.20664586126804352,0.15061458945274353,0.15243414044380188,0.19101542234420776,0.17801544070243835,0.12426841259002686,0.16424359381198883,0.16606856882572174,0.13395649194717407,0.11271063983440399,0.114085853099823,0.22079546749591827,0.11426081508398056,0.17906895279884338,0.13505098223686218,0.13842745125293732,0.13811281323432922
3,1.0704443454742432,0.1615247130393982,0.14623846113681793,0.14804837107658386,0.1389523297548294,0.13855543732643127,0.1442810744047165,0.22359398007392883,0.16124722361564636,0.15135444700717926,0.16286328434944153,0.16076098382472992,0.1706106960773468,0.15968328714370728,0.2248726636171341,0.1653502881526947,0.15767279267311096,0.14839400351047516,0.18368583917617798,0.14502739906311035,0.18932603299617767,0.1816110759973526,0.19346389174461365,0.17160280048847198,0.16637633740901947,0.1474229395389557,0.16864298284053802,0.1537417769432068,0.1392911672592163,0.16501052677631378,0.2016960084438324,0.19973361492156982,0.1483256220817566,0.21419189870357513,0.18833394348621368,0.15540385246276855,0.10793410986661911,0.12974223494529724,0.23079341650009155,0.12490996718406677,0.20192532241344452,0.16714128851890564,0.14782078564167023,0.14627289772033691
4,0.764854907989502,0.1926824301481247,0.17728200554847717,0.1603410840034485,0.15266303718090057,0.18732158839702606,0.14660950005054474,0.24220623075962067,0.15904997289180756,0.1662161648273468,0.19370347261428833,0.17297719419002533,0.1969396322965622,0.18071500957012177,0.2642323076725006,0.21109938621520996,0.16967402398586273,0.14161086082458496,0.1869659125804901,0.1293618083000183,0.17371447384357452,0.15100319683551788,0.18496103584766388,0.16318775713443756,0.17606422305107117,0.15611374378204346,0.19745780527591705,0.1871882528066635,0.16011816263198853,0.1553715467453003,0.19185148179531097,0.18545746803283691,0.1374145746231079,0.20386049151420593,0.18549570441246033,0.14274299144744873,0.12332721799612045,0.12261935323476791,0.24142619967460632,0.13316427171230316,0.19231842458248138,0.15104985237121582,0.14558948576450348,0.13819439709186554
5,0.8187867403030396,0.18229958415031433,0.16196274757385254,0.13434138894081116,0.1316266804933548,0.16234168410301208,0.12492112070322037,0.23821544647216797,0.1420268565416336,0.14883793890476227,0.18087881803512573,0.15372318029403687,0.16408385336399078,0.17372064292430878,0.2616315484046936,0.228122740983963,0.16708076000213623,0.13694700598716736,0.17121249437332153,0.13916167616844177,0.1770157814025879,0.13405545055866241,0.17955484986305237,0.14538846909999847,0.18395785987377167,0.15171842277050018,0.19587889313697815,0.16596630215644836,0.16707353293895721,0.14831854403018951,0.19140169024467468,0.18674200773239136,0.157619908452034,0.20193159580230713,0.21581703424453735,0.13673202693462372,0.12927253544330597,0.1239134818315506,0.25319546461105347,0.14971937239170074,0.22136721014976501,0.1542944759130478,0.15466013550758362,0.14638608694076538
6,0.48531094193458557,0.17175200581550598,0.15946413576602936,0.1426967829465866,0.14014779031276703,0.14950403571128845,0.13422058522701263,0.280729740858078,0.14218944311141968,0.17878654599189758,0.18625950813293457,0.18539349734783173,0.19232311844825745,0.22633907198905945,0.2769148349761963,0.24788299202919006,0.1715099811553955,0.15047398209571838,0.18785589933395386,0.14869357645511627,0.18423505127429962,0.1736239641904831,0.1841820925474167,0.14888837933540344,0.17869803309440613,0.15632526576519012,0.2098923921585083,0.16968925297260284,0.16315585374832153,0.1641657054424286,0.17856505513191223,0.17734844982624054,0.1571444422006607,0.20776662230491638,0.1907399594783783,0.1523849219083786,0.13638755679130554,0.13156205415725708,0.25839585065841675,0.16648374497890472,0.18148450553417206,0.15927477180957794,0.15980906784534454,0.1325112283229828
7,0.6839490532875061,0.21277180314064026,0.18471351265907288,0.14287684857845306,0.13694849610328674,0.14589765667915344,0.1307552009820938,0.27056998014450073,0.14295850694179535,0.16410382091999054,0.17836789786815643,0.18474014103412628,0.20993992686271667,0.19891270995140076,0.2538723349571228,0.18660244345664978,0.1491689831018448,0.13527947664260864,0.17243005335330963,0.13573642075061798,0.17624925076961517,0.18043847382068634,0.1757282018661499,0.16312238574028015,0.17644992470741272,0.16020865738391876,0.18509763479232788,0.17702198028564453,0.1457686722278595,0.15161006152629852,0.1688641756772995,0.17750220000743866,0.15722447633743286,0.23052933812141418,0.21786431968212128,0.16965356469154358,0.14484915137290955,0.1450229436159134,0.23524294793605804,0.1479211449623108,0.18109844624996185,0.16080157458782196,0.15725627541542053,0.14271679520606995
8,0.5528119206428528,0.1718224436044693,0.15759000182151794,0.1326141059398651,0.13258375227451324,0.13360440731048584,0.14375466108322144,0.3036527931690216,0.15377560257911682,0.17931750416755676,0.18289600312709808,0.19242048263549805,0.19185344874858856,0.21921512484550476,0.2730714678764343,0.24265366792678833,0.16682367026805878,0.15467172861099243,0.2064211070537567,0.15812994539737701,0.18063297867774963,0.17860278487205505,0.1780698001384735,0.1601462960243225,0.18573801219463348,0.16327646374702454,0.21966135501861572,0.17561282217502594,0.16686908900737762,0.16385889053344727,0.1850598007440567,0.18349312245845795,0.16538819670677185,0.197770893573761,0.1825798749923706,0.1503729671239853,0.1371639370918274,0.13418637216091156,0.25308606028556824,0.14962954819202423,0.15348654985427856,0.1347983032464981,0.13972431421279907,0.12148072570562363
9,0.5688387751579285,0.18423248827457428,0.16820260882377625,0.14221733808517456,0.1294829249382019,0.1711256206035614,0.16724714636802673,0.3009378910064697,0.17707622051239014,0.15398354828357697,0.18224218487739563,0.154782235622406,0.17582321166992188,0.17611560225486755,0.24952326714992523,0.2116013467311859,0.166952982544899,0.15215706825256348,0.18593481183052063,0.14334650337696075,0.19643132388591766,0.15745611488819122,0.18778850138187408,0.18768668174743652,0.18933139741420746,0.17867308855056763,0.20764081180095673,0.17009642720222473,0.17021843791007996,0.14931604266166687,0.1838787943124771,0.1789843589067459,0.1542091816663742,0.23747871816158295,0.23092925548553467,0.13651315867900848,0.13689571619033813,0.14948835968971252,0.2333640307188034,0.1430782973766327,0.16153313219547272,0.1256483942270279,0.1318008005619049,0.11883851140737534
10,0.6745278835296631,0.17318229377269745,0.1639167219400406,0.1874542087316513,0.15476948022842407,0.16959281265735626,0.16832442581653595,0.260817289352417,0.17095649242401123,0.16934169828891754,0.17892661690711975,0.15689444541931152,0.18883401155471802,0.17811347544193268,0.23660863935947418,0.21010644733905792,0.18604204058647156,0.1711229383945465,0.21240106225013733,0.1545366793870926,0.17939333617687225,0.15988533198833466,0.18258985877037048,0.1758398562669754,0.19365383684635162,0.18217644095420837,0.2326067090034485,0.20333604514598846,0.1729951798915863,0.15123170614242554,0.1661844402551651,0.15698584914207458,0.1425459086894989,0.18402095139026642,0.1927177459001541,0.14026179909706116,0.1363118588924408,0.13433800637722015,0.22028101980686188,0.13287712633609772,0.1601255089044571,0.13711369037628174,0.13952624797821045,0.13191628456115723
11,1.0523064136505127,0.18132857978343964,0.17029015719890594,0.18037161231040955,0.15260525047779083,0.1651657670736313,0.1511436402797699,0.23323145508766174,0.16998440027236938,0.1646704226732254,0.18226909637451172,0.14989802241325378,0.17546449601650238,0.17302289605140686,0.2470075488090515,0.2096216380596161,0.17069080471992493,0.1414758265018463,0.18439827859401703,0.13383004069328308,0.16960874199867249,0.1564851701259613,0.16853852570056915,0.15305325388908386,0.15602827072143555,0.13880378007888794,0.17781084775924683,0.15859735012054443,0.1567181944847107,0.1567007601261139,0.1614193469285965,0.1538596749305725,0.13875718414783478,0.23120629787445068,0.20598168671131134,0.15138663351535797,0.13284149765968323,0.13057485222816467,0.24272236227989197,0.13705125451087952,0.177958145737648,0.14508217573165894,0.1376272439956665,0.11954644322395325
12,0.8213630318641663,0.18000613152980804,0.17866551876068115,0.21504800021648407,0.15983226895332336,0.17955641448497772,0.18201413750648499,0.29683026671409607,0.20435313880443573,0.2114994376897812,0.1972321718931198,0.16493450105190277,0.21886131167411804,0.197673961520195,0.26666733622550964,0.1946372091770172,0.17514142394065857,0.16736935079097748,0.22599759697914124,0.14386537671089172,0.17008619010448456,0.1775692254304886,0.18140125274658203,0.17083877325057983,0.1606907993555069,0.1538519412279129,0.18006904423236847,0.1774040162563324,0.14959795773029327,0.1598474681377411,0.18552835285663605,0.17564894258975983,0.13168804347515106,0.19421282410621643,0.1681806892156601,0.13919948041439056,0.11589284241199493,0.11943332105875015,0.22617679834365845,0.1048477441072464,0.15218950808048248,0.13056239485740662,0.10335826128721237,0.10855764150619507
13,0.5034482479095459,0.18160854279994965,0.17198123037815094,0.14235904812812805,0.13563048839569092,0.1805471032857895,0.19123350083827972,0.30418527126312256,0.20680879056453705,0.16282880306243896,0.19730140268802643,0.14604336023330688,0.1719612032175064,0.16788479685783386,0.24467498064041138,0.21279317140579224,0.16870832443237305,0.14141212403774261,0.19008295238018036,0.13769064843654633,0.20145776867866516,0.15808086097240448,0.19385568797588348,0.20279593765735626,0.18335452675819397,0.19584745168685913,0.2001364380121231,0.16826581954956055,0.17673799395561218,0.141197070479393,0.17091414332389832,0.16477924585342407,0.13596519827842712,0.25470513105392456,0.24429747462272644,0.13063685595989227,0.1382654756307602,0.14293083548545837,0.22288748621940613,0.14774192869663239,0.18980772793293,0.13080839812755585,0.1374192237854004,0.11052016913890839
14,0.6624948382377625,0.19257290661334991,0.17892564833164215,0.12533129751682281,0.14449606835842133,0.15211205184459686,0.18707263469696045,0.30622658133506775,0.197173610329628,0.14460159838199615,0.186785489320755,0.14136239886283875,0.15826833248138428,0.1393774151802063,0.2049674093723297,0.17393642663955688,0.1522299200296402,0.12272036820650101,0.19034330546855927,0.15290619432926178,0.17585116624832153,0.14668509364128113,0.16671335697174072,0.18509089946746826,0.1810877025127411,0.20071537792682648,0.1952306032180786,0.1913246214389801,0.17605385184288025,0.14009509980678558,0.1792677491903305,0.1776457279920578,0.16172048449516296,0.2510089576244354,0.21876060962677002,0.13243038952350616,0.14918610453605652,0.15368682146072388,0.2629329562187195,0.16397635638713837,0.2001647651195526,0.1432139128446579,0.14936329424381256,0.12062977999448776
15,0.5388346314430237,0.15929746627807617,0.15821915864944458,0.15383575856685638,0.14500635862350464,0.14966516196727753,0.17643238604068756,0.3112696409225464,0.19250309467315674,0.17525824904441833,0.19813594222068787,0.1697550117969513,0.19075694680213928,0.17053993046283722,0.22799544036388397,0.1987687051296234,0.17729662358760834,0.14940734207630157,0.1974434107542038,0.14482851326465607,0.1770220696926117,0.16051341593265533,0.20209985971450806,0.2103135883808136,0.20556609332561493,0.20874935388565063,0.23831893503665924,0.1994994431734085,0.17074275016784668,0.1435006856918335,0.16828620433807373,0.16281168162822723,0.13795852661132812,0.1947464793920517,0.20323710143566132,0.13593992590904236,0.13547833263874054,0.1335415244102478,0.2388451099395752,0.14965049922466278,0.183163583278656,0.146989643573761,0.15404580533504486,0.1318652480840683
16,0.8713043332099915,0.15167923271656036,0.14061737060546875,0.11459452658891678,0.10942212492227554,0.12601645290851593,0.15566515922546387,0.23510918021202087,0.1823291927576065,0.12886756658554077,0.16515418887138367,0.14780472218990326,0.1547037959098816,0.1413331776857376,0.20834358036518097,0.18536432087421417,0.15713071823120117,0.12960222363471985,0.16172641515731812,0.14655816555023193,0.1738177388906479,0.13569408655166626,0.17027607560157776,0.19570830464363098,0.17871689796447754,0.20967397093772888,0.207098588347435,0.1697901338338852,0.1669922173023224,0.1361505389213562,0.19228120148181915,0.19580082595348358,0.16457076370716095,0.2079060673713684,0.1847536414861679,0.12687940895557404,0.13490284979343414,0.1572744995355606,0.2600250840187073,0.14624524116516113,0.24409206211566925,0.15331178903579712,0.14326345920562744,0.15464317798614502
17,0.8416038155555725,0.1541704535484314,0.1383964568376541,0.118411123752594,0.1259247213602066,0.12000848352909088,0.158357635140419,0.28061121702194214,0.17780931293964386,0.12644414603710175,0.17365281283855438,0.1537526249885559,0.15054714679718018,0.15164057910442352,0.19134916365146637,0.2043095827102661,0.1575782746076584,0.12714438140392303,0.14273399114608765,0.13367244601249695,0.1865725964307785,0.15435431897640228,0.18274730443954468,0.19924232363700867,0.16478531062602997,0.18094518780708313,0.19849658012390137,0.13496644794940948,0.15094764530658722,0.13410398364067078,0.16435937583446503,0.16842877864837646,0.14867274463176727,0.2263239324092865,0.1896694302558899,0.12611517310142517,0.11991924047470093,0.15045985579490662,0.2740000784397125,0.1577625423669815,0.23979449272155762,0.17152968049049377,0.15673483908176422,0.1631098985671997
18,0.3046945631504059,0.19648343324661255,0.1826392114162445,0.17362794280052185,0.18001845479011536,0.1676299124956131,0.17613282799720764,0.26746422052383423,0.19028347730636597,0.16543427109718323,0.19481690227985382,0.1849653422832489,0.20377054810523987,0.19637784361839294,0.23743751645088196,0.23281827569007874,0.17382533848285675,0.1532171368598938,0.16507649421691895,0.152632474899292,0.16069595515727997,0.15368399024009705,0.17421938478946686,0.17968392372131348,0.1774374395608902,0.18139684200286865,0.1805189698934555,0.1780003309249878,0.1712290495634079,0.15107616782188416,0.174988254904747,0.1778135448694229,0.1679811179637909,0.21437743306159973,0.17448578774929047,0.13487178087234497,0.14303632080554962,0.14851175248622894,0.1961774379014969,0.15791550278663635,0.1853133589029312,0.15361519157886505,0.14552909135818481,0.14433734118938446
19,0.37068045139312744,0.16498848795890808,0.15557768940925598,0.16255125403404236,0.1904352307319641,0.1441442221403122,0.1587314009666443,0.2757689952850342,0.1830940991640091,0.15283185243606567,0.1743651032447815,0.17289309203624725,0.16635504364967346,0.17801031470298767,0.23411238193511963,0.21777445077896118,0.171868234872818,0.15892761945724487,0.15695469081401825,0.13144981861114502,0.17823731899261475,0.15345022082328796,0.18796364963054657,0.19413135945796967,0.16825412213802338,0.20078130066394806,0.22697430849075317,0.17254158854484558,0.16652065515518188,0.1401333510875702,0.1668572723865509,0.16979588568210602,0.14743566513061523,0.21918150782585144,0.167125403881073,0.12357690930366516,0.12629209458827972,0.1380757987499237,0.1978255659341812,0.17180408537387848,0.209756538271904,0.16189996898174286,0.16663458943367004,0.19216221570968628
20,0.6262337565422058,0.18538229167461395,0.16450977325439453,0.13003629446029663,0.15494628250598907,0.15319207310676575,0.16360631585121155,0.2530677616596222,0.17792725563049316,0.1395527720451355,0.18225929141044617,0.14877337217330933,0.1532120406627655,0.15005993843078613,0.22401756048202515,0.21493564546108246,0.15616445243358612,0.11893695592880249,0.1623653769493103,0.12396492063999176,0.15513329207897186,0.11456072330474854,0.14461533725261688,0.16403090953826904,0.17755676805973053,0.1826602667570114,0.22277523577213287,0.16568124294281006,0.19231398403644562,0.14323736727237701,0.19677673280239105,0.19276010990142822,0.16600917279720306,0.20445680618286133,0.20565053820610046,0.11828367412090302,0.13329707086086273,0.13243480026721954,0.25411659479141235,0.15065781772136688,0.20924952626228333,0.13744564354419708,0.14641103148460388,0.14817161858081818
21,0.4700295627117157,0.19589237868785858,0.17349936068058014,0.13343673944473267,0.1444072425365448,0.1812043935060501,0.186663419008255,0.27551138401031494,0.19375477731227875,0.13639703392982483,0.17755329608917236,0.14644208550453186,0.15332917869091034,0.1457677185535431,0.2004537582397461,0.1925562471151352,0.1514429897069931,0.11593611538410187,0.16031017899513245,0.1170923113822937,0.17466209828853607,0.1272142082452774,0.16321544349193573,0.18176063895225525,0.1730962097644806,0.19236992299556732,0.21841439604759216,0.16116085648536682,0.18245431780815125,0.14466309547424316,0.1878272444009781,0.18363770842552185,0.15744079649448395,0.2476118952035904,0.2539035975933075,0.1343165934085846,0.14020903408527374,0.15138393640518188,0.2511163353919983,0.16030988097190857,0.20327043533325195,0.1430138647556305,0.14618493616580963,0.1350591480731964
22,0.6891352534294128,0.20581001043319702,0.18381573259830475,0.1275426745414734,0.1351337730884552,0.16309146583080292,0.16139546036720276,0.22866903245449066,0.17074476182460785,0.13881853222846985,0.16968944668769836,0.13945645093917847,0.15578606724739075,0.1326601207256317,0.1893167644739151,0.17496022582054138,0.1395319700241089,0.11026325821876526,0.17312294244766235,0.12662777304649353,0.15696336328983307,0.12667801976203918,0.14153695106506348,0.15979915857315063,0.15903136134147644,0.17722707986831665,0.19169801473617554,0.18034927546977997,0.19836750626564026,0.15122361481189728,0.19733837246894836,0.1986306607723236,0.17181161046028137,0.20600168406963348,0.21131007373332977,0.14861831068992615,0.17158235609531403,0.17068499326705933,0.2637645900249481,0.16397997736930847,0.22262461483478546,0.15968233346939087,0.1500621736049652,0.1455586701631546
23,0.731150209903717,0.1576516181230545,0.14161376655101776,0.11406970769166946,0.11968576163053513,0.12798231840133667,0.14488086104393005,0.25817638635635376,0.1566661298274994,0.14274081587791443,0.16488073766231537,0.15338045358657837,0.15386539697647095,0.1648429036140442,0.21393826603889465,0.2008078247308731,0.15229445695877075,0.11469411104917526,0.16845889389514923,0.1344384104013443,0.1684209108352661,0.13720592856407166,0.15296919643878937,0.14736153185367584,0.16713538765907288,0.1664690375328064,0.25065869092941284,0.16655340790748596,0.1835348904132843,0.15133486688137054,0.17870411276817322,0.18225927650928497,0.1748678833246231,0.190543532371521,0.21352672576904297,0.14361950755119324,0.1445167511701584,0.14639849960803986,0.2740151584148407,0.160840705037117,0.21545496582984924,0.16738738119602203,0.15700587630271912,0.16138513386249542
24,0.6953097581863403,0.15995419025421143,0.14362579584121704,0.12455115467309952,0.14130955934524536,0.12360629439353943,0.13660304248332977,0.2474099099636078,0.16692931950092316,0.1351085603237152,0.14682219922542572,0.1597031205892563,0.16014324128627777,0.15991319715976715,0.21060673892498016,0.17521068453788757,0.16307620704174042,0.1405036300420761,0.1571611762046814,0.13840502500534058,0.18663276731967926,0.14250151813030243,0.17857585847377777,0.1656823307275772,0.15851028263568878,0.1868745982646942,0.22711233794689178,0.18298421800136566,0.16602692008018494,0.13446366786956787,0.15767717361450195,0.16332483291625977,0.16346505284309387,0.2137901782989502,0.1932661086320877,0.13916578888893127,0.13738462328910828,0.1576377898454666,0.21710707247257233,0.15825606882572174,0.23998074233531952,0.18967440724372864,0.16555851697921753,0.21018749475479126
25,0.6921823024749756,0.15004651248455048,0.14036840200424194,0.11261852085590363,0.1233288049697876,0.12717896699905396,0.14668211340904236,0.2627880573272705,0.1692126989364624,0.15363115072250366,0.15865176916122437,0.1548558473587036,0.15752345323562622,0.17563983798027039,0.24959485232830048,0.21312713623046875,0.17085236310958862,0.12582193315029144,0.1720338612794876,0.14619341492652893,0.18510955572128296,0.14447347819805145,0.15525618195533752,0.1512179970741272,0.16179704666137695,0.1689465045928955,0.245724618434906,0.17468979954719543,0.18251636624336243,0.14502769708633423,0.1829443722963333,0.18195778131484985,0.1646074801683426,0.19173595309257507,0.19163911044597626,0.13381150364875793,0.13452473282814026,0.14315296709537506,0.256499320268631,0.15394598245620728,0.23592276871204376,0.1637832522392273,0.1456013023853302,0.16088981926441193
26,1.0354164838790894,0.14370428025722504,0.1343717873096466,0.10232111811637878,0.10492643713951111,0.11795078963041306,0.13946053385734558,0.17974461615085602,0.1670626401901245,0.11818807572126389,0.12831325829029083,0.1259872168302536,0.1481199562549591,0.1362437605857849,0.233551025390625,0.16740454733371735,0.16276273131370544,0.13330143690109253,0.17281094193458557,0.1496967226266861,0.17299525439739227,0.12344082444906235,0.1323641836643219,0.1583181917667389,0.1515589952468872,0.1939433217048645,0.20815923810005188,0.19824247062206268,0.1795908659696579,0.1362708956003189,0.21191975474357605,0.20961736142635345,0.17620854079723358,0.21926701068878174,0.18474876880645752,0.12179366499185562,0.13144007325172424,0.16391804814338684,0.22989152371883392,0.13574984669685364,0.28657111525535583,0.16231228411197662,0.12982888519763947,0.1616896390914917
27,1.0258221626281738,0.16174271702766418,0.16540487110614777,0.15539583563804626,0.13970190286636353,0.14584386348724365,0.15514464676380157,0.2649700343608856,0.18685230612754822,0.1724395453929901,0.1711842566728592,0.15995541214942932,0.20253561437129974,0.16860345005989075,0.26601162552833557,0.18144027888774872,0.1746191382408142,0.14698012173175812,0.20093081891536713,0.1417675018310547,0.16516146063804626,0.13911210000514984,0.14734689891338348,0.1577942669391632,0.15280313789844513,0.14927123486995697,0.20229890942573547,0.18697459995746613,0.16275957226753235,0.14814493060112,0.2120606154203415,0.2032356560230255,0.1494930386543274,0.17887750267982483,0.1752493977546692,0.13188186287879944,0.1144649088382721,0.1305236667394638,0.2519754469394684,0.11160339415073395,0.19655616581439972,0.1376824676990509,0.10875698924064636,0.12805591523647308
28,0.8938066959381104,0.15470096468925476,0.1507936418056488,0.13635879755020142,0.1419503092765808,0.15266531705856323,0.15271596610546112,0.2235506772994995,0.16255465149879456,0.13116540014743805,0.16395507752895355,0.13863125443458557,0.16205894947052002,0.14314492046833038,0.23481738567352295,0.21883100271224976,0.17892219126224518,0.1340610533952713,0.17204362154006958,0.13053083419799805,0.17229263484477997,0.1222662478685379,0.13972118496894836,0.1636187732219696,0.17207171022891998,0.18361103534698486,0.24372439086437225,0.19719943404197693,0.18570655584335327,0.13076353073120117,0.17319047451019287,0.16052690148353577,0.13736778497695923,0.17290154099464417,0.20490361750125885,0.127064511179924,0.13999861478805542,0.14554066956043243,0.255044162273407,0.14543676376342773,0.22727595269680023,0.15282315015792847,0.15505728125572205,0.1451578289270401
29,0.8471288681030273,0.16254010796546936,0.14977407455444336,0.11052437126636505,0.11566640436649323,0.16339513659477234,0.15068569779396057,0.23713469505310059,0.1650741845369339,0.11669743061065674,0.1713235080242157,0.1284363865852356,0.14744532108306885,0.14027322828769684,0.22646021842956543,0.2333282232284546,0.15721958875656128,0.11007069051265717,0.15189498662948608,0.11951894313097,0.19001904129981995,0.11830981075763702,0.14272551238536835,0.1650930643081665,0.16728363931179047,0.1794915497303009,0.2120690494775772,0.15650129318237305,0.18692967295646667,0.12936696410179138,0.17486505210399628,0.16491155326366425,0.14448395371437073,0.2098880112171173,0.2564069330692291,0.12799836695194244,0.14540018141269684,0.1555877923965454,0.26738241314888,0.15613043308258057,0.234009250998497,0.14414015412330627,0.14738553762435913,0.13034187257289886
30,1.0176167488098145,0.1646975874900818,0.15061838924884796,0.1017107367515564,0.12294327467679977,0.14391854405403137,0.15620574355125427,0.23684033751487732,0.16282768547534943,0.11314044892787933,0.15857280790805817,0.12107143551111221,0.1411839872598648,0.13512948155403137,0.19182677567005157,0.20705389976501465,0.14463062584400177,0.10324770212173462,0.15711209177970886,0.13356809318065643,0.1647694706916809,0.1073044165968895,0.11031047999858856,0.14591875672340393,0.16462741792201996,0.18615569174289703,0.1964319944381714,0.17111435532569885,0.18051746487617493,0.1292116641998291,0.17292420566082,0.17293000221252441,0.1672811657190323,0.20562028884887695,0.22612856328487396,0.12238830327987671,0.15510401129722595,0.16580595076084137,0.28378868103027344,0.16640564799308777,0.24520570039749146,0.16074340045452118,0.15135899186134338,0.14185884594917297
31,0.9320136308670044,0.17452695965766907,0.1555999517440796,0.09796061366796494,0.1199609637260437,0.14299964904785156,0.1683836281299591,0.260504812002182,0.17658625543117523,0.12071576714515686,0.16643215715885162,0.12965138256549835,0.1548168957233429,0.14304304122924805,0.20456531643867493,0.20187422633171082,0.1475796401500702,0.1036611869931221,0.16708248853683472,0.1395108997821808,0.16718125343322754,0.11218691617250443,0.11641216278076172,0.15520890057086945,0.17125146090984344,0.19070135056972504,0.18956276774406433,0.17088893055915833,0.17383870482444763,0.1273856908082962,0.17799775302410126,0.17796620726585388,0.17143143713474274,0.20072676241397858,0.21202978491783142,0.11854056268930435,0.14929528534412384,0.15698440372943878,0.27018773555755615,0.15814191102981567,0.23524393141269684,0.15349483489990234,0.14539822936058044,0.14097218215465546
32,0.6911211013793945,0.15279912948608398,0.14039257168769836,0.10957975685596466,0.12757965922355652,0.12736622989177704,0.14458589255809784,0.2833744287490845,0.17142800986766815,0.14112423360347748,0.17695456743240356,0.17872130870819092,0.1884995698928833,0.1843585968017578,0.29392141103744507,0.2182055413722992,0.17059223353862762,0.14292648434638977,0.1779307872056961,0.14322280883789062,0.18395309150218964,0.14550253748893738,0.16376343369483948,0.17922675609588623,0.17168031632900238,0.1895289570093155,0.19472630321979523,0.17133061587810516,0.16579876840114594,0.12293045222759247,0.1612873673439026,0.1605774462223053,0.1481550633907318,0.16656576097011566,0.16632378101348877,0.12310320138931274,0.13743753731250763,0.1378355473279953,0.21480052173137665,0.14785218238830566,0.2047438621520996,0.1500992327928543,0.16714967787265778,0.17182880640029907
33,0.793915331363678,0.13901519775390625,0.13240298628807068,0.10214562714099884,0.10603977739810944,0.12443958222866058,0.15771979093551636,0.24130883812904358,0.18036873638629913,0.1442481428384781,0.1691448986530304,0.1496542990207672,0.16792583465576172,0.18049933016300201,0.3137216866016388,0.22066007554531097,0.1560876965522766,0.12247908115386963,0.22910572588443756,0.14418715238571167,0.1643492728471756,0.14182370901107788,0.15540459752082825,0.17003384232521057,0.18626996874809265,0.1915128082036972,0.21051345765590668,0.17583923041820526,0.2009303867816925,0.14782622456550598,0.21374660730361938,0.21680282056331635,0.1670612096786499,0.16893088817596436,0.1512335240840912,0.12378522753715515,0.13422180712223053,0.12914946675300598,0.2831021249294281,0.11677532643079758,0.18659614026546478,0.1289856731891632,0.12475872784852982,0.14275315403938293
34,0.952362596988678,0.15033793449401855,0.14586825668811798,0.10449133813381195,0.10725545883178711,0.13196003437042236,0.14088290929794312,0.23903825879096985,0.16690601408481598,0.1364649087190628,0.18176116049289703,0.15211831033229828,0.17121395468711853,0.1573367714881897,0.2807708978652954,0.21598957479000092,0.1661023199558258,0.1156650260090828,0.1828417032957077,0.15045665204524994,0.16962626576423645,0.11667586863040924,0.1402093917131424,0.15464764833450317,0.18581897020339966,0.16649064421653748,0.2068740725517273,0.164649099111557,0.189236581325531,0.12821437418460846,0.194865420460701,0.184942364692688,0.17049331963062286,0.14247247576713562,0.1818714588880539,0.1179819405078888,0.12381406128406525,0.1231456995010376,0.2702590525150299,0.12764091789722443,0.19990503787994385,0.12541578710079193,0.13702775537967682,0.14934028685092926
35,0.6580599546432495,0.16201438009738922,0.1561063677072525,0.11910127848386765,0.11982491612434387,0.17280428111553192,0.17624084651470184,0.26195666193962097,0.19394993782043457,0.13885395228862762,0.1714096963405609,0.14208704233169556,0.15303488075733185,0.15237677097320557,0.25259149074554443,0.20720842480659485,0.1679951548576355,0.11861230432987213,0.17690087854862213,0.13701625168323517,0.19443883001804352,0.12756405770778656,0.16236324608325958,0.16928917169570923,0.1843942105770111,0.17701523005962372,0.22153884172439575,0.15743690729141235,0.18131162226200104,0.13265830278396606,0.18136009573936462,0.17042423784732819,0.15970122814178467,0.18735317885875702,0.21868465840816498,0.12810955941677094,0.13189411163330078,0.13920079171657562,0.2586546242237091,0.14803703129291534,0.21374040842056274,0.14060115814208984,0.14259323477745056,0.13777609169483185
36,0.6759166121482849,0.15701691806316376,0.15503156185150146,0.14293046295642853,0.1489393562078476,0.17069962620735168,0.16865013539791107,0.22550442814826965,0.17504462599754333,0.15523962676525116,0.16622450947761536,0.1396452635526657,0.15638765692710876,0.16927382349967957,0.2635096609592438,0.2199462354183197,0.1844850480556488,0.1287951022386551,0.18794620037078857,0.1348944753408432,0.1712651550769806,0.12812621891498566,0.15718717873096466,0.1557123214006424,0.1827954649925232,0.17738507688045502,0.24746589362621307,0.18772348761558533,0.17688558995723724,0.13261452317237854,0.16621369123458862,0.15645360946655273,0.14998455345630646,0.15789514780044556,0.1898648738861084,0.12964953482151031,0.1325419545173645,0.12979158759117126,0.2645964026451111,0.15511691570281982,0.23381777107715607,0.16587895154953003,0.15640774369239807,0.15761920809745789
37,0.6577023863792419,0.14946560561656952,0.14506754279136658,0.10787653177976608,0.1326051950454712,0.14923760294914246,0.148733451962471,0.22634410858154297,0.15710210800170898,0.1465713530778885,0.16432112455368042,0.13944849371910095,0.13667404651641846,0.18314044177532196,0.2872621715068817,0.2575192153453827,0.17279411852359772,0.1121671199798584,0.16307389736175537,0.13203616440296173,0.16838589310646057,0.13833452761173248,0.15409497916698456,0.13715526461601257,0.16846001148223877,0.15927281975746155,0.2337885946035385,0.1642976552248001,0.1892656683921814,0.14157356321811676,0.16898919641971588,0.1633194386959076,0.16436773538589478,0.173528254032135,0.18892104923725128,0.1351853460073471,0.14185400307178497,0.13293074071407318,0.2842366099357605,0.1746683567762375,0.24115747213363647,0.16184839606285095,0.163925439119339,0.14719758927822113
38,0.2651081681251526,0.19166621565818787,0.18248051404953003,0.12676535546779633,0.14087525010108948,0.1452355980873108,0.14963756501674652,0.1629858762025833,0.1471637785434723,0.147174671292305,0.18000023066997528,0.13822650909423828,0.12902028858661652,0.1766253113746643,0.19827738404273987,0.21252378821372986,0.14440202713012695,0.11904622614383698,0.16784977912902832,0.16078457236289978,0.14141777157783508,0.1516743004322052,0.15791983902454376,0.13595212996006012,0.18618172407150269,0.17593762278556824,0.19495666027069092,0.17017698287963867,0.22262731194496155,0.16948385536670685,0.16512051224708557,0.15683670341968536,0.1927928328514099,0.20184527337551117,0.1811419278383255,0.1660768836736679,0.1939455270767212,0.17454130947589874,0.22603020071983337,0.212056964635849,0.20551852881908417,0.1774519979953766,0.2046625018119812,0.17397528886795044
39,0.9935079216957092,0.16779211163520813,0.15209203958511353,0.12320160120725632,0.12118274718523026,0.1403273046016693,0.1231984794139862,0.23005911707878113,0.14717669785022736,0.13200309872627258,0.15528066456317902,0.1350398063659668,0.145828515291214,0.1552545726299286,0.29767608642578125,0.21133406460285187,0.15860681235790253,0.11341837048530579,0.1553075611591339,0.10187782347202301,0.15234507620334625,0.12655040621757507,0.1749148815870285,0.15042507648468018,0.15870988368988037,0.1597619354724884,0.21891264617443085,0.17453104257583618,0.17913851141929626,0.13228993117809296,0.1702393740415573,0.16435714066028595,0.1523207426071167,0.2355927973985672,0.17904692888259888,0.12494350224733353,0.12726174294948578,0.12351138144731522,0.2687060832977295,0.1661616861820221,0.2642597258090973,0.16282255947589874,0.16887526214122772,0.14845691621303558
40,1.021713137626648,0.15685221552848816,0.14560721814632416,0.09050716459751129,0.11199813336133957,0.13763859868049622,0.14605221152305603,0.24675187468528748,0.15832044184207916,0.11259668320417404,0.1406128704547882,0.11401234567165375,0.12348109483718872,0.11609219014644623,0.18804772198200226,0.16602765023708344,0.14385832846164703,0.09449824690818787,0.1364206224679947,0.12162361294031143,0.1480407565832138,0.10081250965595245,0.1339370757341385,0.14018164575099945,0.16966788470745087,0.18720075488090515,0.22482484579086304,0.18891878426074982,0.19162845611572266,0.12971314787864685,0.18203726410865784,0.18072791397571564,0.18181243538856506,0.2115635871887207,0.20777864754199982,0.12682949006557465,0.15561504662036896,0.1636534184217453,0.34132522344589233,0.18696558475494385,0.2691657543182373,0.16344130039215088,0.1574813276529312,0.13688616454601288
41,0.8374505043029785,0.15104788541793823,0.14165687561035156,0.1081106960773468,0.1069243922829628,0.1466452181339264,0.14636635780334473,0.2502383589744568,0.16332420706748962,0.12644660472869873,0.16213549673557281,0.1400858759880066,0.14506356418132782,0.1403212994337082,0.23118546605110168,0.20207375288009644,0.15384672582149506,0.10655392706394196,0.14672282338142395,0.11684679239988327,0.17117497324943542,0.1203322559595108,0.16880320012569427,0.16570337116718292,0.18102003633975983,0.18343862891197205,0.2311479151248932,0.16178181767463684,0.19188307225704193,0.13372796773910522,0.17778636515140533,0.17245900630950928,0.15895570814609528,0.20079320669174194,0.21754814684391022,0.1344575136899948,0.1488908976316452,0.15514680743217468,0.2962336838245392,0.16261619329452515,0.2441035807132721,0.15168046951293945,0.15370215475559235,0.1401003897190094
42,1.1401656866073608,0.1367398053407669,0.12964311242103577,0.13492396473884583,0.11072457581758499,0.12663717567920685,0.11446090787649155,0.2067863941192627,0.143349751830101,0.142229363322258,0.1590430736541748,0.14812985062599182,0.16032172739505768,0.16294364631175995,0.3020237684249878,0.2154029905796051,0.158668652176857,0.12418502569198608,0.17147468030452728,0.10968734323978424,0.147735133767128,0.1303638368844986,0.17040792107582092,0.14921726286411285,0.15533825755119324,0.15809592604637146,0.21459688246250153,0.17107054591178894,0.17510901391506195,0.1363210529088974,0.16928620636463165,0.16883648931980133,0.14133863151073456,0.19252902269363403,0.15899038314819336,0.12257485091686249,0.12282414734363556,0.12590183317661285,0.24122518301010132,0.15335921943187714,0.2666722536087036,0.17101091146469116,0.1690671741962433,0.177001953125
43,1.178148865699768,0.12430912256240845,0.11913937330245972,0.10604103654623032,0.10420958697795868,0.1125505343079567,0.13401338458061218,0.187362402677536,0.1523120403289795,0.12186712771654129,0.1449277102947235,0.140184223651886,0.1468149870634079,0.1463645100593567,0.23500266671180725,0.17957453429698944,0.15732036530971527,0.12214040011167526,0.1535695195198059,0.12532944977283478,0.1622380018234253,0.13181142508983612,0.15068574249744415,0.15675505995750427,0.15325352549552917,0.17136920988559723,0.1895168125629425,0.147147998213768,0.158231720328331,0.13221652805805206,0.17634478211402893,0.1795455664396286,0.14775635302066803,0.1933434009552002,0.16719119250774384,0.12977918982505798,0.1261330395936966,0.16236692667007446,0.25892898440361023,0.14915494620800018,0.2745664119720459,0.1871010959148407,0.1666935384273529,0.17317606508731842
sum,32.48503112792969,7.380158424377441,6.896917819976807,6.021149158477783,6.027951240539551,6.59816837310791,6.862847328186035,11.09903621673584,7.578431129455566,6.617954730987549,7.635230541229248,6.80042028427124,7.434817314147949,7.306174278259277,10.69593334197998,8.973292350769043,7.2083587646484375,5.9474873542785645,7.908969879150391,6.13932991027832,7.630281448364258,6.318193435668945,7.3119587898254395,7.349599361419678,7.692300796508789,7.76440954208374,9.187355995178223,7.6877312660217285,7.6400957107543945,6.3376922607421875,7.95477294921875,7.803237438201904,6.860300540924072,8.832432746887207,8.556099891662598,5.927900314331055,5.999648094177246,6.233761787414551,10.929056167602539,6.582329273223877,9.30691146850586,6.7121806144714355,6.5774407386779785,6.447936058044434
posi,1.0,2.0,3.0,4.0,5.0,6.0,7.0,8.0,9.0,10.0,11.0,12.0,13.0,14.0,15.0,16.0,17.0,18.0,19.0,20.0,21.0,22.0,23.0,24.0,25.0,26.0,27.0,28.0,29.0,30.0,31.0,32.0,33.0,34.0,35.0,36.0,37.0,38.0,39.0,40.0,41.0,42.0,43.0,44.0
contrib,0.09195751810783055,0.02089150074308698,0.019523559722664063,0.01704446366667086,0.01706371876856387,0.018677869978302664,0.019427114136589225,0.03141877315310425,0.021452764353877683,0.01873388052530936,0.021613550191395374,0.019250397789955423,0.021046227263927648,0.020682068945728962,0.03027768328439822,0.025401289922830073,0.020405176126120056,0.01683594434382246,0.022388442172399714,0.017379005707923553,0.021599540468118295,0.01788532647486896,0.020698443543770612,0.02080499518998376,0.021775102723471444,0.02197922570093845,0.026007253986077068,0.021762167452427577,0.021627322347344508,0.017940523083814563,0.022518099940884474,0.022089138384916312,0.019419904778074638,0.025002549360642678,0.024220315739316146,0.016780498019219638,0.0169835991872136,0.017646320244810217,0.03093759942774782,0.01863303319459568,0.026345687542139264,0.01900061194239106,0.01861919489774274,0.018252597464989504
