,M,T,V,C,E,G,T,R,F,S,V,L,S,R,I,S,P,A,R,V,R,V,V,K,E,R,R,M,R,A,S,A,L,S,V,E,E,W,Y,G,S,G,D,Y,Q,K,S,A
0,0.22241948544979095,0.20056305825710297,0.16657467186450958,0.20632770657539368,0.1853242665529251,0.19956697523593903,0.2085728943347931,0.22624456882476807,0.24692773818969727,0.18158844113349915,0.19032061100006104,0.2432689666748047,0.1713298261165619,0.20332035422325134,0.19667553901672363,0.14905215799808502,0.1796494722366333,0.182813823223114,0.20643478631973267,0.1847165822982788,0.20619387924671173,0.1730944812297821,0.17175795137882233,0.1794821321964264,0.21043093502521515,0.21449622511863708,0.2028927057981491,0.18039245903491974,0.18344484269618988,0.16917139291763306,0.1490475833415985,0.16778260469436646,0.1845155507326126,0.13863247632980347,0.14470088481903076,0.15763244032859802,0.15700414776802063,0.17468638718128204,0.15320289134979248,0.15943874418735504,0.1337810754776001,0.17110373079776764,0.16142506897449493,0.17600396275520325,0.18121685087680817,0.14760035276412964,0.13337653875350952,0.14605291187763214
1,0.4690605700016022,0.14736568927764893,0.16163629293441772,0.264992356300354,0.23314806818962097,0.28445959091186523,0.1643783450126648,0.19709496200084686,0.3427925407886505,0.21480271220207214,0.18883296847343445,0.1770622581243515,0.19324424862861633,0.1771364063024521,0.18451210856437683,0.1994333416223526,0.22137010097503662,0.183001309633255,0.17224863171577454,0.15263444185256958,0.16219304502010345,0.159810408949852,0.1738738864660263,0.19877010583877563,0.2721238136291504,0.19855141639709473,0.1946428120136261,0.31209859251976013,0.1755978763103485,0.1303727924823761,0.15134336054325104,0.1170111894607544,0.11320856213569641,0.1341593712568283,0.1263567954301834,0.17482829093933105,0.1656722128391266,0.12041570246219635,0.10114558041095734,0.16349247097969055,0.13929633796215057,0.17025502026081085,0.1827414333820343,0.12028476595878601,0.10961827635765076,0.12427855283021927,0.13543778657913208,0.12207397073507309
2,0.9770113825798035,0.1438242644071579,0.1509643942117691,0.18482600152492523,0.17185649275779724,0.21853823959827423,0.13249903917312622,0.1439058929681778,0.3022650480270386,0.18521715700626373,0.1551220715045929,0.16163504123687744,0.1747807264328003,0.14233846962451935,0.17359676957130432,0.19034399092197418,0.19088834524154663,0.16825513541698456,0.14412032067775726,0.1427190601825714,0.13871200382709503,0.1469317525625229,0.14966341853141785,0.14272460341453552,0.21310962736606598,0.16295737028121948,0.17518950998783112,0.2738877534866333,0.16429786384105682,0.1524563431739807,0.17280679941177368,0.1436823010444641,0.15041020512580872,0.16147691011428833,0.13470596075057983,0.17161047458648682,0.16068820655345917,0.1394394338130951,0.11456704139709473,0.19942829012870789,0.15444935858249664,0.19635719060897827,0.18255051970481873,0.1417478621006012,0.12027004361152649,0.12876145541667938,0.1601266711950302,0.14182624220848083
3,0.42607244849205017,0.20513521134853363,0.1702650934457779,0.2648014724254608,0.19587819278240204,0.23217520117759705,0.17907284200191498,0.17677325010299683,0.27274182438850403,0.20887364447116852,0.19242897629737854,0.20587781071662903,0.17985166609287262,0.17972001433372498,0.1699703186750412,0.17680180072784424,0.22046604752540588,0.175157368183136,0.1603143811225891,0.15199820697307587,0.16048847138881683,0.16331422328948975,0.17445442080497742,0.1764446347951889,0.2235318422317505,0.19324323534965515,0.1967826634645462,0.3344630300998688,0.19118665158748627,0.1706489622592926,0.1588677614927292,0.14016184210777283,0.14709332585334778,0.15512722730636597,0.14352376759052277,0.16767947375774384,0.15399636328220367,0.1501913219690323,0.12472940236330032,0.17594794929027557,0.1351933628320694,0.187587171792984,0.15929339826107025,0.14089597761631012,0.12627503275871277,0.11855938285589218,0.131585493683815,0.12780487537384033
4,0.7835866808891296,0.1883208304643631,0.16724826395511627,0.26463279128074646,0.21274608373641968,0.208919495344162,0.14248783886432648,0.1283366084098816,0.19398143887519836,0.19161446392536163,0.15795309841632843,0.15153570473194122,0.17866508662700653,0.14881965517997742,0.18190796673297882,0.1850898414850235,0.1794745773077011,0.13605867326259613,0.11353414505720139,0.12602630257606506,0.12185358256101608,0.14140725135803223,0.14985105395317078,0.1507745236158371,0.24757137894630432,0.14997529983520508,0.1515623927116394,0.27696317434310913,0.14141029119491577,0.11325851082801819,0.15905682742595673,0.11000675708055496,0.13195405900478363,0.1945180743932724,0.16418994963169098,0.21354301273822784,0.20500317215919495,0.1685073971748352,0.144150048494339,0.2152407169342041,0.1847490519285202,0.21589820086956024,0.1980668604373932,0.17169469594955444,0.1474788635969162,0.1434083878993988,0.18172776699066162,0.13427284359931946
5,0.532390296459198,0.15483501553535461,0.1478058099746704,0.2942540943622589,0.1868884563446045,0.20006170868873596,0.14018836617469788,0.14166764914989471,0.2378867268562317,0.17606446146965027,0.1418628692626953,0.13947397470474243,0.17358408868312836,0.1543624848127365,0.21145477890968323,0.21770170331001282,0.17657066881656647,0.14708323776721954,0.12354300916194916,0.12558525800704956,0.13060262799263,0.14497342705726624,0.15623976290225983,0.15916915237903595,0.2447715848684311,0.1893930435180664,0.18976493179798126,0.2949647605419159,0.16640987992286682,0.1448051631450653,0.16606979072093964,0.1412820667028427,0.14899872243404388,0.17661213874816895,0.14732997119426727,0.19077473878860474,0.18159088492393494,0.16681019961833954,0.1325172781944275,0.25088733434677124,0.17726922035217285,0.22517965734004974,0.19432301819324493,0.14047300815582275,0.13068397343158722,0.14785578846931458,0.1805890053510666,0.15649423003196716
6,0.37359705567359924,0.16008226573467255,0.1607251912355423,0.33516499400138855,0.24445262551307678,0.25084853172302246,0.16171211004257202,0.14978216588497162,0.19978061318397522,0.18466532230377197,0.15741735696792603,0.15627406537532806,0.2014147937297821,0.1645733267068863,0.1953802853822708,0.23665663599967957,0.20601795613765717,0.16163073480129242,0.1355343908071518,0.13344107568264008,0.12458767741918564,0.13923443853855133,0.15510211884975433,0.16738027334213257,0.2838501036167145,0.17801518738269806,0.17479544878005981,0.26541203260421753,0.1522381603717804,0.11933989822864532,0.1645665466785431,0.11580142378807068,0.1261543184518814,0.16870860755443573,0.1431477963924408,0.20421309769153595,0.19594313204288483,0.14329993724822998,0.12518000602722168,0.23283009231090546,0.199306458234787,0.22319592535495758,0.22656863927841187,0.13281698524951935,0.1407993733882904,0.13527917861938477,0.17540983855724335,0.13387489318847656
7,0.7949620485305786,0.17128083109855652,0.12895341217517853,0.2618566155433655,0.22251403331756592,0.24135276675224304,0.13095971941947937,0.10332851856946945,0.15509909391403198,0.14829915761947632,0.13490639626979828,0.1481611430644989,0.16664013266563416,0.1706930547952652,0.18889480829238892,0.19427426159381866,0.16254408657550812,0.14835527539253235,0.12079378217458725,0.1366104930639267,0.12691785395145416,0.1598738133907318,0.16822084784507751,0.15464405715465546,0.2659127712249756,0.13630114495754242,0.13358907401561737,0.2750738561153412,0.13717229664325714,0.12833653390407562,0.16871070861816406,0.13726936280727386,0.14541123807430267,0.18373656272888184,0.15913555026054382,0.2277052104473114,0.20779693126678467,0.1299280971288681,0.12810224294662476,0.2849859893321991,0.19004005193710327,0.241254523396492,0.1907312572002411,0.14005418121814728,0.1279187798500061,0.12697237730026245,0.16951358318328857,0.13902512192726135
8,0.5981510877609253,0.1984356790781021,0.1456698179244995,0.2900317311286926,0.23741194605827332,0.240303173661232,0.17404648661613464,0.12956486642360687,0.18988777697086334,0.15381835401058197,0.13251417875289917,0.16117975115776062,0.1616426706314087,0.14878308773040771,0.17614251375198364,0.17239221930503845,0.15943287312984467,0.15217794477939606,0.1217912808060646,0.13166314363479614,0.11846397072076797,0.13586990535259247,0.1413651704788208,0.1326979100704193,0.24263529479503632,0.15417656302452087,0.15753938257694244,0.2892184555530548,0.14564673602581024,0.15443404018878937,0.18908895552158356,0.16385990381240845,0.17820590734481812,0.20132103562355042,0.17316406965255737,0.20232325792312622,0.18697944283485413,0.17549630999565125,0.1521700769662857,0.28400856256484985,0.17106521129608154,0.21620500087738037,0.1605108678340912,0.133872389793396,0.14295466244220734,0.12238585203886032,0.15071514248847961,0.1380602866411209
9,0.854297399520874,0.16241008043289185,0.14107529819011688,0.2773400843143463,0.22098666429519653,0.17699292302131653,0.1399698108434677,0.10914497822523117,0.19384758174419403,0.16788873076438904,0.16153472661972046,0.20559412240982056,0.186163991689682,0.16295409202575684,0.17748957872390747,0.21028000116348267,0.18657559156417847,0.14942795038223267,0.11785273253917694,0.1325848400592804,0.116717129945755,0.14333324134349823,0.15288493037223816,0.14353561401367188,0.27280908823013306,0.15418925881385803,0.15807154774665833,0.31558769941329956,0.15108318626880646,0.1550721824169159,0.17173177003860474,0.14114224910736084,0.15893346071243286,0.18280614912509918,0.1624079942703247,0.20558899641036987,0.18802204728126526,0.1682562381029129,0.1146906390786171,0.17834478616714478,0.15086527168750763,0.15922215580940247,0.16567987203598022,0.1186981201171875,0.12535350024700165,0.12639188766479492,0.1574934720993042,0.1469176560640335
10,1.0207436084747314,0.15506993234157562,0.1497156322002411,0.2245725840330124,0.16649115085601807,0.18276968598365784,0.13938382267951965,0.11431951820850372,0.19621780514717102,0.16022802889347076,0.14605633914470673,0.1607593446969986,0.1653737723827362,0.1308617889881134,0.17127658426761627,0.18764819204807281,0.19007912278175354,0.16702045500278473,0.12748996913433075,0.14073458313941956,0.12126382440328598,0.14076833426952362,0.14366349577903748,0.12478787451982498,0.21411661803722382,0.15286263823509216,0.16637635231018066,0.28171074390411377,0.15283337235450745,0.17057925462722778,0.17892159521579742,0.16692620515823364,0.17075088620185852,0.18150794506072998,0.15655522048473358,0.18634308874607086,0.17534662783145905,0.16607189178466797,0.1409369260072708,0.20971474051475525,0.16544684767723083,0.17999207973480225,0.17164331674575806,0.1375463455915451,0.1264256089925766,0.12419527769088745,0.16117163002490997,0.15057429671287537
11,0.5820794701576233,0.16598042845726013,0.14910228550434113,0.28581905364990234,0.22295527160167694,0.22030839323997498,0.15105848014354706,0.1398250311613083,0.18677951395511627,0.16672497987747192,0.15398550033569336,0.16086983680725098,0.17717285454273224,0.173069566488266,0.20492173731327057,0.20552046597003937,0.18000614643096924,0.1713864654302597,0.14889007806777954,0.14585354924201965,0.14642171561717987,0.15277409553527832,0.15880466997623444,0.17868193984031677,0.2642456591129303,0.17752522230148315,0.18082290887832642,0.2611416280269623,0.152584046125412,0.1434442698955536,0.1498403698205948,0.1441338211297989,0.13838540017604828,0.15833397209644318,0.14234742522239685,0.20695464313030243,0.19172921776771545,0.14884375035762787,0.1408398598432541,0.20094217360019684,0.1614837348461151,0.18809393048286438,0.17615710198879242,0.1404346227645874,0.14632844924926758,0.15269294381141663,0.1607004702091217,0.15081572532653809
12,0.7935627698898315,0.16606895625591278,0.14276476204395294,0.29601943492889404,0.19565242528915405,0.22979137301445007,0.17470893263816833,0.12354958057403564,0.2326955497264862,0.18174825608730316,0.152155339717865,0.1800457388162613,0.19508019089698792,0.1469322293996811,0.17560328543186188,0.2299283742904663,0.18563312292099,0.1655791699886322,0.11181876063346863,0.12699134647846222,0.10994350165128708,0.13603422045707703,0.14430378377437592,0.1407262235879898,0.24156072735786438,0.14799833297729492,0.15721626579761505,0.31741127371788025,0.14304444193840027,0.15660063922405243,0.1731172800064087,0.14136573672294617,0.13844212889671326,0.18038882315158844,0.1462508887052536,0.18321757018566132,0.16985571384429932,0.1437431126832962,0.10419388860464096,0.2065405398607254,0.16496996581554413,0.19603484869003296,0.1773134171962738,0.10893554240465164,0.1232483759522438,0.12249117344617844,0.1708248257637024,0.1523129642009735
13,0.8586165904998779,0.1612909585237503,0.12596483528614044,0.2698211371898651,0.20931826531887054,0.3012261390686035,0.1666724532842636,0.11099060624837875,0.19973519444465637,0.14939644932746887,0.1319572627544403,0.14414511620998383,0.15226417779922485,0.13959111273288727,0.15581384301185608,0.17838597297668457,0.1519915908575058,0.16805905103683472,0.11571373045444489,0.13556808233261108,0.11960210651159286,0.15530942380428314,0.1629534512758255,0.14829429984092712,0.2702397406101227,0.1300126016139984,0.13031361997127533,0.2883510887622833,0.12942005693912506,0.14500702917575836,0.16192930936813354,0.14996203780174255,0.12839405238628387,0.17431454360485077,0.1540738046169281,0.21757934987545013,0.19858555495738983,0.11715200543403625,0.10982518643140793,0.30397069454193115,0.17588312923908234,0.2655317187309265,0.18809418380260468,0.12413067370653152,0.12258447706699371,0.12062110751867294,0.1621175855398178,0.1472257524728775
14,0.4395322799682617,0.15793588757514954,0.1420821249485016,0.30323904752731323,0.2560955584049225,0.32626181840896606,0.17869316041469574,0.12458279728889465,0.23159295320510864,0.1796494424343109,0.14542509615421295,0.16079935431480408,0.176859050989151,0.15031415224075317,0.1607280969619751,0.18832027912139893,0.16141553223133087,0.17164728045463562,0.11305739730596542,0.12459124624729156,0.11771584302186966,0.15194383263587952,0.16740916669368744,0.15655417740345,0.33062484860420227,0.1493791788816452,0.14479011297225952,0.3199314475059509,0.13195204734802246,0.15267662703990936,0.16134069859981537,0.14152435958385468,0.12167107313871384,0.1827753633260727,0.16182518005371094,0.23581703007221222,0.21464884281158447,0.13832469284534454,0.10783697664737701,0.28044384717941284,0.17478641867637634,0.2565513551235199,0.16226616501808167,0.10121788084506989,0.11867066472768784,0.11250028014183044,0.18458861112594604,0.14569374918937683
15,0.6967011094093323,0.15469051897525787,0.12967123091220856,0.2939869165420532,0.23472125828266144,0.197153240442276,0.1554672122001648,0.10942061245441437,0.21470358967781067,0.1714201271533966,0.15712448954582214,0.183083638548851,0.18527138233184814,0.14422756433486938,0.1547473967075348,0.19065827131271362,0.16009239852428436,0.1633620709180832,0.10313015431165695,0.1264582872390747,0.10565005242824554,0.14650589227676392,0.1592714786529541,0.14869271218776703,0.31683242321014404,0.15063941478729248,0.1535620242357254,0.3853822350502014,0.14162953197956085,0.15799908339977264,0.1597145050764084,0.13823585212230682,0.14108823239803314,0.17760714888572693,0.1668226569890976,0.22356916964054108,0.2058020830154419,0.1438998132944107,0.10916237533092499,0.19492371380329132,0.1747320145368576,0.1977843940258026,0.177776038646698,0.11802023649215698,0.1345629096031189,0.12697480618953705,0.1692885160446167,0.1585269421339035
16,0.6281097531318665,0.14934495091438293,0.15071022510528564,0.3412039577960968,0.2795848846435547,0.25048837065696716,0.1560680866241455,0.14159852266311646,0.2487221658229828,0.2058902084827423,0.18267685174942017,0.19406431913375854,0.1820622831583023,0.17822666466236115,0.188878133893013,0.18307986855506897,0.19506463408470154,0.15530449151992798,0.11976651102304459,0.12771578133106232,0.1244923323392868,0.14768482744693756,0.16031107306480408,0.1629514843225479,0.2843337655067444,0.16877254843711853,0.16649892926216125,0.37853172421455383,0.15796560049057007,0.1373329609632492,0.15304842591285706,0.12670114636421204,0.12917882204055786,0.15542443096637726,0.14193816483020782,0.22543561458587646,0.1988418996334076,0.13642187416553497,0.10647667199373245,0.17410987615585327,0.1506376713514328,0.17665457725524902,0.1499744951725006,0.10762104392051697,0.10572132468223572,0.10985127091407776,0.1404673010110855,0.13929681479930878
17,0.41347813606262207,0.13293908536434174,0.1563052088022232,0.30211812257766724,0.2467690110206604,0.19485579431056976,0.15493552386760712,0.12605732679367065,0.1936626434326172,0.15970148146152496,0.16026777029037476,0.16647028923034668,0.18642893433570862,0.1645428091287613,0.19658790528774261,0.19425389170646667,0.1605769395828247,0.16782909631729126,0.11561742424964905,0.13899603486061096,0.12067224830389023,0.1545325219631195,0.16245916485786438,0.16488315165042877,0.3036888539791107,0.17954343557357788,0.18053147196769714,0.34657642245292664,0.1473568230867386,0.1449614018201828,0.14751744270324707,0.13694030046463013,0.14491696655750275,0.15523295104503632,0.16085407137870789,0.22794802486896515,0.2118174433708191,0.1642356961965561,0.14828281104564667,0.21042805910110474,0.1797395795583725,0.19711685180664062,0.17806924879550934,0.1436690092086792,0.15370260179042816,0.14959517121315002,0.17996665835380554,0.15528863668441772
18,0.7145408391952515,0.15001839399337769,0.14272816479206085,0.23469077050685883,0.22101262211799622,0.23227541148662567,0.14792722463607788,0.11879368126392365,0.15676575899124146,0.1521073430776596,0.1408950239419937,0.13909074664115906,0.16448812186717987,0.1581985205411911,0.16711312532424927,0.1911119967699051,0.13973867893218994,0.1593930423259735,0.10814351588487625,0.13171948492527008,0.12084786593914032,0.1605369597673416,0.1693640947341919,0.15152592957019806,0.24930056929588318,0.16223473846912384,0.15937142074108124,0.2738073766231537,0.14095592498779297,0.15133808553218842,0.15568339824676514,0.15337686240673065,0.13513360917568207,0.16827324032783508,0.14371523261070251,0.2000044882297516,0.18651629984378815,0.12441124767065048,0.1345847249031067,0.27247029542922974,0.22859030961990356,0.2677128314971924,0.21051523089408875,0.14327259361743927,0.1330987513065338,0.1447983980178833,0.1928931176662445,0.17118136584758759
19,0.6644411683082581,0.15647295117378235,0.162782222032547,0.21071970462799072,0.17665506899356842,0.20305298268795013,0.15451671183109283,0.13196270167827606,0.20330746471881866,0.16746018826961517,0.14085796475410461,0.14027181267738342,0.17528396844863892,0.141096830368042,0.16647909581661224,0.20177555084228516,0.15626642107963562,0.1627468317747116,0.11402493715286255,0.12670458853244781,0.11239565908908844,0.13361889123916626,0.13872209191322327,0.1353750079870224,0.21601149439811707,0.1652188003063202,0.175313338637352,0.2798714339733124,0.15358524024486542,0.17269808053970337,0.17093364894390106,0.17768238484859467,0.16442672908306122,0.1730719357728958,0.14363807439804077,0.17572546005249023,0.16564804315567017,0.16199897229671478,0.14502069354057312,0.257819265127182,0.20733021199703217,0.2359376847743988,0.20448292791843414,0.14630858600139618,0.13515368103981018,0.15486004948616028,0.20517610013484955,0.17522992193698883
20,0.774740993976593,0.16964828968048096,0.14449821412563324,0.2261335700750351,0.2054678052663803,0.264807790517807,0.1510995775461197,0.11218047142028809,0.1758825182914734,0.14469076693058014,0.1332607865333557,0.13346023857593536,0.15302468836307526,0.1467902511358261,0.14769238233566284,0.1741279810667038,0.1316700279712677,0.14860615134239197,0.10191761702299118,0.12241609394550323,0.10995960235595703,0.14766114950180054,0.1550658792257309,0.15230537950992584,0.2387048453092575,0.15252746641635895,0.15298570692539215,0.26417165994644165,0.14215971529483795,0.16019320487976074,0.16246353089809418,0.17397019267082214,0.1434626579284668,0.177925705909729,0.14989358186721802,0.20715108513832092,0.19333812594413757,0.13944832980632782,0.12894557416439056,0.293013334274292,0.19710592925548553,0.2632041573524475,0.19472302496433258,0.14183050394058228,0.13516245782375336,0.15956571698188782,0.18900994956493378,0.16515477001667023
21,0.9107113480567932,0.1572287678718567,0.14896273612976074,0.19531935453414917,0.16529631614685059,0.1793489307165146,0.13783122599124908,0.10979029536247253,0.2006952166557312,0.1540728509426117,0.13435760140419006,0.14035539329051971,0.15775470435619354,0.11424192786216736,0.1367102861404419,0.17374783754348755,0.13909301161766052,0.14121949672698975,0.10283923149108887,0.11986352503299713,0.09705105423927307,0.12327463924884796,0.1275937855243683,0.12352092564105988,0.2226223349571228,0.15140831470489502,0.1644769161939621,0.27902406454086304,0.15013451874256134,0.1774892657995224,0.17960457503795624,0.19077469408512115,0.17330196499824524,0.19289398193359375,0.1597360074520111,0.19554923474788666,0.18556565046310425,0.1859246790409088,0.14570267498493195,0.25367796421051025,0.19975006580352783,0.22520387172698975,0.2040855586528778,0.15826354920864105,0.13904185593128204,0.16261446475982666,0.197890967130661,0.16745756566524506
22,0.9933168888092041,0.1517116278409958,0.14069965481758118,0.18901212513446808,0.15967929363250732,0.1545206904411316,0.12620455026626587,0.10112806409597397,0.1842723786830902,0.1497485339641571,0.1331496238708496,0.1412419080734253,0.1525987982749939,0.10632243752479553,0.12961909174919128,0.17072367668151855,0.13482478260993958,0.13197463750839233,0.10181814432144165,0.12136391550302505,0.09560415148735046,0.12264882028102875,0.12607833743095398,0.1130986213684082,0.22330784797668457,0.14781495928764343,0.163046196103096,0.27819204330444336,0.14853401482105255,0.17627428472042084,0.18286532163619995,0.1884276419878006,0.17752060294151306,0.20475643873214722,0.16774509847164154,0.20012132823467255,0.1906282603740692,0.1893734335899353,0.1516420543193817,0.24352683126926422,0.21998105943202972,0.22118017077445984,0.21754047274589539,0.1712123602628708,0.14152589440345764,0.16060438752174377,0.20027866959571838,0.1714223027229309
23,0.7586435079574585,0.18329545855522156,0.16480037569999695,0.2514207065105438,0.203262060880661,0.1894136369228363,0.1454731971025467,0.10063870996236801,0.18050070106983185,0.16442826390266418,0.1519423872232437,0.16486720740795135,0.1732776015996933,0.12240388989448547,0.14281079173088074,0.19274941086769104,0.16271236538887024,0.13686273992061615,0.09331831336021423,0.12105431407690048,0.09448475390672684,0.13384969532489777,0.14456695318222046,0.13013482093811035,0.2717514634132385,0.1532907634973526,0.16049227118492126,0.2976561486721039,0.14163945615291595,0.1522219181060791,0.16940376162528992,0.1477910429239273,0.15201951563358307,0.18484559655189514,0.15883077681064606,0.2091146856546402,0.20212715864181519,0.16942664980888367,0.13993589580059052,0.2251289188861847,0.21316777169704437,0.2143980711698532,0.21266472339630127,0.16023647785186768,0.14737485349178314,0.14967545866966248,0.1921788603067398,0.1674688458442688
24,0.7559990882873535,0.18984878063201904,0.16698504984378815,0.21445465087890625,0.19377322494983673,0.16039426624774933,0.13607488572597504,0.11714567989110947,0.1895897090435028,0.16170665621757507,0.15638047456741333,0.15298141539096832,0.15748558938503265,0.12266260385513306,0.14930671453475952,0.17241743206977844,0.147520512342453,0.1289425641298294,0.09864618629217148,0.13066837191581726,0.11173191666603088,0.14469651877880096,0.14561210572719574,0.1250748336315155,0.23843763768672943,0.14487063884735107,0.15569144487380981,0.2717406451702118,0.14010371267795563,0.14000122249126434,0.15929396450519562,0.14423461258411407,0.1578442007303238,0.21196360886096954,0.192528635263443,0.22068330645561218,0.20941700041294098,0.17319230735301971,0.16634589433670044,0.21749503910541534,0.23197433352470398,0.20982183516025543,0.21626268327236176,0.1972416192293167,0.1562040150165558,0.1602052003145218,0.21037286520004272,0.16986022889614105
25,0.9773169755935669,0.14474378526210785,0.12839430570602417,0.24038735032081604,0.17813518643379211,0.19582077860832214,0.12335813045501709,0.09551331400871277,0.1766103208065033,0.14060625433921814,0.13043300807476044,0.13672678172588348,0.15004916489124298,0.12043969333171844,0.14306771755218506,0.17637504637241364,0.12851086258888245,0.13703955709934235,0.10833869129419327,0.14628048241138458,0.12101326137781143,0.1637445092201233,0.16209249198436737,0.12316203117370605,0.2080981731414795,0.13730934262275696,0.14447705447673798,0.28784969449043274,0.13783004879951477,0.1615082174539566,0.15982119739055634,0.15909335017204285,0.1512269526720047,0.18482941389083862,0.16251589357852936,0.21010519564151764,0.19012059271335602,0.1295815110206604,0.13731297850608826,0.2751862108707428,0.2313515841960907,0.23766489326953888,0.2570026218891144,0.1579355001449585,0.12802278995513916,0.14751334488391876,0.19222228229045868,0.16872194409370422
26,1.0015836954116821,0.13879546523094177,0.12864264845848083,0.2540227770805359,0.18142884969711304,0.2061091959476471,0.12023419886827469,0.09293884038925171,0.18699678778648376,0.13998931646347046,0.1306358426809311,0.13581547141075134,0.1512511819601059,0.12467078119516373,0.1441696137189865,0.17793601751327515,0.1299106478691101,0.14262011647224426,0.11202289909124374,0.14816023409366608,0.11935272812843323,0.1614677459001541,0.159695103764534,0.12644217908382416,0.2082148790359497,0.13527266681194305,0.14048472046852112,0.29456889629364014,0.1342909187078476,0.16184327006340027,0.15750640630722046,0.1543162763118744,0.14930424094200134,0.17685173451900482,0.160914346575737,0.21183660626411438,0.19199463725090027,0.13505680859088898,0.13137683272361755,0.29671338200569153,0.20840239524841309,0.238712340593338,0.24271529912948608,0.14700140058994293,0.12837079167366028,0.15095192193984985,0.18443860113620758,0.1573036164045334
27,0.3540970981121063,0.1968107670545578,0.16558381915092468,0.2573953866958618,0.15553714334964752,0.17383402585983276,0.19183504581451416,0.13760332763195038,0.17095044255256653,0.15689580142498016,0.16207192838191986,0.18833866715431213,0.1732371300458908,0.15564057230949402,0.1648462414741516,0.15089145302772522,0.13913525640964508,0.16109952330589294,0.13922201097011566,0.16332700848579407,0.1354217380285263,0.14874593913555145,0.13615773618221283,0.13673017919063568,0.18355616927146912,0.1526634395122528,0.17240621149539948,0.23469048738479614,0.1743393838405609,0.19482733309268951,0.16935163736343384,0.16920296847820282,0.18985991179943085,0.1786731481552124,0.18389016389846802,0.2002381831407547,0.19274696707725525,0.2237701565027237,0.16830983757972717,0.2191954106092453,0.1701013743877411,0.19218704104423523,0.19543781876564026,0.18173158168792725,0.20620332658290863,0.19418439269065857,0.18682393431663513,0.16011513769626617
28,1.1095365285873413,0.12472598254680634,0.12250295281410217,0.24080756306648254,0.18810772895812988,0.20059625804424286,0.11636524647474289,0.08085697144269943,0.16891740262508392,0.13407893478870392,0.12605169415473938,0.13258564472198486,0.15386830270290375,0.12286496162414551,0.1480671614408493,0.18167264759540558,0.13650771975517273,0.15013763308525085,0.10299292206764221,0.13340970873832703,0.10100618749856949,0.14303910732269287,0.14508290588855743,0.12469319999217987,0.21583153307437897,0.13148686289787292,0.13438089191913605,0.29468265175819397,0.12510648369789124,0.1577877551317215,0.16043144464492798,0.1431049108505249,0.14567427337169647,0.1841294765472412,0.16394956409931183,0.21191388368606567,0.20271539688110352,0.1568712741136551,0.13293862342834473,0.2959333062171936,0.20643559098243713,0.24271003901958466,0.244165301322937,0.1467803418636322,0.13848596811294556,0.15810663998126984,0.19191741943359375,0.1489616185426712
29,0.8905195593833923,0.12617412209510803,0.13630986213684082,0.2974323630332947,0.2207958698272705,0.18023186922073364,0.1373588591814041,0.08468396216630936,0.1723235547542572,0.14384807646274567,0.13775141537189484,0.15523526072502136,0.18580320477485657,0.13013294339179993,0.17525330185890198,0.202294260263443,0.17241227626800537,0.16813817620277405,0.09557278454303741,0.12830215692520142,0.09084856510162354,0.13230116665363312,0.13487683236598969,0.12714624404907227,0.2509680986404419,0.13950514793395996,0.14623552560806274,0.311955988407135,0.12586668133735657,0.14055003225803375,0.1537478268146515,0.12159714847803116,0.13885633647441864,0.1768200397491455,0.16989901661872864,0.2217433899641037,0.21712645888328552,0.20005570352077484,0.14368899166584015,0.2121175229549408,0.18481457233428955,0.19062009453773499,0.235274076461792,0.14705120027065277,0.15117979049682617,0.1643163561820984,0.20125211775302887,0.13812188804149628
30,1.0259121656417847,0.13263335824012756,0.12352337688207626,0.23761887848377228,0.19048579037189484,0.1539696455001831,0.13340912759304047,0.08421433717012405,0.1836579144001007,0.1642998456954956,0.13982239365577698,0.17114190757274628,0.20208583772182465,0.12564778327941895,0.16669529676437378,0.23863668739795685,0.1903037428855896,0.15479613840579987,0.0858088880777359,0.11295520514249802,0.08073955774307251,0.1229638159275055,0.13095563650131226,0.11498808115720749,0.23436620831489563,0.12824031710624695,0.13755397498607635,0.31266388297080994,0.12513315677642822,0.1481899917125702,0.1676894873380661,0.12405990064144135,0.1373794972896576,0.18849921226501465,0.15177810192108154,0.1906837821006775,0.19042278826236725,0.1860433965921402,0.12242231518030167,0.18564561009407043,0.2224096953868866,0.19429048895835876,0.27862548828125,0.1377183198928833,0.13785412907600403,0.147371307015419,0.2147701382637024,0.1568908840417862
31,0.7159920930862427,0.13418902456760406,0.12950953841209412,0.28743553161621094,0.2271261364221573,0.21119073033332825,0.15416648983955383,0.09261151403188705,0.19801610708236694,0.1514333039522171,0.1406540721654892,0.16585423052310944,0.20252040028572083,0.13896438479423523,0.19822272658348083,0.2172527313232422,0.19530606269836426,0.17341332137584686,0.0976066142320633,0.13259652256965637,0.0941673144698143,0.13963940739631653,0.14397303760051727,0.12955738604068756,0.2878817915916443,0.13157768547534943,0.135335773229599,0.31389012932777405,0.11785324662923813,0.13125868141651154,0.15287794172763824,0.12276718765497208,0.1409294456243515,0.16410589218139648,0.15814082324504852,0.22859026491641998,0.22570087015628815,0.1785823553800583,0.13809727132320404,0.18448291718959808,0.1796797811985016,0.1750088930130005,0.25199615955352783,0.15058304369449615,0.15281108021736145,0.15654711425304413,0.19899901747703552,0.13956491649150848
32,0.6148030161857605,0.14311382174491882,0.12333989143371582,0.240996316075325,0.23016606271266937,0.1948133260011673,0.13286110758781433,0.10797936469316483,0.19929379224777222,0.1694881170988083,0.1449263095855713,0.1617869883775711,0.2016911655664444,0.16152548789978027,0.19852150976657867,0.21855567395687103,0.18163782358169556,0.17250047624111176,0.12521816790103912,0.1462382972240448,0.12151078879833221,0.14646613597869873,0.15340737998485565,0.16230976581573486,0.3165033161640167,0.15345577895641327,0.15572203695774078,0.2889969050884247,0.12878349423408508,0.133856400847435,0.14373035728931427,0.13007687032222748,0.13568894565105438,0.14990557730197906,0.13230018317699432,0.2337380051612854,0.22782321274280548,0.15283231437206268,0.13420620560646057,0.16992464661598206,0.17805133759975433,0.1768411099910736,0.25277650356292725,0.15326739847660065,0.16028940677642822,0.1709240972995758,0.18605181574821472,0.15854045748710632
33,0.8784423470497131,0.14544793963432312,0.12291709333658218,0.23527681827545166,0.2050577849149704,0.17471317946910858,0.1399828940629959,0.09772086888551712,0.22934626042842865,0.17562659084796906,0.16096806526184082,0.21007323265075684,0.20626385509967804,0.14009402692317963,0.17187753319740295,0.21734195947647095,0.1960802674293518,0.15446452796459198,0.09913286566734314,0.13555598258972168,0.09521657973527908,0.1388605833053589,0.14729337394237518,0.1305200606584549,0.28602123260498047,0.13361167907714844,0.1415957808494568,0.33123499155044556,0.13292831182479858,0.14530153572559357,0.16527722775936127,0.13062644004821777,0.15131288766860962,0.16797372698783875,0.14893773198127747,0.21169278025627136,0.20348867774009705,0.1754237413406372,0.11004491150379181,0.14386771619319916,0.16847580671310425,0.1506395787000656,0.22388280928134918,0.131354421377182,0.1343509405851364,0.13898777961730957,0.18594706058502197,0.1578233391046524
34,1.0241644382476807,0.13937562704086304,0.12789374589920044,0.18884257972240448,0.16055519878864288,0.16748061776161194,0.127170130610466,0.09717664122581482,0.21646037697792053,0.16352246701717377,0.14436671137809753,0.17138256132602692,0.18158647418022156,0.12320040166378021,0.17222224175930023,0.19517388939857483,0.18224582076072693,0.1539732664823532,0.11073759943246841,0.14263248443603516,0.10121936351060867,0.13496409356594086,0.13863934576511383,0.11418967694044113,0.24290204048156738,0.13755930960178375,0.15390045940876007,0.31002238392829895,0.13929006457328796,0.15713638067245483,0.16732139885425568,0.14544740319252014,0.16720637679100037,0.17122361063957214,0.14803138375282288,0.20251205563545227,0.19625066220760345,0.18863773345947266,0.12647745013237,0.17363478243350983,0.180840864777565,0.17406603693962097,0.22244103252887726,0.15105965733528137,0.13963690400123596,0.14568161964416504,0.19414320588111877,0.16251502931118011
35,0.8721563816070557,0.16181674599647522,0.15293170511722565,0.22679515182971954,0.19410260021686554,0.17376159131526947,0.13842512667179108,0.1078164279460907,0.18718907237052917,0.16477873921394348,0.156716987490654,0.16937033832073212,0.17741842567920685,0.127134308218956,0.1597881317138672,0.18249762058258057,0.15892626345157623,0.13619185984134674,0.09344400465488434,0.12332993000745773,0.09637732058763504,0.1339416801929474,0.14246883988380432,0.13330218195915222,0.2830432057380676,0.1367959976196289,0.1467921882867813,0.302104115486145,0.13133494555950165,0.1271730214357376,0.15204526484012604,0.12091267108917236,0.14545288681983948,0.18627582490444183,0.1719183623790741,0.23648424446582794,0.2310812771320343,0.20505008101463318,0.14518338441848755,0.1829102635383606,0.18682850897312164,0.18546262383460999,0.2143099457025528,0.17067736387252808,0.15619592368602753,0.16009484231472015,0.20341956615447998,0.16172322630882263
36,0.8315097689628601,0.1637534201145172,0.15725648403167725,0.2363664209842682,0.1834779679775238,0.18119613826274872,0.1415315568447113,0.10564184188842773,0.1793397217988968,0.16519518196582794,0.14808186888694763,0.1536230891942978,0.17911800742149353,0.12060515582561493,0.16271884739398956,0.19889619946479797,0.1509460210800171,0.1325053572654724,0.08682652562856674,0.11581757664680481,0.08943398296833038,0.12836158275604248,0.13685519993305206,0.12671999633312225,0.2556414008140564,0.13379725813865662,0.14639674127101898,0.3050193786621094,0.12957081198692322,0.1245427280664444,0.15142051875591278,0.1184457466006279,0.1425885707139969,0.18739953637123108,0.16934673488140106,0.22434557974338531,0.21933679282665253,0.20969663560390472,0.1489630490541458,0.21509209275245667,0.20848038792610168,0.21392035484313965,0.23385806381702423,0.17088763415813446,0.16156619787216187,0.16862305998802185,0.2228548377752304,0.16522645950317383
37,0.48047900199890137,0.18571069836616516,0.1605389565229416,0.29150131344795227,0.18718919157981873,0.25453948974609375,0.17371545732021332,0.1287468671798706,0.1885644644498825,0.1754918098449707,0.15182942152023315,0.17516382038593292,0.2095884084701538,0.1434917151927948,0.20883160829544067,0.2507990002632141,0.1816733032464981,0.15355253219604492,0.10038714110851288,0.12324804067611694,0.09515725076198578,0.12509043514728546,0.13324016332626343,0.1319851279258728,0.21595576405525208,0.13172844052314758,0.14401638507843018,0.25507521629333496,0.13362091779708862,0.1384369432926178,0.15160918235778809,0.12898986041545868,0.15745270252227783,0.1652834266424179,0.1484103947877884,0.20081743597984314,0.1904708445072174,0.1933191865682602,0.1414533257484436,0.24795755743980408,0.20095513761043549,0.22276106476783752,0.25853556394577026,0.13737964630126953,0.14436176419258118,0.16245493292808533,0.20941683650016785,0.1608830690383911
38,0.8909011483192444,0.15505351126194,0.13528147339820862,0.3917671740055084,0.17868688702583313,0.24619342386722565,0.13280761241912842,0.09068780392408371,0.1986178308725357,0.18259285390377045,0.1326054185628891,0.135332390666008,0.18126294016838074,0.11609499156475067,0.16352523863315582,0.24394452571868896,0.15996171534061432,0.13108780980110168,0.07230538874864578,0.09683878719806671,0.07109779119491577,0.11620500683784485,0.12803499400615692,0.1192430704832077,0.20119625329971313,0.11428771913051605,0.12453008443117142,0.31911590695381165,0.12873539328575134,0.11922375112771988,0.14409710466861725,0.10547691583633423,0.13287025690078735,0.15679894387722015,0.14736022055149078,0.21554557979106903,0.1948385238647461,0.1844322830438614,0.11912299692630768,0.3032974600791931,0.20993638038635254,0.2911628782749176,0.25761640071868896,0.11868605017662048,0.1351688802242279,0.14949117600917816,0.22138339281082153,0.14737153053283691
39,0.7343827486038208,0.12771819531917572,0.12228620797395706,0.3729109764099121,0.1564052700996399,0.19216352701187134,0.13820606470108032,0.10157911479473114,0.23479196429252625,0.15704679489135742,0.13195902109146118,0.1343284249305725,0.1668175458908081,0.1218838021159172,0.17104029655456543,0.19032952189445496,0.13244137167930603,0.13625001907348633,0.08315406739711761,0.11627036333084106,0.08563634008169174,0.13733801245689392,0.14917169511318207,0.13127806782722473,0.2441575974225998,0.16003470122814178,0.17117996513843536,0.402163565158844,0.14774927496910095,0.16218841075897217,0.14785507321357727,0.15699869394302368,0.16477058827877045,0.15583086013793945,0.1540500968694687,0.20501859486103058,0.19535134732723236,0.21256659924983978,0.12472447752952576,0.25575006008148193,0.17185479402542114,0.2163616418838501,0.22295083105564117,0.12713509798049927,0.13462208211421967,0.15640924870967865,0.18865472078323364,0.16483737528324127
40,0.9739160537719727,0.13297270238399506,0.11717972159385681,0.3379342555999756,0.1750178337097168,0.15114298462867737,0.12479734420776367,0.08283478766679764,0.18433701992034912,0.16149374842643738,0.146704763174057,0.1738438755273819,0.18535374104976654,0.12092142552137375,0.14331865310668945,0.20378968119621277,0.14556068181991577,0.12903735041618347,0.07834907621145248,0.11179932206869125,0.07510899007320404,0.12777090072631836,0.14092446863651276,0.11556542664766312,0.24783144891262054,0.1381048858165741,0.14754325151443481,0.38066425919532776,0.13849520683288574,0.14921726286411285,0.15458455681800842,0.13600589334964752,0.16102392971515656,0.16470551490783691,0.16553819179534912,0.21320074796676636,0.199120432138443,0.20390230417251587,0.11962679773569107,0.20384962856769562,0.19388628005981445,0.1981508433818817,0.24831432104110718,0.1267145574092865,0.1391211450099945,0.14145074784755707,0.19905595481395721,0.1666370928287506
41,0.9615041017532349,0.11016911268234253,0.12055303901433945,0.3491058945655823,0.15114238858222961,0.14871235191822052,0.11739212274551392,0.10195590555667877,0.2193376123905182,0.14857544004917145,0.1454540342092514,0.14945325255393982,0.15430939197540283,0.1280546933412552,0.1594061702489853,0.17297883331775665,0.13624808192253113,0.12849558889865875,0.09022611379623413,0.11905597150325775,0.09501711279153824,0.13682277500629425,0.14964114129543304,0.12437093257904053,0.23586668074131012,0.1742348074913025,0.18102975189685822,0.37710413336753845,0.15222375094890594,0.16664867103099823,0.14619088172912598,0.16305294632911682,0.16611303389072418,0.15457956492900848,0.15698499977588654,0.2009112536907196,0.1920291930437088,0.21789440512657166,0.13230106234550476,0.21127724647521973,0.1681315153837204,0.18622903525829315,0.2249506115913391,0.13631084561347961,0.13261958956718445,0.14623509347438812,0.171082004904747,0.1698051244020462
42,0.8443863987922668,0.13189342617988586,0.13260632753372192,0.2837976813316345,0.1713770031929016,0.17732489109039307,0.1345161348581314,0.1278572827577591,0.22397029399871826,0.17258363962173462,0.16807526350021362,0.1813536286354065,0.17915357649326324,0.14446887373924255,0.16834938526153564,0.188264399766922,0.17904651165008545,0.13054732978343964,0.10196569561958313,0.11816160380840302,0.105366550385952,0.13491849601268768,0.1513439565896988,0.1259838044643402,0.2560359537601471,0.19437357783317566,0.19662055373191833,0.3621963858604431,0.15179304778575897,0.13946643471717834,0.1425560861825943,0.13539977371692657,0.13901197910308838,0.1487082839012146,0.14197197556495667,0.1787504106760025,0.17135308682918549,0.20397481322288513,0.13256855309009552,0.16906577348709106,0.20184965431690216,0.18363335728645325,0.24670642614364624,0.1512913852930069,0.14012357592582703,0.12599700689315796,0.17602622509002686,0.1504928022623062
43,1.1135696172714233,0.12502606213092804,0.146476611495018,0.34855741262435913,0.16677464544773102,0.21328485012054443,0.11672522127628326,0.1086345762014389,0.2003430724143982,0.1833694875240326,0.15876422822475433,0.15178051590919495,0.1779642403125763,0.1313582956790924,0.17439885437488556,0.22116485238075256,0.17962974309921265,0.1237947940826416,0.08616360276937485,0.1025291383266449,0.08715489506721497,0.11836148798465729,0.128440260887146,0.11283714324235916,0.18474480509757996,0.1326211392879486,0.1416672170162201,0.2835041284561157,0.13744589686393738,0.13127054274082184,0.14160524308681488,0.120171919465065,0.12474855780601501,0.1486053615808487,0.14384883642196655,0.19079115986824036,0.17489753663539886,0.1907840520143509,0.12485598772764206,0.24380378425121307,0.19172996282577515,0.2310151755809784,0.2536764442920685,0.13314875960350037,0.1377781480550766,0.1407034993171692,0.1879873126745224,0.1545652151107788
44,1.0396672487258911,0.1339154988527298,0.15709570050239563,0.30611950159072876,0.16582708060741425,0.2508509159088135,0.11581271886825562,0.13548129796981812,0.24469482898712158,0.18004965782165527,0.1526590883731842,0.13436764478683472,0.17864273488521576,0.14642442762851715,0.19491854310035706,0.22461910545825958,0.17409548163414001,0.139588862657547,0.10256607830524445,0.1116059273481369,0.1036016047000885,0.12488295137882233,0.13247279822826385,0.1263984888792038,0.21177498996257782,0.1577567160129547,0.1696503758430481,0.2634415328502655,0.14041076600551605,0.1322760134935379,0.13469845056533813,0.12545201182365417,0.1082281544804573,0.13756610453128815,0.11584536731243134,0.15887196362018585,0.14893759787082672,0.15855646133422852,0.10161928087472916,0.25567492842674255,0.1865997612476349,0.2481091469526291,0.2495509684085846,0.1313726305961609,0.14173395931720734,0.14408357441425323,0.17740949988365173,0.1432413011789322
45,0.9773272275924683,0.1498037725687027,0.15981362760066986,0.2899501323699951,0.18010538816452026,0.26140716671943665,0.13996602594852448,0.1029861569404602,0.2294125258922577,0.17024897038936615,0.1530250906944275,0.1485384702682495,0.18395963311195374,0.12819460034370422,0.1648227423429489,0.209379643201828,0.1725204437971115,0.1444154679775238,0.0985322892665863,0.12306975573301315,0.09113886952400208,0.12758785486221313,0.13879480957984924,0.1261095106601715,0.2464340329170227,0.13792935013771057,0.14351233839988708,0.2926146984100342,0.1271953284740448,0.13565844297409058,0.14631909132003784,0.12569111585617065,0.12084468454122543,0.14194001257419586,0.13182459771633148,0.17766568064689636,0.17577989399433136,0.18244878947734833,0.10735868662595749,0.25464797019958496,0.16987669467926025,0.22923123836517334,0.22884231805801392,0.13152508437633514,0.14893946051597595,0.14140336215496063,0.18598732352256775,0.14598585665225983
46,1.0811868906021118,0.1313941776752472,0.13627184927463531,0.2826632857322693,0.16012662649154663,0.2074267566204071,0.12248101085424423,0.09703590720891953,0.21536074578762054,0.17183366417884827,0.1520971655845642,0.1610909104347229,0.1935100257396698,0.11675046384334564,0.15281668305397034,0.20521453022956848,0.1455020308494568,0.13239774107933044,0.0863393247127533,0.1156138926744461,0.08229444921016693,0.11992215365171432,0.1271507441997528,0.11782551556825638,0.2285616397857666,0.12923483550548553,0.13904893398284912,0.31680065393447876,0.1288621574640274,0.14161249995231628,0.1538568139076233,0.12754100561141968,0.12570442259311676,0.16723261773586273,0.1473388373851776,0.1875331997871399,0.18213596940040588,0.19560948014259338,0.1050419881939888,0.22513987123966217,0.18614846467971802,0.22059212625026703,0.24750226736068726,0.13596907258033752,0.14938496053218842,0.14883652329444885,0.20473282039165497,0.16361743211746216
47,0.9044520258903503,0.1268332302570343,0.13872484862804413,0.3245181739330292,0.19589190185070038,0.23671883344650269,0.1272909939289093,0.08993127197027206,0.17303678393363953,0.14833830296993256,0.14482076466083527,0.13944242894649506,0.1771170198917389,0.11582379788160324,0.15744808316230774,0.17955833673477173,0.13903862237930298,0.14465314149856567,0.08792663365602493,0.12416373193264008,0.08684497326612473,0.12793001532554626,0.13196367025375366,0.12228939682245255,0.276437371969223,0.13191577792167664,0.13589149713516235,0.3192870616912842,0.1195240467786789,0.12828506529331207,0.1411440074443817,0.12039319425821304,0.12843027710914612,0.1614466905593872,0.163982093334198,0.22555901110172272,0.2239988148212433,0.1995822638273239,0.1341274231672287,0.24418997764587402,0.18233713507652283,0.2206026017665863,0.23001909255981445,0.1574329137802124,0.16991925239562988,0.16363196074962616,0.20487895607948303,0.15524853765964508
sum,37.33457565307617,7.395867824554443,6.904325485229492,13.004961967468262,9.451462745666504,10.093369483947754,6.950411319732666,5.640316009521484,9.911900520324707,8.003191947937012,7.193860054016113,7.749199390411377,8.494316101074219,6.796570777893066,8.168639183044434,9.414041519165039,7.987316608428955,7.274595260620117,5.337198734283447,6.249640941619873,5.339293003082275,6.751009464263916,7.102269649505615,6.665877819061279,11.884549140930176,7.318894863128662,7.596292018890381,14.501208305358887,6.8907694816589355,7.104971885681152,7.622704029083252,6.784870147705078,7.026101112365723,8.19579792022705,7.384195327758789,9.769662857055664,9.240285873413086,8.12417221069336,6.252009391784668,10.85816764831543,8.870771408081055,10.121448516845703,10.184610366821289,6.849497318267822,6.740116119384766,6.956738471984863,8.782356262207031,7.372107028961182
posi,1.0,2.0,3.0,4.0,5.0,6.0,7.0,8.0,9.0,10.0,11.0,12.0,13.0,14.0,15.0,16.0,17.0,18.0,19.0,20.0,21.0,22.0,23.0,24.0,25.0,26.0,27.0,28.0,29.0,30.0,31.0,32.0,33.0,34.0,35.0,36.0,37.0,38.0,39.0,40.0,41.0,42.0,43.0,44.0,45.0,46.0,47.0,48.0
contrib,0.08939276357708481,0.017708439223502726,0.01653150531281069,0.03113868231126077,0.022630292695221137,0.02416725451385602,0.016641851822337857,0.013504999768161469,0.023732750789681588,0.01916259748903868,0.01722475800959882,0.018554445494592283,0.020338530107540883,0.01627350074442478,0.01955873927754784,0.022540692457508664,0.019124586062726066,0.017418067913623516,0.012779225055378537,0.014963948708758482,0.01278423950839764,0.01616441013160094,0.017005456752436632,0.015960573529753812,0.028456000181908647,0.017524137524013716,0.018188328771086854,0.0347212486802752,0.016499047233375332,0.01701192690390732,0.018251568878720762,0.016245485114146373,0.016823081141800818,0.01962376732539758,0.01768049095495659,0.023392181288570384,0.0221246572652188,0.019452268921936855,0.014969619653236142,0.025998463796286283,0.021239903155658765,0.024234486089557958,0.024385718887124083,0.016400226430411884,0.016138327440521384,0.016657001361752813,0.021028204640448807,0.017651547102841995
