,P,G,A,G,S,Q,E,E,R,M,Q,G,Q,M,E,G,Q,D,F,S,H,E,E,R,F,L,S,M,V,R,E
0,0.22523437440395355,0.25300535559654236,0.13729214668273926,0.22586549818515778,0.1609589010477066,0.1277608871459961,0.2415439337491989,0.27454233169555664,0.21034932136535645,0.7543244361877441,0.1722305864095688,0.31643760204315186,0.15039893984794617,0.4900207817554474,0.2755770683288574,0.26203668117523193,0.13177961111068726,0.19159772992134094,0.21978479623794556,0.15109695494174957,0.15883401036262512,0.2749914824962616,0.27065277099609375,0.18343275785446167,0.23016750812530518,0.16448365151882172,0.14559176564216614,0.301225870847702,0.1576581597328186,0.19640451669692993,0.19297771155834198
1,0.17384767532348633,0.19739952683448792,0.12530839443206787,0.18144501745700836,0.13179314136505127,0.10580983012914658,0.21192985773086548,0.23965005576610565,0.18948251008987427,0.6139433979988098,0.13912542164325714,0.24714550375938416,0.13112881779670715,0.45216166973114014,0.2649465799331665,0.2837463915348053,0.12629050016403198,0.18274113535881042,0.26828330755233765,0.15941141545772552,0.17634597420692444,0.2440015822649002,0.2528478801250458,0.19818417727947235,0.3236900866031647,0.18803814053535461,0.1929950714111328,0.346954345703125,0.17780880630016327,0.17790471017360687,0.20527644455432892
2,0.1639280468225479,0.21066579222679138,0.1088142991065979,0.1929062008857727,0.13792270421981812,0.12908470630645752,0.22930997610092163,0.2516745328903198,0.13624310493469238,0.5597509145736694,0.17980532348155975,0.28975552320480347,0.17566272616386414,0.4820151925086975,0.2997092008590698,0.3072245121002197,0.16353684663772583,0.19051221013069153,0.21282456815242767,0.1674056202173233,0.15077678859233856,0.25527527928352356,0.26203352212905884,0.16644024848937988,0.23591062426567078,0.19841282069683075,0.21341140568256378,0.3212014436721802,0.19353632628917694,0.16043464839458466,0.2153942734003067
3,0.18401068449020386,0.20748469233512878,0.12438961863517761,0.1929309070110321,0.14696986973285675,0.10977794229984283,0.20155943930149078,0.21910317242145538,0.1647638976573944,0.5171501040458679,0.1404099017381668,0.23150384426116943,0.13323575258255005,0.4618649482727051,0.24858306348323822,0.30423039197921753,0.13857586681842804,0.18890081346035004,0.2244722545146942,0.15941043198108673,0.1646960824728012,0.22021247446537018,0.2316388040781021,0.1885928213596344,0.3065851926803589,0.19788318872451782,0.2437141239643097,0.3478532135486603,0.1837715357542038,0.1769751012325287,0.20545780658721924
4,0.17343734204769135,0.2503996789455414,0.12445534765720367,0.19523049890995026,0.17072603106498718,0.13308222591876984,0.20619556307792664,0.22259898483753204,0.13908818364143372,0.44884568452835083,0.16483700275421143,0.24461697041988373,0.1646495759487152,0.4318937063217163,0.27985936403274536,0.32184451818466187,0.18129165470600128,0.22243107855319977,0.18328285217285156,0.1706894040107727,0.13945816457271576,0.20264312624931335,0.2175954133272171,0.14894241094589233,0.22135230898857117,0.21315297484397888,0.2780640721321106,0.31574127078056335,0.18168695271015167,0.1504252552986145,0.19771581888198853
5,0.23834747076034546,0.38457122445106506,0.10791083425283432,0.2571924924850464,0.174549862742424,0.1312379539012909,0.2137664407491684,0.23256881535053253,0.16737645864486694,0.35627835988998413,0.158963143825531,0.30873966217041016,0.15647408366203308,0.3481887876987457,0.31025928258895874,0.415657103061676,0.17119625210762024,0.2283092737197876,0.16088317334651947,0.16207677125930786,0.14925852417945862,0.2274564802646637,0.24546155333518982,0.1663910299539566,0.21490268409252167,0.17022497951984406,0.30912622809410095,0.25762590765953064,0.1546821892261505,0.15212975442409515,0.1897355318069458
6,0.23081859946250916,0.29571813344955444,0.1187988668680191,0.21039339900016785,0.15955515205860138,0.1543096899986267,0.232249915599823,0.24332638084888458,0.12891554832458496,0.34018632769584656,0.17374053597450256,0.2457006573677063,0.1780777871608734,0.3665999472141266,0.31906282901763916,0.26969560980796814,0.16655677556991577,0.19850507378578186,0.16107918322086334,0.169288769364357,0.13949671387672424,0.235132098197937,0.2517164945602417,0.14759796857833862,0.2129887193441391,0.17614790797233582,0.22969529032707214,0.285383015871048,0.16658665239810944,0.1312970370054245,0.20494160056114197
7,0.22147545218467712,0.2899057865142822,0.11918161809444427,0.20736630260944366,0.14482517540454865,0.14893345534801483,0.23766404390335083,0.2514916956424713,0.12374192476272583,0.3421247601509094,0.1737033873796463,0.23995719850063324,0.18027622997760773,0.3745432496070862,0.3342549204826355,0.2584904730319977,0.163303405046463,0.18905481696128845,0.16254113614559174,0.1635560244321823,0.13709385693073273,0.2538544535636902,0.26959869265556335,0.150006964802742,0.21512429416179657,0.1744379997253418,0.2156004011631012,0.2873059809207916,0.16836170852184296,0.13043902814388275,0.21193349361419678
8,0.19218218326568604,0.3249812424182892,0.11326824128627777,0.2091393768787384,0.10828586667776108,0.1028285026550293,0.211396723985672,0.2321130931377411,0.10040835291147232,0.445695698261261,0.12883611023426056,0.2720775306224823,0.1432132124900818,0.4092070758342743,0.3222448229789734,0.33341148495674133,0.13432906568050385,0.17024138569831848,0.15871502459049225,0.16712608933448792,0.13818733394145966,0.25275689363479614,0.2598239779472351,0.1525331735610962,0.2029045969247818,0.14876015484333038,0.20785000920295715,0.29736828804016113,0.1692252904176712,0.1418917328119278,0.2179536521434784
9,0.17911700904369354,0.19268250465393066,0.1431528925895691,0.16092851758003235,0.13241827487945557,0.18592937290668488,0.18616482615470886,0.1890941858291626,0.17189164459705353,0.1936001032590866,0.21172404289245605,0.2014589011669159,0.22292792797088623,0.20554088056087494,0.22090661525726318,0.1858711987733841,0.19526812434196472,0.1717006266117096,0.16320426762104034,0.1541094183921814,0.16003288328647614,0.21013838052749634,0.2118726521730423,0.16028253734111786,0.1666720062494278,0.21465899050235748,0.1722566932439804,0.2007286548614502,0.16610506176948547,0.16893057525157928,0.2067478746175766
10,0.21927377581596375,0.38057222962379456,0.11685855686664581,0.24251362681388855,0.15071865916252136,0.12778452038764954,0.20557565987110138,0.22450342774391174,0.15841253101825714,0.43501195311546326,0.15770867466926575,0.2778604030609131,0.15398678183555603,0.3692557215690613,0.30617421865463257,0.3861618936061859,0.16037683188915253,0.19710417091846466,0.16142413020133972,0.15104573965072632,0.14090974628925323,0.24585679173469543,0.25633734464645386,0.16310809552669525,0.21671278774738312,0.17230257391929626,0.3284143805503845,0.26440995931625366,0.16344435513019562,0.14310187101364136,0.19179297983646393
11,0.15104995667934418,0.2178819477558136,0.12102121859788895,0.1812346875667572,0.13401028513908386,0.10778550803661346,0.18364964425563812,0.2035403996706009,0.15407182276248932,0.5083140730857849,0.12888434529304504,0.2142179310321808,0.12904110550880432,0.44526365399360657,0.2380354255437851,0.31662923097610474,0.13885219395160675,0.17399367690086365,0.20293061435222626,0.15179984271526337,0.1421612799167633,0.20468513667583466,0.21359829604625702,0.1652878075838089,0.2797531485557556,0.20733460783958435,0.2753901481628418,0.32087674736976624,0.1858002245426178,0.1521935909986496,0.1906304806470871
12,0.19978317618370056,0.3803996443748474,0.1144082173705101,0.26223745942115784,0.16657285392284393,0.13678674399852753,0.211207777261734,0.23166203498840332,0.16051015257835388,0.46377032995224,0.16158118844032288,0.30435407161712646,0.1539110541343689,0.3746291995048523,0.28239884972572327,0.39932480454444885,0.16201716661453247,0.21225346624851227,0.17192360758781433,0.160006582736969,0.14143872261047363,0.2351723164319992,0.2454156130552292,0.15058745443820953,0.22073468565940857,0.1589803397655487,0.3175705075263977,0.25952693819999695,0.1599438339471817,0.13189223408699036,0.17631961405277252
13,0.15961229801177979,0.201936736702919,0.1476445496082306,0.18733133375644684,0.13763272762298584,0.20031309127807617,0.19030436873435974,0.1945214718580246,0.17277312278747559,0.23294547200202942,0.22326502203941345,0.22913938760757446,0.2208731472492218,0.21942034363746643,0.20157688856124878,0.2050158977508545,0.19666673243045807,0.18114793300628662,0.17593176662921906,0.15861943364143372,0.1672920435667038,0.20766133069992065,0.20547540485858917,0.14934098720550537,0.18411871790885925,0.20462962985038757,0.1753503978252411,0.21207457780838013,0.1574360579252243,0.15239088237285614,0.18892639875411987
14,0.18296054005622864,0.2514399588108063,0.1255323737859726,0.20577135682106018,0.1412753462791443,0.14803948998451233,0.22738918662071228,0.2416841834783554,0.1327095329761505,0.4611373543739319,0.18802696466445923,0.25262415409088135,0.17530319094657898,0.442391037940979,0.2787698209285736,0.2381013184785843,0.1567736268043518,0.1725694090127945,0.1723174750804901,0.16194330155849457,0.14248321950435638,0.2455400973558426,0.2629401683807373,0.15300971269607544,0.23781053721904755,0.17180801928043365,0.21460069715976715,0.3313073217868805,0.18011382222175598,0.12972761690616608,0.1945771872997284
15,0.12353438884019852,0.17165431380271912,0.10900300741195679,0.16581006348133087,0.10593190044164658,0.10209286212921143,0.2057679444551468,0.23257718980312347,0.12232010066509247,0.5521532297134399,0.13929051160812378,0.23121753334999084,0.14154797792434692,0.4942898750305176,0.2711740732192993,0.2748298645019531,0.135975182056427,0.16135768592357635,0.179519921541214,0.14392980933189392,0.14509382843971252,0.24077090620994568,0.25950270891189575,0.1637444645166397,0.29128772020339966,0.19463111460208893,0.2368205338716507,0.41752442717552185,0.18798503279685974,0.13687865436077118,0.20886334776878357
16,0.1764453947544098,0.2845143973827362,0.10982762277126312,0.2204786241054535,0.1306668072938919,0.12421194463968277,0.22693398594856262,0.2545131742954254,0.1430237740278244,0.4854452311992645,0.16938339173793793,0.30161961913108826,0.1660749614238739,0.43066588044166565,0.33200782537460327,0.3519003391265869,0.15998509526252747,0.18556950986385345,0.13632924854755402,0.14541414380073547,0.1319492757320404,0.2625228464603424,0.2839285731315613,0.16340039670467377,0.2227882444858551,0.17369922995567322,0.3026183545589447,0.3125172257423401,0.1639467179775238,0.1280290186405182,0.20021715760231018
17,0.1648290902376175,0.1885358840227127,0.11794775724411011,0.15875546634197235,0.14522488415241241,0.13051196932792664,0.22956688702106476,0.25984975695610046,0.16968680918216705,0.4132400155067444,0.18648508191108704,0.26198115944862366,0.17814011871814728,0.3912579417228699,0.2855503559112549,0.24135199189186096,0.15743659436702728,0.16682976484298706,0.15391142666339874,0.14325861632823944,0.1351008117198944,0.2401774525642395,0.2615222632884979,0.19970795512199402,0.26019150018692017,0.21538086235523224,0.27929532527923584,0.34682613611221313,0.18445055186748505,0.144486203789711,0.1953655183315277
18,0.16549086570739746,0.2324451506137848,0.14619338512420654,0.19127941131591797,0.14695407450199127,0.15263321995735168,0.2300741970539093,0.2530086040496826,0.15230807662010193,0.35691502690315247,0.14822563529014587,0.21003495156764984,0.1479313224554062,0.33300963044166565,0.25057435035705566,0.24412532150745392,0.13945302367210388,0.14203067123889923,0.12427845597267151,0.1461436152458191,0.11957503110170364,0.18079432845115662,0.192167729139328,0.14808791875839233,0.179386705160141,0.19173036515712738,0.25305959582328796,0.27578043937683105,0.18262624740600586,0.14398519694805145,0.19277115166187286
19,0.1463499516248703,0.22812610864639282,0.13262628018856049,0.18062597513198853,0.14408278465270996,0.13879339396953583,0.21431642770767212,0.23639258742332458,0.13841260969638824,0.3796737492084503,0.16061186790466309,0.22761693596839905,0.16658930480480194,0.38045090436935425,0.290328711271286,0.29186636209487915,0.16114337742328644,0.1722974330186844,0.1273082047700882,0.13944557309150696,0.11002186685800552,0.20105956494808197,0.21281585097312927,0.14018955826759338,0.18446089327335358,0.20642459392547607,0.2706034779548645,0.28832539916038513,0.1866827756166458,0.14155717194080353,0.21317006647586823
20,0.1883496791124344,0.22853006422519684,0.15872220695018768,0.20608867704868317,0.1820949912071228,0.15226468443870544,0.22787082195281982,0.24318979680538177,0.14265130460262299,0.33297061920166016,0.15454402565956116,0.2234400510787964,0.1498601883649826,0.3202943801879883,0.24951085448265076,0.2368592917919159,0.15076281130313873,0.1617889404296875,0.14159739017486572,0.1463771015405655,0.11924315989017487,0.1940273493528366,0.205770343542099,0.14463742077350616,0.18916334211826324,0.17115773260593414,0.24008025228977203,0.26635587215423584,0.17229223251342773,0.14775781333446503,0.20793436467647552
21,0.20311062037944794,0.2743644118309021,0.14397935569286346,0.20900900661945343,0.15968862175941467,0.15044479072093964,0.22162172198295593,0.2268364131450653,0.14351093769073486,0.34457969665527344,0.16546453535556793,0.21900136768817902,0.1602998971939087,0.32844772934913635,0.2688525915145874,0.20533457398414612,0.14322972297668457,0.14698663353919983,0.13431942462921143,0.14181417226791382,0.11518119275569916,0.20303307473659515,0.21668857336044312,0.14181414246559143,0.19070644676685333,0.17857782542705536,0.2434138059616089,0.286104291677475,0.188157856464386,0.14391803741455078,0.21877382695674896
22,0.20941847562789917,0.2727464735507965,0.14872506260871887,0.19205977022647858,0.15150843560695648,0.14259332418441772,0.21395725011825562,0.21810531616210938,0.14400939643383026,0.3554820716381073,0.1591109037399292,0.20570454001426697,0.15305277705192566,0.3330093026161194,0.2628297507762909,0.19472548365592957,0.13879993557929993,0.14614763855934143,0.13414636254310608,0.1462862342596054,0.11820642650127411,0.19872120022773743,0.21331751346588135,0.14124688506126404,0.19260461628437042,0.18316462635993958,0.24999776482582092,0.2984374463558197,0.19452409446239471,0.14516523480415344,0.2163725644350052
23,0.19490358233451843,0.3168998062610626,0.14439107477664948,0.1912984400987625,0.11332031339406967,0.0978337749838829,0.1813778132200241,0.1978621929883957,0.10500738769769669,0.44127511978149414,0.10998234152793884,0.22080537676811218,0.11575238406658173,0.3952621519565582,0.24203234910964966,0.245367169380188,0.10841583460569382,0.1378389596939087,0.13764014840126038,0.16161535680294037,0.1268136352300644,0.19868960976600647,0.2083921730518341,0.1471247375011444,0.19688299298286438,0.15503251552581787,0.24390247464179993,0.31185176968574524,0.19320684671401978,0.14275363087654114,0.2112242877483368
24,0.19022169709205627,0.27570074796676636,0.16115917265415192,0.18538276851177216,0.14036011695861816,0.13756059110164642,0.20666100084781647,0.22450506687164307,0.12622509896755219,0.3734896183013916,0.12552787363529205,0.172084242105484,0.12479981034994125,0.3144662082195282,0.22255738079547882,0.20473644137382507,0.12251270562410355,0.14650170505046844,0.133937805891037,0.16521014273166656,0.12085927277803421,0.1644478291273117,0.17262187600135803,0.1315491944551468,0.1789621114730835,0.19150929152965546,0.25927165150642395,0.3068235218524933,0.20219123363494873,0.1430988609790802,0.1863832175731659
25,0.1602276861667633,0.24986332654953003,0.13955451548099518,0.16984975337982178,0.11610922962427139,0.10337134450674057,0.18857015669345856,0.21717172861099243,0.12936922907829285,0.3865276873111725,0.13833370804786682,0.20074798166751862,0.14507807791233063,0.32744190096855164,0.2933458089828491,0.2672941982746124,0.13934868574142456,0.19549818336963654,0.1684264838695526,0.1833636611700058,0.1493363231420517,0.23908331990242004,0.23976151645183563,0.15707674622535706,0.20044544339179993,0.17543798685073853,0.23430976271629333,0.28121623396873474,0.17875060439109802,0.13818292319774628,0.1947411149740219
26,0.15021398663520813,0.2644467353820801,0.14427967369556427,0.18854312598705292,0.13197457790374756,0.10837497562170029,0.177195206284523,0.20168836414813995,0.11216378957033157,0.49586525559425354,0.14310072362422943,0.2066381722688675,0.1459389328956604,0.4038315415382385,0.2573166489601135,0.3046308159828186,0.14594171941280365,0.19354309141635895,0.16617922484874725,0.170716792345047,0.11312749981880188,0.19379545748233795,0.19500453770160675,0.1262248009443283,0.2042367160320282,0.2092956304550171,0.25835463404655457,0.3482059836387634,0.21464303135871887,0.13767242431640625,0.1975528448820114
27,0.1517707109451294,0.1859448403120041,0.15815627574920654,0.1568903774023056,0.13965298235416412,0.149319589138031,0.15344570577144623,0.16187936067581177,0.14953354001045227,0.23021875321865082,0.17849023640155792,0.18836021423339844,0.1912774294614792,0.22051644325256348,0.19933012127876282,0.2146787941455841,0.17546144127845764,0.1808633953332901,0.17254269123077393,0.16327454149723053,0.1393013447523117,0.18233324587345123,0.17030388116836548,0.12036142498254776,0.15418359637260437,0.2095845490694046,0.20080329477787018,0.2394636571407318,0.19335833191871643,0.1651211977005005,0.1835997998714447
28,0.14686667919158936,0.23432298004627228,0.13978441059589386,0.17772158980369568,0.13234606385231018,0.0866670310497284,0.1468294858932495,0.15935759246349335,0.09845808893442154,0.5973054766654968,0.11442990601062775,0.22012652456760406,0.12197873741388321,0.4261678159236908,0.21576762199401855,0.3240348696708679,0.1301971971988678,0.19998687505722046,0.2045505940914154,0.1803879588842392,0.10701797902584076,0.16866065561771393,0.17116914689540863,0.11493213474750519,0.216811403632164,0.18563272058963776,0.25747013092041016,0.32967978715896606,0.19472704827785492,0.13323922455310822,0.18723417818546295
29,0.147535502910614,0.24965724349021912,0.11350217461585999,0.18657995760440826,0.1133139431476593,0.08756331354379654,0.17020414769649506,0.17654214799404144,0.0849122405052185,0.5996941924095154,0.10905438661575317,0.26347529888153076,0.12352126836776733,0.4810533821582794,0.25527024269104004,0.3829496502876282,0.12647981941699982,0.1893089860677719,0.16429205238819122,0.170430988073349,0.10409227758646011,0.18318264186382294,0.19169321656227112,0.12872885167598724,0.21592977643013,0.1529645174741745,0.2523297965526581,0.32565632462501526,0.1759229153394699,0.12338164448738098,0.20382513105869293
30,0.17815738916397095,0.24303464591503143,0.12030354142189026,0.1767674684524536,0.1454385221004486,0.12195834517478943,0.20848563313484192,0.20901520550251007,0.11089543253183365,0.48930466175079346,0.14601312577724457,0.23916848003864288,0.1595398187637329,0.42994916439056396,0.2995307445526123,0.2875521779060364,0.1546819806098938,0.220312237739563,0.14225108921527863,0.15763156116008759,0.10270050168037415,0.19548258185386658,0.2123418152332306,0.12442020326852798,0.19348309934139252,0.17467720806598663,0.25139880180358887,0.30102473497390747,0.17740407586097717,0.12080114334821701,0.2098923772573471
sum,5.592503547668457,7.939831256866455,4.036192417144775,6.0696282386779785,4.396883964538574,4.0356597900390625,6.392785549163818,6.924569129943848,4.38322639465332,13.507219314575195,4.850890159606934,7.467611312866211,4.860543251037598,11.883110046386719,8.378338813781738,8.759678840637207,4.676639080047607,5.617924213409424,5.220828533172607,4.912886142730713,4.206086158752441,6.762160301208496,7.064010143280029,4.736985206604004,6.740952014923096,5.730157375335693,7.553360939025879,9.28537654876709,5.557030200958252,4.532166957855225,6.218301773071289
posi,1.0,2.0,3.0,4.0,5.0,6.0,7.0,8.0,9.0,10.0,11.0,12.0,13.0,14.0,15.0,16.0,17.0,18.0,19.0,20.0,21.0,22.0,23.0,24.0,25.0,26.0,27.0,28.0,29.0,30.0,31.0
contrib,0.028203155861175305,0.04004079685245669,0.020354634173434846,0.03060930936846574,0.022173611996559667,0.020351948119657633,0.032239000957863126,0.03492080081463851,0.022104736479740497,0.06811729457710583,0.024463178265460888,0.03765937812506997,0.024511859082529782,0.059926864935734334,0.04225220304443684,0.044175311741970584,0.023584425071314308,0.028331353007922975,0.026328788098297227,0.02477582578725561,0.021211413187262537,0.03410176843119663,0.03562400584598804,0.023888752319099035,0.03399481443491264,0.02889734806391516,0.038091815950277406,0.04682642036834435,0.02802426275584996,0.02285584801364123,0.03135907426842265
