,S,F,S,C,S,Q,N,G,G,F,C,I,S,P,K,C,L,P,G,S,K,Q,I,G,T,C,I,L,P,G,S,K,C,C,R
0,0.20850244164466858,0.2504034638404846,0.17122741043567657,0.25266554951667786,0.15716227889060974,0.1251293271780014,0.1591024100780487,0.2906927466392517,0.3233841061592102,0.400058776140213,0.37832069396972656,0.17482006549835205,0.22346985340118408,0.21269375085830688,0.19557450711727142,0.340883731842041,0.18471874296665192,0.17525073885917664,0.21830064058303833,0.1771131157875061,0.1486106663942337,0.136620432138443,0.1523025780916214,0.22904221713542938,0.16314508020877838,0.2944704294204712,0.15390749275684357,0.20519638061523438,0.14981360733509064,0.17393171787261963,0.17410153150558472,0.1406695544719696,0.22233523428440094,0.21708497405052185,0.12088199704885483
1,0.2022726833820343,0.2922493815422058,0.1915472149848938,0.23117223381996155,0.18955573439598083,0.17441946268081665,0.17679686844348907,0.3870812952518463,0.39380472898483276,0.35624608397483826,0.2724171578884125,0.15216130018234253,0.18058039247989655,0.19918027520179749,0.16874684393405914,0.22110509872436523,0.16508860886096954,0.18950095772743225,0.25400805473327637,0.1794794797897339,0.15990127623081207,0.1555764377117157,0.15247085690498352,0.25030526518821716,0.16026103496551514,0.2303674966096878,0.15506380796432495,0.18601861596107483,0.18043124675750732,0.20964136719703674,0.19338786602020264,0.14954596757888794,0.1909487098455429,0.18851007521152496,0.1415024995803833
2,0.2300223857164383,0.27503934502601624,0.19008436799049377,0.29111847281455994,0.16507191956043243,0.1340065896511078,0.14977926015853882,0.2664433419704437,0.297028124332428,0.3691176474094391,0.3633688986301422,0.1721290796995163,0.22055763006210327,0.1946655958890915,0.20328696072101593,0.33358627557754517,0.18356479704380035,0.16713860630989075,0.21193352341651917,0.17326930165290833,0.1465698480606079,0.13413022458553314,0.14445000886917114,0.21884286403656006,0.14711831510066986,0.2877495288848877,0.15340138971805573,0.22844797372817993,0.15545785427093506,0.19027480483055115,0.17168837785720825,0.14477352797985077,0.23749393224716187,0.2400316447019577,0.12392638623714447
3,0.18047995865345,0.25336313247680664,0.19401298463344574,0.296745240688324,0.18644167482852936,0.17920775711536407,0.19509413838386536,0.2328953742980957,0.2626790702342987,0.31917232275009155,0.33110588788986206,0.1823582947254181,0.18448984622955322,0.21622218191623688,0.1703549027442932,0.2930566072463989,0.20592716336250305,0.21994903683662415,0.2128717601299286,0.1623612344264984,0.16104358434677124,0.17513500154018402,0.16676387190818787,0.2380312979221344,0.19869348406791687,0.2759381830692291,0.16421063244342804,0.21343716979026794,0.22366484999656677,0.21478235721588135,0.15712670981884003,0.1386367827653885,0.18954817950725555,0.19829842448234558,0.14424332976341248
4,0.2545319199562073,0.24149355292320251,0.19731751084327698,0.29870668053627014,0.16280034184455872,0.1321561336517334,0.13100455701351166,0.23440784215927124,0.24600958824157715,0.2680146396160126,0.3433065712451935,0.15667256712913513,0.2229965329170227,0.173219695687294,0.19619601964950562,0.3518282175064087,0.18194271624088287,0.15783816576004028,0.20886054635047913,0.16234490275382996,0.11869330704212189,0.11928759515285492,0.1346110701560974,0.20338410139083862,0.1464255452156067,0.3325723111629486,0.16036084294319153,0.21625040471553802,0.15158946812152863,0.19239312410354614,0.17430949211120605,0.13853389024734497,0.27746522426605225,0.2826348841190338,0.12726105749607086
5,0.28458330035209656,0.27010172605514526,0.20727457106113434,0.33837705850601196,0.15588714182376862,0.13212059438228607,0.14078561961650848,0.3210947513580322,0.32617685198783875,0.2292247861623764,0.33982422947883606,0.15656647086143494,0.1927763819694519,0.17922911047935486,0.19110091030597687,0.40297168493270874,0.14509783685207367,0.15891285240650177,0.28873398900032043,0.14441844820976257,0.12079742550849915,0.12005914747714996,0.15247462689876556,0.2904437780380249,0.14140264689922333,0.3702305555343628,0.16146521270275116,0.14479784667491913,0.14639891684055328,0.21024158596992493,0.1378343552350998,0.11987567692995071,0.25114235281944275,0.256146639585495,0.14057867228984833
6,0.24008631706237793,0.23279908299446106,0.20444639027118683,0.25699642300605774,0.15818150341510773,0.1345345675945282,0.12869255244731903,0.2252103090286255,0.21918591856956482,0.18362709879875183,0.2372141033411026,0.13840779662132263,0.1760292500257492,0.1952570229768753,0.148598313331604,0.27083221077919006,0.16737735271453857,0.1746024191379547,0.2100726217031479,0.1530175358057022,0.10624930262565613,0.12620438635349274,0.14332841336727142,0.2220408022403717,0.18010510504245758,0.28326982259750366,0.15781868994235992,0.19277551770210266,0.196278378367424,0.21496239304542542,0.20015212893486023,0.12909266352653503,0.238886758685112,0.2395348995923996,0.15868566930294037
7,0.1747344434261322,0.3073400855064392,0.14834673702716827,0.27743810415267944,0.1211322620511055,0.1103634387254715,0.15108932554721832,0.25848388671875,0.25367146730422974,0.29025882482528687,0.3138715624809265,0.15853255987167358,0.1602374017238617,0.1765134483575821,0.1803225874900818,0.339266836643219,0.14850126206874847,0.1565806120634079,0.21328917145729065,0.1393754482269287,0.13508865237236023,0.13454565405845642,0.17095115780830383,0.25040316581726074,0.17664816975593567,0.36737337708473206,0.18230336904525757,0.17051121592521667,0.15986154973506927,0.22326841950416565,0.15305262804031372,0.1519373208284378,0.2719759941101074,0.2711317539215088,0.13933071494102478
8,0.17102311551570892,0.30567666888237,0.14510585367679596,0.2785543203353882,0.1174384132027626,0.11001401394605637,0.15370693802833557,0.26224464178085327,0.25817757844924927,0.29597824811935425,0.3265089988708496,0.15768511593341827,0.1531783640384674,0.1757592260837555,0.18328510224819183,0.3299283981323242,0.15080565214157104,0.157088965177536,0.20765499770641327,0.1383528709411621,0.14087063074111938,0.13660626113414764,0.1693440079689026,0.24788066744804382,0.17580972611904144,0.37344709038734436,0.18082372844219208,0.18177859485149384,0.16339832544326782,0.2282283902168274,0.14825929701328278,0.15704484283924103,0.2784198224544525,0.27885428071022034,0.14102883636951447
9,0.20473375916481018,0.2053271234035492,0.17040057480335236,0.2802441120147705,0.1465124487876892,0.17852136492729187,0.1357463300228119,0.2995210886001587,0.2807672619819641,0.18762601912021637,0.30034583806991577,0.1325264573097229,0.1638496220111847,0.16928812861442566,0.14998853206634521,0.26050376892089844,0.1531846672296524,0.15314224362373352,0.23967118561267853,0.1524457037448883,0.11876614391803741,0.1498451679944992,0.13516241312026978,0.2250135987997055,0.1586400270462036,0.2948613166809082,0.15924938023090363,0.22690516710281372,0.17470109462738037,0.22625502943992615,0.18515194952487946,0.1377446949481964,0.29393184185028076,0.3112877905368805,0.1485714167356491
10,0.16438011825084686,0.20914798974990845,0.17470742762088776,0.26883646845817566,0.15427470207214355,0.18201805651187897,0.18135762214660645,0.2363707721233368,0.25373920798301697,0.25318416953086853,0.32941144704818726,0.1689479500055313,0.17299649119377136,0.2052612453699112,0.16871200501918793,0.3010508120059967,0.2050241231918335,0.2086201012134552,0.22136196494102478,0.15247716009616852,0.16556088626384735,0.18255546689033508,0.1650630533695221,0.24616765975952148,0.2025999128818512,0.29964765906333923,0.17050062119960785,0.23731784522533417,0.21129223704338074,0.21440082788467407,0.15122410655021667,0.1452995091676712,0.22120724618434906,0.2297903150320053,0.1442081332206726
11,0.2361355423927307,0.2033437043428421,0.22482815384864807,0.27905574440956116,0.1775093972682953,0.14209029078483582,0.16180863976478577,0.38517558574676514,0.3653353452682495,0.211249440908432,0.3167685270309448,0.13535207509994507,0.1806945949792862,0.15900404751300812,0.1566160023212433,0.31111615896224976,0.1501040905714035,0.14519518613815308,0.26876839995384216,0.15915848314762115,0.119864821434021,0.13841590285301208,0.1389656513929367,0.2864428162574768,0.15793393552303314,0.3024151623249054,0.13781295716762543,0.16159528493881226,0.1387673318386078,0.2487768530845642,0.17152456939220428,0.11182621121406555,0.22836388647556305,0.24335075914859772,0.12832234799861908
12,0.20878645777702332,0.19317542016506195,0.18007242679595947,0.2966771125793457,0.15043528378009796,0.14223125576972961,0.1405898928642273,0.3221602737903595,0.30964934825897217,0.2483881413936615,0.3798307180404663,0.13898925483226776,0.20287060737609863,0.16575069725513458,0.16826669871807098,0.351131409406662,0.17503498494625092,0.1562390774488449,0.23272038996219635,0.15856635570526123,0.12034964561462402,0.1262165904045105,0.12873467803001404,0.22584538161754608,0.16714602708816528,0.3423041105270386,0.15126492083072662,0.23914843797683716,0.1448909342288971,0.21194839477539062,0.17770084738731384,0.12132258713245392,0.25265946984291077,0.26132115721702576,0.1147894337773323
13,0.15379184484481812,0.24371783435344696,0.1584610641002655,0.3954775929450989,0.16018615663051605,0.14715492725372314,0.21525458991527557,0.421459436416626,0.41800403594970703,0.3375225067138672,0.4565795660018921,0.1824761927127838,0.17858576774597168,0.2010815143585205,0.16015282273292542,0.3489585220813751,0.15048842132091522,0.18529464304447174,0.2490103542804718,0.15872493386268616,0.1371505707502365,0.14215557277202606,0.17107616364955902,0.2599804997444153,0.13813646137714386,0.2884564995765686,0.14487166702747345,0.15377910435199738,0.1523757129907608,0.17456528544425964,0.18038682639598846,0.13307751715183258,0.22305555641651154,0.23737779259681702,0.13293084502220154
14,0.1631040871143341,0.217425137758255,0.1672886461019516,0.38043415546417236,0.15853218734264374,0.13838668167591095,0.1753263771533966,0.32893118262290955,0.33537235856056213,0.265486478805542,0.4013083577156067,0.15005022287368774,0.18800869584083557,0.17384648323059082,0.1495635062456131,0.3699401617050171,0.1452350914478302,0.1631748229265213,0.2750692367553711,0.1699068695306778,0.12773066759109497,0.15541182458400726,0.14849814772605896,0.3181142807006836,0.18196924030780792,0.4102157652378082,0.14990824460983276,0.15084624290466309,0.1433742344379425,0.23132111132144928,0.15451887249946594,0.10870935022830963,0.2479267120361328,0.250605046749115,0.10073276609182358
15,0.12673059105873108,0.18824970722198486,0.1430073231458664,0.3065360486507416,0.1382698118686676,0.17731378972530365,0.19244161248207092,0.22035087645053864,0.24749122560024261,0.24841298162937164,0.38945114612579346,0.16243743896484375,0.17282691597938538,0.18525312840938568,0.17322273552417755,0.36259111762046814,0.1827380359172821,0.1789703518152237,0.2210027575492859,0.14749287068843842,0.1693243682384491,0.20258253812789917,0.16533303260803223,0.2617344558238983,0.2166232019662857,0.3653028905391693,0.16626004874706268,0.2072046995162964,0.19128528237342834,0.2219262570142746,0.14915956556797028,0.14246335625648499,0.2286108434200287,0.2418387532234192,0.1539192944765091
16,0.1507718712091446,0.16671261191368103,0.13820433616638184,0.2742439806461334,0.11713935434818268,0.13063593208789825,0.15381485223770142,0.22719891369342804,0.24732616543769836,0.19337758421897888,0.39395269751548767,0.14826589822769165,0.18339844048023224,0.17611876130104065,0.22572818398475647,0.3659471571445465,0.15716511011123657,0.1458878517150879,0.23653985559940338,0.17485715448856354,0.18038640916347504,0.18301570415496826,0.16236642003059387,0.26613226532936096,0.17059218883514404,0.3598818778991699,0.1619405895471573,0.16592302918434143,0.14661233127117157,0.1846914291381836,0.14218030869960785,0.14453676342964172,0.2369031459093094,0.25382623076438904,0.14193600416183472
17,0.16504712402820587,0.2192399799823761,0.16223642230033875,0.3716374635696411,0.1506357043981552,0.14153780043125153,0.19285905361175537,0.31852471828460693,0.3393789529800415,0.29324132204055786,0.4609256386756897,0.19163639843463898,0.19718144834041595,0.21116061508655548,0.1936633586883545,0.38748687505722046,0.1616220772266388,0.1670142561197281,0.21812179684638977,0.1478051394224167,0.14190392196178436,0.14476443827152252,0.1677420735359192,0.24280008673667908,0.1421940177679062,0.3143707811832428,0.15192587673664093,0.1640772819519043,0.1487525999546051,0.16880951821804047,0.16164296865463257,0.13381269574165344,0.2539166212081909,0.2611430585384369,0.14095333218574524
18,0.18664994835853577,0.2963496446609497,0.15970470011234283,0.23779454827308655,0.11966956406831741,0.1081608384847641,0.16137786209583282,0.2529757618904114,0.25238296389579773,0.26005151867866516,0.27138233184814453,0.13995327055454254,0.1540929228067398,0.1521594375371933,0.20040515065193176,0.31512871384620667,0.14734181761741638,0.12816379964351654,0.1996329128742218,0.13182789087295532,0.1363290399312973,0.11947700381278992,0.15227201581001282,0.23998790979385376,0.18816256523132324,0.31855976581573486,0.19254910945892334,0.1827564239501953,0.1482420563697815,0.25084319710731506,0.15592221915721893,0.16105341911315918,0.2613886296749115,0.25411736965179443,0.12865129113197327
19,0.2348380982875824,0.19233518838882446,0.18353977799415588,0.24066007137298584,0.13720113039016724,0.13977442681789398,0.13508249819278717,0.24210509657859802,0.25149768590927124,0.20864897966384888,0.3144993185997009,0.1337004452943802,0.18880712985992432,0.1624964475631714,0.22577732801437378,0.33923858404159546,0.1586683690547943,0.12371399998664856,0.18550391495227814,0.13002383708953857,0.13180890679359436,0.12101811170578003,0.1135522872209549,0.2108411341905594,0.16522634029388428,0.303241491317749,0.15042047202587128,0.2147008180618286,0.1330603063106537,0.21929490566253662,0.1643645465373993,0.15546815097332,0.29736918210983276,0.292529821395874,0.11526310443878174
20,0.2418927103281021,0.23079074919223785,0.21629449725151062,0.2859228253364563,0.16704703867435455,0.13636130094528198,0.14639875292778015,0.29541778564453125,0.29613789916038513,0.21403874456882477,0.30086225271224976,0.135551318526268,0.17712318897247314,0.17619425058364868,0.183236226439476,0.3142326772212982,0.13958802819252014,0.1395653635263443,0.22153472900390625,0.1350821703672409,0.12060520052909851,0.12109144032001495,0.12144588679075241,0.2630782127380371,0.17495398223400116,0.33530062437057495,0.14829502999782562,0.15653789043426514,0.14722840487957,0.24172095954418182,0.151948019862175,0.14601686596870422,0.2662460505962372,0.25058573484420776,0.10297305136919022
21,0.31574368476867676,0.22353903949260712,0.21903330087661743,0.281575471162796,0.14794306457042694,0.1397552788257599,0.12453272938728333,0.3479921817779541,0.3522948622703552,0.1927698254585266,0.3231533467769623,0.12342534214258194,0.15934805572032928,0.1541205197572708,0.19053488969802856,0.33754196763038635,0.12202432751655579,0.12876519560813904,0.25199949741363525,0.11775419116020203,0.12294988334178925,0.11107674241065979,0.11720265448093414,0.26134830713272095,0.14059706032276154,0.37543290853500366,0.15090864896774292,0.13957561552524567,0.13034076988697052,0.2460044026374817,0.1344185769557953,0.14623282849788666,0.31634896993637085,0.31827330589294434,0.12125714868307114
22,0.27071747183799744,0.20474286377429962,0.233516663312912,0.2408362627029419,0.16648903489112854,0.1380491852760315,0.11831358820199966,0.3134406805038452,0.3153828978538513,0.17723944783210754,0.2768886983394623,0.11557342112064362,0.17251747846603394,0.14507944881916046,0.15628419816493988,0.27582848072052,0.12803566455841064,0.11517022550106049,0.21150299906730652,0.13911518454551697,0.10705706477165222,0.11325589567422867,0.11389998346567154,0.23419830203056335,0.16062045097351074,0.3349102735519409,0.13529348373413086,0.16267110407352448,0.13124516606330872,0.2516322433948517,0.17263977229595184,0.1348666548728943,0.31877222657203674,0.33861181139945984,0.12699216604232788
23,0.21412251889705658,0.302801251411438,0.17445334792137146,0.24254845082759857,0.123924121260643,0.09695810079574585,0.10845869034528732,0.2581583261489868,0.25097760558128357,0.26079970598220825,0.27114811539649963,0.12585033476352692,0.15415196120738983,0.14575788378715515,0.1619156002998352,0.29725775122642517,0.13996095955371857,0.12600496411323547,0.17887523770332336,0.13873186707496643,0.1158357784152031,0.09502320736646652,0.13084138929843903,0.1762184053659439,0.16702361404895782,0.36616867780685425,0.18625402450561523,0.20852729678153992,0.16490644216537476,0.22700205445289612,0.16704964637756348,0.15098722279071808,0.30484241247177124,0.31333044171333313,0.14448265731334686
24,0.20832538604736328,0.22112102806568146,0.18945713341236115,0.2762497067451477,0.15301193296909332,0.1339699774980545,0.1464446634054184,0.31955432891845703,0.28748610615730286,0.20528176426887512,0.3390289843082428,0.13103413581848145,0.18472862243652344,0.17077979445457458,0.15373387932777405,0.3290785849094391,0.14751072227954865,0.15656787157058716,0.2042211890220642,0.16753427684307098,0.12823499739170074,0.11184139549732208,0.12817494571208954,0.1857946813106537,0.15995143353939056,0.3785304129123688,0.16771039366722107,0.20412032306194305,0.1659369021654129,0.17269347608089447,0.1666637808084488,0.13365314900875092,0.2564338445663452,0.2761954069137573,0.13806354999542236
25,0.17753973603248596,0.22744834423065186,0.18600711226463318,0.2288193702697754,0.147151380777359,0.1541207730770111,0.13618464767932892,0.23797030746936798,0.25689399242401123,0.2540842592716217,0.26894742250442505,0.1465516835451126,0.18165390193462372,0.19306275248527527,0.16337227821350098,0.3040468394756317,0.1851254105567932,0.17685247957706451,0.20461003482341766,0.16444031894207,0.14400900900363922,0.15784870088100433,0.1436181366443634,0.19916176795959473,0.1907428652048111,0.29901328682899475,0.17623022198677063,0.25768736004829407,0.19995176792144775,0.20768968760967255,0.1615518182516098,0.1286202073097229,0.23639684915542603,0.2496722787618637,0.16367849707603455
26,0.24212919175624847,0.2239460051059723,0.21311405301094055,0.2673112750053406,0.15812073647975922,0.11559037119150162,0.1186482310295105,0.3415455222129822,0.34895914793014526,0.2087736278772354,0.29247963428497314,0.11310140788555145,0.18582795560359955,0.15542060136795044,0.16298073530197144,0.30180028080940247,0.138284370303154,0.12421754747629166,0.24821439385414124,0.17077584564685822,0.11514021456241608,0.12546531856060028,0.1204490065574646,0.25320684909820557,0.14564922451972961,0.3090478479862213,0.1386050134897232,0.1782316267490387,0.14372263848781586,0.2732103765010834,0.17008434236049652,0.11307061463594437,0.2736893892288208,0.3009331226348877,0.11682482063770294
27,0.19274026155471802,0.2037011682987213,0.16300325095653534,0.27480870485305786,0.12613877654075623,0.11504704505205154,0.12034451216459274,0.2470809668302536,0.2674257159233093,0.19811412692070007,0.33591321110725403,0.13294553756713867,0.1931552290916443,0.1705934703350067,0.22530871629714966,0.3150359094142914,0.14615219831466675,0.140384703874588,0.2412153035402298,0.18885253369808197,0.16843962669372559,0.1485719233751297,0.1434881091117859,0.22262990474700928,0.14328749477863312,0.3152828812599182,0.17058981955051422,0.1962352693080902,0.1589401662349701,0.20392170548439026,0.14817893505096436,0.14054803550243378,0.25963294506073,0.299663245677948,0.12552505731582642
28,0.18727834522724152,0.25589755177497864,0.17929135262966156,0.36513370275497437,0.15151719748973846,0.12307057529687881,0.15517351031303406,0.3474155366420746,0.359386146068573,0.2719270586967468,0.4341813623905182,0.16224664449691772,0.1947309374809265,0.2067108005285263,0.1743195354938507,0.3491450548171997,0.15232539176940918,0.17302122712135315,0.24008730053901672,0.15679030120372772,0.12010248005390167,0.10972520709037781,0.13632063567638397,0.20888300240039825,0.12700408697128296,0.30706167221069336,0.1507556438446045,0.18605418503284454,0.15961547195911407,0.1840759515762329,0.1658220887184143,0.13144025206565857,0.3033994436264038,0.32941800355911255,0.1273026168346405
29,0.22645831108093262,0.291780024766922,0.17395338416099548,0.27553126215934753,0.13336405158042908,0.09061196446418762,0.12148497253656387,0.25802081823349,0.2571755647659302,0.23268213868141174,0.2958081364631653,0.12647444009780884,0.17585191130638123,0.15486396849155426,0.17920994758605957,0.335859090089798,0.15035510063171387,0.13552843034267426,0.2335844337940216,0.14410673081874847,0.10520879924297333,0.0949910581111908,0.12354385852813721,0.20183992385864258,0.17555151879787445,0.39012888073921204,0.17874491214752197,0.19356966018676758,0.15102678537368774,0.2499556839466095,0.1547904759645462,0.12442439049482346,0.3166253864765167,0.3443923890590668,0.10825172066688538
30,0.2680743634700775,0.20004519820213318,0.17730768024921417,0.26503318548202515,0.13788025081157684,0.11166198551654816,0.10773048549890518,0.245356023311615,0.24251410365104675,0.2177632451057434,0.3539735674858093,0.12872639298439026,0.21551869809627533,0.18476083874702454,0.18203815817832947,0.3445475101470947,0.17157065868377686,0.14957311749458313,0.21861335635185242,0.15109184384346008,0.09509388357400894,0.1006445437669754,0.10922566801309586,0.18342415988445282,0.1634739190340042,0.37755146622657776,0.14677180349826813,0.21565517783164978,0.13385356962680817,0.18787617981433868,0.16534189879894257,0.11415809392929077,0.32731205224990845,0.34733912348747253,0.0963411033153534
31,0.2309020310640335,0.2296765297651291,0.17828190326690674,0.28600168228149414,0.1489722579717636,0.11103275418281555,0.1367468386888504,0.2881949245929718,0.2856057584285736,0.2305355817079544,0.35473543405532837,0.14213897287845612,0.21830281615257263,0.21603000164031982,0.1613219827413559,0.3788093328475952,0.15897949039936066,0.17362463474273682,0.25468868017196655,0.1654144525527954,0.10083755850791931,0.11402178555727005,0.13369759917259216,0.24019280076026917,0.18386688828468323,0.3820188045501709,0.14738820493221283,0.16476884484291077,0.13476017117500305,0.1917034089565277,0.15990442037582397,0.10422910749912262,0.26825863122940063,0.2654511332511902,0.08820599317550659
32,0.16595429182052612,0.19812989234924316,0.15844911336898804,0.24235987663269043,0.14586175978183746,0.15125811100006104,0.16428324580192566,0.23626966774463654,0.26192086935043335,0.25710737705230713,0.3591018319129944,0.16157935559749603,0.2004803568124771,0.2206667959690094,0.17037776112556458,0.3596000075340271,0.1961696743965149,0.18691560626029968,0.2215557098388672,0.1631498634815216,0.12819470465183258,0.14880773425102234,0.13960768282413483,0.21745875477790833,0.21119356155395508,0.34328770637512207,0.14764432609081268,0.22179889678955078,0.16231895983219147,0.1817721426486969,0.15801705420017242,0.11388558894395828,0.2440277338027954,0.24933525919914246,0.11293181777000427
33,0.16275836527347565,0.20252947509288788,0.16293753683567047,0.24885176122188568,0.1491367369890213,0.15011760592460632,0.16433316469192505,0.22658313810825348,0.2585659325122833,0.27185091376304626,0.36357802152633667,0.16758993268013,0.20011749863624573,0.21995629370212555,0.1764015555381775,0.343861848115921,0.20088674128055573,0.18266618251800537,0.20348933339118958,0.16947628557682037,0.13790246844291687,0.15058550238609314,0.1423085629940033,0.2087775021791458,0.20017096400260925,0.32809099555015564,0.14703617990016937,0.24349935352802277,0.16681250929832458,0.18198439478874207,0.15825532376766205,0.1218959391117096,0.24146543443202972,0.24907149374485016,0.11662548780441284
34,0.22031062841415405,0.19764277338981628,0.15813206136226654,0.2437933385372162,0.1252315789461136,0.09753315895795822,0.1099981963634491,0.3759397864341736,0.3687397837638855,0.20203623175621033,0.3593333959579468,0.12910878658294678,0.18382705748081207,0.18379630148410797,0.17386174201965332,0.28465545177459717,0.14340634644031525,0.14150923490524292,0.2583465576171875,0.18426606059074402,0.12508279085159302,0.11751313507556915,0.1551710069179535,0.23326356709003448,0.13525396585464478,0.2856723964214325,0.14631091058254242,0.16856777667999268,0.11948437988758087,0.19447854161262512,0.16261166334152222,0.11950267851352692,0.27234262228012085,0.2892017066478729,0.11057862639427185
sum,7.266153812408447,8.177282333374023,6.295046329498291,9.878148078918457,5.205827236175537,4.724915027618408,5.210786819458008,10.072267532348633,10.290528297424316,8.813892364501953,11.849528312683105,5.175566673278809,6.4949631690979,6.381955146789551,6.224460601806641,11.467853546142578,5.640005588531494,5.562645435333252,7.965666770935059,5.469601154327393,4.621694564819336,4.724087238311768,4.994457721710205,8.222909927368164,5.8581743240356445,11.5421724319458,5.54459810256958,6.740967750549316,5.530393123626709,7.406278610229492,5.700966835021973,4.688955783843994,9.109344482421875,9.430890083312988,4.48775053024292
posi,1.0,2.0,3.0,4.0,5.0,6.0,7.0,8.0,9.0,10.0,11.0,12.0,13.0,14.0,15.0,16.0,17.0,18.0,19.0,20.0,21.0,22.0,23.0,24.0,25.0,26.0,27.0,28.0,29.0,30.0,31.0,32.0,33.0,34.0,35.0
contrib,0.029444957444405624,0.03313716397055995,0.025509695509900066,0.04002965768720519,0.02109580465670163,0.019146982779124813,0.021115902596060547,0.040816296560115074,0.0417007643411937,0.03571692704180581,0.04801836926537396,0.02097317843521753,0.026319827387975378,0.025861879965769236,0.025223657834161112,0.04647169167657899,0.022855244855527507,0.022541754874772484,0.03227962483892905,0.022164707407103378,0.018728697918526313,0.019143628291794067,0.02023926259618978,0.03332206269389193,0.023739339701090677,0.04677285739454859,0.022468620867575465,0.027316722666959954,0.022411057401225874,0.030012791379010844,0.02310228081912144,0.01900126354030792,0.0369142007664764,0.03821721426978351,0.018185910565016204
