,S,T,I,T,C,Y,C,R,S,R,C,R,M,L,E,K,N,S,G,T,C,R,S,S,N,C,T,Y,T,L,C,C
0,0.21452294290065765,0.1603715866804123,0.13610811531543732,0.13612443208694458,0.2296891212463379,0.13317671418190002,0.2790391743183136,0.16218174993991852,0.21261489391326904,0.18901261687278748,0.36234572529792786,0.1844017505645752,0.599814772605896,0.1974709928035736,0.3153112530708313,0.20205017924308777,0.19055849313735962,0.19650332629680634,0.2300555408000946,0.14441806077957153,0.2539026737213135,0.15974223613739014,0.2091708481311798,0.2156830132007599,0.19281575083732605,0.29626062512397766,0.16919037699699402,0.14861932396888733,0.15227529406547546,0.1629357635974884,0.23723554611206055,0.227667897939682
1,0.18353253602981567,0.1536041498184204,0.16668067872524261,0.14871589839458466,0.2745392322540283,0.16372613608837128,0.3223534822463989,0.21304535865783691,0.21084369719028473,0.2282274067401886,0.35836347937583923,0.21239310503005981,0.48500365018844604,0.1669093370437622,0.2729526460170746,0.20582787692546844,0.2588229179382324,0.21531125903129578,0.2625409960746765,0.14404840767383575,0.25912293791770935,0.18398459255695343,0.21428285539150238,0.22888056933879852,0.27934107184410095,0.32387250661849976,0.16368629038333893,0.16384123265743256,0.13841445744037628,0.13379158079624176,0.20380520820617676,0.19110707938671112
2,0.2410215586423874,0.17341108620166779,0.15293072164058685,0.1563989669084549,0.2663695216178894,0.14158228039741516,0.27223309874534607,0.15808148682117462,0.2163669466972351,0.18555685877799988,0.3063459098339081,0.1861255168914795,0.4136635661125183,0.16346052289009094,0.3147050142288208,0.18769408762454987,0.19626103341579437,0.20632943511009216,0.28952208161354065,0.1336980015039444,0.242535799741745,0.163892924785614,0.23838376998901367,0.2485407143831253,0.2144896686077118,0.28317537903785706,0.14542749524116516,0.15112373232841492,0.13797949254512787,0.14245089888572693,0.2254943996667862,0.21218623220920563
3,0.20863401889801025,0.16483551263809204,0.16581764817237854,0.15489432215690613,0.2954704463481903,0.15953418612480164,0.31304576992988586,0.18294623494148254,0.1981462985277176,0.18999707698822021,0.341372013092041,0.18657197058200836,0.4621272087097168,0.159674271941185,0.26744529604911804,0.20735767483711243,0.23392784595489502,0.21830490231513977,0.24655167758464813,0.1330183893442154,0.2526422142982483,0.15447939932346344,0.20237800478935242,0.22480536997318268,0.24527192115783691,0.344830185174942,0.16155552864074707,0.17200563848018646,0.14179936051368713,0.13982947170734406,0.23006559908390045,0.21616536378860474
4,0.21177054941654205,0.22083282470703125,0.1680135577917099,0.20491348206996918,0.2564656138420105,0.17029234766960144,0.23869331181049347,0.16917812824249268,0.2044650912284851,0.1932515949010849,0.2830008864402771,0.1874014437198639,0.3574973940849304,0.18935827910900116,0.22127094864845276,0.1681102216243744,0.21881572902202606,0.18009386956691742,0.22221672534942627,0.16795819997787476,0.22374828159809113,0.16212213039398193,0.18368464708328247,0.19248507916927338,0.23176109790802002,0.28778353333473206,0.21370558440685272,0.20295113325119019,0.2054109275341034,0.18197497725486755,0.21610155701637268,0.19995589554309845
5,0.2433047592639923,0.19522196054458618,0.16323281824588776,0.15800242125988007,0.30726248025894165,0.13430456817150116,0.32346320152282715,0.12644845247268677,0.19666828215122223,0.14734694361686707,0.40287449955940247,0.16377858817577362,0.5253990888595581,0.15477025508880615,0.3181796073913574,0.20281890034675598,0.1966092884540558,0.2084997147321701,0.2949458956718445,0.10871924459934235,0.2622640132904053,0.12246625125408173,0.20160678029060364,0.2113046646118164,0.1567169427871704,0.33532586693763733,0.12369479238986969,0.1424233764410019,0.12181182205677032,0.13311271369457245,0.29377326369285583,0.2842428982257843
6,0.19199031591415405,0.20637322962284088,0.1565725952386856,0.18515770137310028,0.2469353824853897,0.14496226608753204,0.23566105961799622,0.14744846522808075,0.17480379343032837,0.1699816733598709,0.29143181443214417,0.1776328682899475,0.3423998951911926,0.196683868765831,0.2599402368068695,0.16337190568447113,0.2229624092578888,0.16736045479774475,0.22096474468708038,0.17031270265579224,0.24737855792045593,0.15725621581077576,0.18495891988277435,0.19491349160671234,0.2447303831577301,0.3264271914958954,0.2192985862493515,0.18531621992588043,0.19989408552646637,0.16764937341213226,0.2279067486524582,0.21745407581329346
7,0.2165454924106598,0.19494254887104034,0.1228613555431366,0.13179448246955872,0.22384178638458252,0.11363610625267029,0.26234686374664307,0.11004345118999481,0.15082678198814392,0.11894349008798599,0.3424297273159027,0.1422353982925415,0.44848644733428955,0.15636755526065826,0.350994348526001,0.1710832417011261,0.15671886503696442,0.17755639553070068,0.2893400490283966,0.13389666378498077,0.297216534614563,0.13354769349098206,0.21749907732009888,0.2195383757352829,0.1689182072877884,0.3248101770877838,0.13102002441883087,0.13527679443359375,0.12046921998262405,0.12370551377534866,0.2775457501411438,0.2608277201652527
8,0.22035476565361023,0.18434645235538483,0.12793710827827454,0.13827082514762878,0.24910075962543488,0.11219938099384308,0.2681675851345062,0.10871410369873047,0.15379343926906586,0.12321091443300247,0.375008225440979,0.14117497205734253,0.433528870344162,0.1883627325296402,0.40553247928619385,0.1788637340068817,0.1728900969028473,0.1680721938610077,0.197618767619133,0.1273379772901535,0.28568288683891296,0.11700399219989777,0.18086877465248108,0.19521436095237732,0.16473670303821564,0.3692735731601715,0.16793376207351685,0.14778003096580505,0.15975911915302277,0.18041637539863586,0.3036552667617798,0.30129197239875793
9,0.21841208636760712,0.19491223990917206,0.11976124346256256,0.13058039546012878,0.2179425060749054,0.11509963870048523,0.2507011294364929,0.11020056903362274,0.14356094598770142,0.12011431902647018,0.32987597584724426,0.14161759614944458,0.5270612239837646,0.15919573605060577,0.3407151997089386,0.16675513982772827,0.16507695615291595,0.17138418555259705,0.27024638652801514,0.1397169828414917,0.2876974940299988,0.138412743806839,0.2022702842950821,0.20676010847091675,0.17163226008415222,0.30286404490470886,0.13472138345241547,0.14159870147705078,0.12981869280338287,0.1349378377199173,0.2778673470020294,0.256742000579834
10,0.18769972026348114,0.2241651564836502,0.15443769097328186,0.20041249692440033,0.23654845356941223,0.14512494206428528,0.22920429706573486,0.16210027039051056,0.17870114743709564,0.1860111504793167,0.3009953796863556,0.18674856424331665,0.3747568428516388,0.20312702655792236,0.2443150132894516,0.1689276397228241,0.22211191058158875,0.16022033989429474,0.22421012818813324,0.18253763020038605,0.25879204273223877,0.16000394523143768,0.16765117645263672,0.17314216494560242,0.23841255903244019,0.29150915145874023,0.22537179291248322,0.18756617605686188,0.22942720353603363,0.19251327216625214,0.21814337372779846,0.20910899341106415
11,0.22416865825653076,0.19343914091587067,0.12366455048322678,0.13733850419521332,0.22168463468551636,0.11270524561405182,0.26488491892814636,0.12908197939395905,0.1642092615365982,0.13015863299369812,0.3103969395160675,0.14041084051132202,0.552563488483429,0.15508529543876648,0.2686752676963806,0.16340196132659912,0.16608762741088867,0.19921550154685974,0.2958914637565613,0.15398620069026947,0.27341943979263306,0.13573786616325378,0.21011802554130554,0.21927836537361145,0.1632704734802246,0.2845083475112915,0.14559049904346466,0.13652303814888,0.13844941556453705,0.1314885914325714,0.23720569908618927,0.22223767638206482
12,0.1610923856496811,0.20338523387908936,0.17136326432228088,0.18656520545482635,0.2057429701089859,0.15294596552848816,0.19995459914207458,0.1902928352355957,0.15396729111671448,0.1729745864868164,0.22502143681049347,0.1682826727628708,0.18370476365089417,0.19437658786773682,0.17103269696235657,0.14319416880607605,0.19817104935646057,0.14384905993938446,0.20498357713222504,0.2245393693447113,0.22333042323589325,0.14621837437152863,0.12968967854976654,0.1308773308992386,0.20609863102436066,0.2521574795246124,0.21118338406085968,0.16521099209785461,0.19882191717624664,0.18348604440689087,0.19631832838058472,0.19346684217453003
13,0.16713562607765198,0.1584181785583496,0.1295434981584549,0.13862040638923645,0.24779005348682404,0.11528004705905914,0.259132981300354,0.1419411599636078,0.16167813539505005,0.1511172354221344,0.360251784324646,0.15668809413909912,0.4147040843963623,0.1643301546573639,0.31934764981269836,0.19523487985134125,0.22569969296455383,0.20672830939292908,0.2799869179725647,0.1648179441690445,0.2834279537200928,0.14783281087875366,0.20158949494361877,0.21487735211849213,0.2346271574497223,0.3343657851219177,0.1851298213005066,0.15572084486484528,0.1501738429069519,0.12263171374797821,0.20251604914665222,0.1969919502735138
14,0.17102092504501343,0.18715423345565796,0.1363639235496521,0.1551540195941925,0.265737384557724,0.1279202550649643,0.28575435280799866,0.14077085256576538,0.1811906099319458,0.1523565798997879,0.3528797924518585,0.15065819025039673,0.5161969065666199,0.15916630625724792,0.299654096364975,0.1578037142753601,0.17464423179626465,0.17226316034793854,0.2510668635368347,0.15732483565807343,0.2992165982723236,0.13750791549682617,0.2029457837343216,0.21510542929172516,0.222974494099617,0.3724119961261749,0.17847849428653717,0.16599147021770477,0.1465638428926468,0.13261209428310394,0.24497230350971222,0.24855060875415802
15,0.16827277839183807,0.15679432451725006,0.11534526199102402,0.14022549986839294,0.3064626455307007,0.11297404021024704,0.3037286102771759,0.11456643044948578,0.16889092326164246,0.129301980137825,0.3975984752178192,0.14083456993103027,0.5111149549484253,0.1668694019317627,0.3506506681442261,0.15611687302589417,0.20496807992458344,0.18933841586112976,0.25425320863723755,0.13744571805000305,0.30185315012931824,0.12233636528253555,0.21564099192619324,0.2421232908964157,0.24079477787017822,0.4158926010131836,0.16635391116142273,0.15802647173404694,0.1493794173002243,0.1318889856338501,0.2743538022041321,0.2598437964916229
16,0.20046794414520264,0.16711904108524323,0.11512094736099243,0.14087937772274017,0.20653940737247467,0.12378419190645218,0.21224986016750336,0.14171713590621948,0.157904714345932,0.14766839146614075,0.2481583058834076,0.1435987502336502,0.3399742841720581,0.172812819480896,0.2872544825077057,0.1512971967458725,0.1510712057352066,0.15254533290863037,0.19669723510742188,0.1559683084487915,0.2094670683145523,0.13800697028636932,0.187468022108078,0.210209459066391,0.1862984448671341,0.3223172426223755,0.20013797283172607,0.1769631952047348,0.18623045086860657,0.172215074300766,0.2476123720407486,0.24142524600028992
17,0.2155362069606781,0.1529856026172638,0.11494684964418411,0.12841054797172546,0.22558028995990753,0.11556373536586761,0.24688436090946198,0.12776492536067963,0.1684071272611618,0.1395825743675232,0.34922075271606445,0.1402326226234436,0.4628589451313019,0.1826959252357483,0.3527071177959442,0.19145634770393372,0.1596287190914154,0.15848757326602936,0.19193875789642334,0.12759006023406982,0.2550443410873413,0.11909911781549454,0.18357758224010468,0.20066767930984497,0.16755275428295135,0.3398742079734802,0.17825865745544434,0.15605539083480835,0.16208113729953766,0.1729412078857422,0.2888728976249695,0.27719825506210327
18,0.2097783237695694,0.13783502578735352,0.13510087132453918,0.12176958471536636,0.22067135572433472,0.12308564782142639,0.23991025984287262,0.15756267309188843,0.16951711475849152,0.15011276304721832,0.27512359619140625,0.13801652193069458,0.3859601616859436,0.15827733278274536,0.2618018686771393,0.1921018660068512,0.1672726422548294,0.14514228701591492,0.20212353765964508,0.13332735002040863,0.23316998779773712,0.1417667269706726,0.16903018951416016,0.18604333698749542,0.20155654847621918,0.3234502375125885,0.2044534981250763,0.176126629114151,0.18459871411323547,0.1543850302696228,0.2701112627983093,0.26473668217658997
19,0.2266845405101776,0.15323509275913239,0.1380220204591751,0.1422448456287384,0.255415141582489,0.1613779515028,0.2875051498413086,0.1723044216632843,0.17296776175498962,0.15891452133655548,0.3155842125415802,0.15337878465652466,0.3653947114944458,0.1534830629825592,0.2743142545223236,0.1996607780456543,0.18629911541938782,0.1746099442243576,0.22221021354198456,0.13150113821029663,0.2482021600008011,0.1270921379327774,0.18138813972473145,0.21189086139202118,0.22258315980434418,0.348073810338974,0.1756998598575592,0.16560964286327362,0.1484501212835312,0.13393735885620117,0.25677698850631714,0.2505076825618744
20,0.201609805226326,0.20225760340690613,0.1394740492105484,0.18870633840560913,0.21542730927467346,0.15197281539440155,0.22371448576450348,0.17119798064231873,0.17445781826972961,0.1816069483757019,0.2635897397994995,0.1727057546377182,0.2975024878978729,0.18644574284553528,0.2279575765132904,0.18549875915050507,0.1586574763059616,0.1397300511598587,0.18729853630065918,0.15802939236164093,0.2225736677646637,0.13706199824810028,0.15475067496299744,0.1619681566953659,0.1768525391817093,0.28715306520462036,0.2269977182149887,0.18206526339054108,0.22370773553848267,0.19783715903759003,0.24293790757656097,0.24175035953521729
21,0.2508733868598938,0.2197568714618683,0.12034933269023895,0.14327263832092285,0.18343579769134521,0.12551549077033997,0.2078641951084137,0.11131303757429123,0.15112224221229553,0.11118720471858978,0.26305434107780457,0.11622834950685501,0.47399431467056274,0.14257578551769257,0.2666415274143219,0.16121423244476318,0.11781449615955353,0.16547901928424835,0.2542297840118408,0.12761645019054413,0.273594468832016,0.11201399564743042,0.18044932186603546,0.19636733829975128,0.1409292072057724,0.29073306918144226,0.14847855269908905,0.1426921933889389,0.13800670206546783,0.1314622312784195,0.29762446880340576,0.3013256788253784
22,0.2613857090473175,0.22641828656196594,0.13169890642166138,0.153171107172966,0.20484323799610138,0.12368442118167877,0.22199079394340515,0.11430217325687408,0.16713666915893555,0.12450741976499557,0.2931618392467499,0.12173108756542206,0.41571977734565735,0.1783023625612259,0.26729047298431396,0.16194283962249756,0.11498407274484634,0.16192226111888885,0.17010481655597687,0.11919979006052017,0.2533417344093323,0.09258116781711578,0.16057749092578888,0.18317639827728271,0.13075469434261322,0.3648708760738373,0.1861281841993332,0.15625156462192535,0.17833302915096283,0.19524472951889038,0.31627658009529114,0.33176660537719727
23,0.26029857993125916,0.23375388979911804,0.1338074803352356,0.149443119764328,0.19907830655574799,0.11807456612586975,0.22222401201725006,0.11202298849821091,0.17574544250965118,0.12434404343366623,0.29490143060684204,0.12091485410928726,0.42667797207832336,0.184789776802063,0.26079586148262024,0.15708452463150024,0.11772134900093079,0.17189602553844452,0.1697254776954651,0.11984606832265854,0.2538047134876251,0.09734610468149185,0.17213954031467438,0.192524716258049,0.13068468868732452,0.35519638657569885,0.18746697902679443,0.16057980060577393,0.17852307856082916,0.1951625645160675,0.30200210213661194,0.3125450909137726
24,0.2687692642211914,0.25127580761909485,0.14116229116916656,0.15578562021255493,0.17956027388572693,0.1249782145023346,0.18826623260974884,0.13512755930423737,0.18908773362636566,0.1389993131160736,0.20461899042129517,0.12525546550750732,0.2526889741420746,0.17930950224399567,0.21932527422904968,0.1386549472808838,0.11319875717163086,0.16828152537345886,0.17318695783615112,0.14141727983951569,0.18958982825279236,0.12064278870820999,0.17760254442691803,0.19787336885929108,0.13206809759140015,0.27525919675827026,0.20646759867668152,0.19838517904281616,0.19836978614330292,0.18356631696224213,0.2393638789653778,0.24508289992809296
25,0.20324140787124634,0.23424822092056274,0.15902656316757202,0.18601644039154053,0.18814560770988464,0.13988511264324188,0.1954382359981537,0.1619952917098999,0.1920773684978485,0.18533684313297272,0.25034767389297485,0.17594607174396515,0.2975098192691803,0.20391502976417542,0.22058027982711792,0.16792356967926025,0.18279114365577698,0.16916441917419434,0.21691465377807617,0.17354509234428406,0.2478543221950531,0.15382535755634308,0.16913147270679474,0.1703869104385376,0.171258807182312,0.28989744186401367,0.23626960813999176,0.20673224329948425,0.23468466103076935,0.20335425436496735,0.2195793092250824,0.2153574377298355
26,0.2054615020751953,0.17040444910526276,0.15043967962265015,0.14478294551372528,0.24883578717708588,0.13835182785987854,0.2652715742588043,0.14761215448379517,0.1874508261680603,0.1423823982477188,0.3450467586517334,0.13320796191692352,0.4175966680049896,0.15946917235851288,0.2538016438484192,0.17403943836688995,0.19854599237442017,0.20813991129398346,0.24786481261253357,0.13574638962745667,0.29949477314949036,0.12427402287721634,0.19243402779102325,0.21460317075252533,0.2011748105287552,0.36499160528182983,0.18323089182376862,0.17876660823822021,0.16049830615520477,0.15321843326091766,0.24552327394485474,0.23346540331840515
27,0.23225949704647064,0.19345034658908844,0.13995957374572754,0.1527269184589386,0.25419747829437256,0.11988044530153275,0.2548203766345978,0.10862956196069717,0.1822275072336197,0.12483502924442291,0.37070679664611816,0.12448176741600037,0.6106671690940857,0.17725788056850433,0.3028823435306549,0.18036188185214996,0.16812023520469666,0.19263125956058502,0.29027730226516724,0.1181449145078659,0.29869896173477173,0.10460216552019119,0.17460110783576965,0.1879633665084839,0.14662913978099823,0.3162059783935547,0.1492082178592682,0.14966921508312225,0.16104161739349365,0.16671377420425415,0.31794238090515137,0.32130497694015503
28,0.2137869894504547,0.1653340756893158,0.12877675890922546,0.14691121876239777,0.2526036500930786,0.12916447222232819,0.2594798505306244,0.12476212531328201,0.16638341546058655,0.12429489195346832,0.3398575484752655,0.1257215291261673,0.5404417514801025,0.1567453294992447,0.26793238520622253,0.17464545369148254,0.2012144923210144,0.2047899067401886,0.24838092923164368,0.13279375433921814,0.30924350023269653,0.10444779694080353,0.17821159958839417,0.20806926488876343,0.19953490793704987,0.4017936885356903,0.1807781159877777,0.16293448209762573,0.16307057440280914,0.15212704241275787,0.2710436284542084,0.26082512736320496
29,0.21064287424087524,0.1498502492904663,0.11636153608560562,0.12372689694166183,0.21535168588161469,0.11455690115690231,0.21595604717731476,0.10671335458755493,0.15535414218902588,0.11287753283977509,0.3295181095600128,0.12520256638526917,0.546310544013977,0.16490139067173004,0.3731541633605957,0.2100704461336136,0.1782563179731369,0.19207268953323364,0.24085938930511475,0.13782824575901031,0.2856239974498749,0.11553265154361725,0.17249009013175964,0.18828068673610687,0.17791572213172913,0.359640896320343,0.17949917912483215,0.16818031668663025,0.15575456619262695,0.1370536834001541,0.2522566020488739,0.2525172531604767
30,0.2167280912399292,0.21700505912303925,0.12592940032482147,0.17957662045955658,0.20870906114578247,0.12769672274589539,0.21401430666446686,0.12436084449291229,0.17473463714122772,0.14116375148296356,0.29370975494384766,0.14936451613903046,0.39604753255844116,0.20764872431755066,0.27185848355293274,0.15672370791435242,0.19265979528427124,0.16736376285552979,0.24117511510849,0.1719542145729065,0.27072328329086304,0.11484426259994507,0.16452425718307495,0.17125354707241058,0.1892004907131195,0.36684632301330566,0.24169602990150452,0.17197106778621674,0.22949112951755524,0.18325138092041016,0.2516951858997345,0.24525974690914154
31,0.19858318567276,0.20431528985500336,0.12902019917964935,0.17346353828907013,0.20809203386306763,0.12987731397151947,0.22289538383483887,0.12838037312030792,0.17257952690124512,0.143275648355484,0.31448549032211304,0.15265339612960815,0.39449161291122437,0.21420219540596008,0.31083568930625916,0.16269798576831818,0.2002681940793991,0.16888998448848724,0.24539676308631897,0.17103879153728485,0.26913097500801086,0.11957818269729614,0.17057488858699799,0.17748287320137024,0.19543740153312683,0.3524959087371826,0.23716291785240173,0.16650250554084778,0.21888689696788788,0.1772141009569168,0.24398285150527954,0.23595958948135376
sum,6.805586338043213,6.051453590393066,4.429830551147461,4.934056758880615,7.518068790435791,4.22291374206543,7.986849784851074,4.512807846069336,5.627881050109863,4.838653087615967,10.091278076171875,4.885595798492432,13.771860122680664,5.598040580749512,9.13985538482666,5.60398530960083,5.812830448150635,5.722177028656006,7.532780170440674,4.679323673248291,8.37178897857666,4.265261650085449,5.951689720153809,6.392291069030762,6.147023677825928,10.504268646240234,5.8642754554748535,5.279460430145264,5.442176818847656,5.105109691619873,8.130560874938965,7.928868770599365
posi,1.0,2.0,3.0,4.0,5.0,6.0,7.0,8.0,9.0,10.0,11.0,12.0,13.0,14.0,15.0,16.0,17.0,18.0,19.0,20.0,21.0,22.0,23.0,24.0,25.0,26.0,27.0,28.0,29.0,30.0,31.0,32.0
contrib,0.03253947772355705,0.02893375082158633,0.021180301795956733,0.023591153211131657,0.035946062510889214,0.02019097265290891,0.03818744010384308,0.02157704025544525,0.02690852793053141,0.02313500065032906,0.04824932075672234,0.023359447335592524,0.06584724862997773,0.026765852011105658,0.043700293540998886,0.026794275480065084,0.027792824524329872,0.02735938429189607,0.03601640187595989,0.02237320061253613,0.04002794578505661,0.020393450256044113,0.02845675088770561,0.030563393440545965,0.029390699066247663,0.05022394818590612,0.02803879799181158,0.02524262811843295,0.0260206222606631,0.02440900678288115,0.03887456441353005,0.037910216095812174
