,Y,K,R,C,H,K,K,E,G,H,C,F,P,K,T,V,I,C,L,P,P,S,S,D,F,G,K,M,D,C,R,W,K,W,K,C,C,K,K,G,S,V,N,N,A
0,0.15945260226726532,0.15402868390083313,0.18546533584594727,0.30575504899024963,0.13831530511379242,0.14337393641471863,0.14377962052822113,0.25643211603164673,0.4904109835624695,0.21414309740066528,0.42495372891426086,0.35282015800476074,0.21602527797222137,0.15918563306331635,0.16478806734085083,0.15273016691207886,0.17331798374652863,0.3227141797542572,0.12376904487609863,0.15051010251045227,0.154490128159523,0.17195622622966766,0.18365301191806793,0.2232406884431839,0.22964248061180115,0.2615686058998108,0.1291370689868927,0.2991091310977936,0.18438304960727692,0.2199796438217163,0.14659547805786133,0.15357935428619385,0.11997279524803162,0.15285035967826843,0.12418802082538605,0.2004404217004776,0.1824841946363449,0.09708220511674881,0.09413354098796844,0.17070746421813965,0.12165596336126328,0.12092121690511703,0.13362431526184082,0.12417691946029663,0.0906994417309761
1,0.16753798723220825,0.14286106824874878,0.1582343727350235,0.31613412499427795,0.13982319831848145,0.13289502263069153,0.13370618224143982,0.2746248245239258,0.3860470652580261,0.18962568044662476,0.37649789452552795,0.38399645686149597,0.22907742857933044,0.15443472564220428,0.18171577155590057,0.16629256308078766,0.17245520651340485,0.3097427785396576,0.1373448520898819,0.16538821160793304,0.1694364845752716,0.17665252089500427,0.19704200327396393,0.24713991582393646,0.3039584159851074,0.2563958168029785,0.14845576882362366,0.3318595588207245,0.21062888205051422,0.2312118411064148,0.1277025043964386,0.15848034620285034,0.10696551948785782,0.1479114443063736,0.10601581633090973,0.16924576461315155,0.15842381119728088,0.08927782624959946,0.08569175750017166,0.1598479151725769,0.12107384949922562,0.11220239102840424,0.13965383172035217,0.13884158432483673,0.09925046563148499
2,0.2041870355606079,0.15472815930843353,0.16794675588607788,0.26594868302345276,0.12159549444913864,0.13421761989593506,0.14333999156951904,0.24470776319503784,0.43965470790863037,0.1690443754196167,0.3142291307449341,0.25792935490608215,0.19313356280326843,0.1716523915529251,0.1629452109336853,0.16125257313251495,0.1799602508544922,0.25873100757598877,0.14285798370838165,0.16645008325576782,0.1767670214176178,0.2040128856897354,0.20575372874736786,0.1999756097793579,0.24253568053245544,0.2824179232120514,0.1429278701543808,0.3088959753513336,0.1647748202085495,0.21438024938106537,0.15261316299438477,0.15598607063293457,0.14021840691566467,0.15716113150119781,0.13939622044563293,0.19006775319576263,0.16820527613162994,0.1098487377166748,0.11255210638046265,0.22349093854427338,0.14957700669765472,0.13829030096530914,0.14869841933250427,0.1428082436323166,0.118825264275074
3,0.19223465025424957,0.15029920637607574,0.18888536095619202,0.2929318845272064,0.15055474638938904,0.14201679825782776,0.1418069452047348,0.20325694978237152,0.2621660828590393,0.19496998190879822,0.3310818374156952,0.3055737614631653,0.22588111460208893,0.16105780005455017,0.18370723724365234,0.16582125425338745,0.16896262764930725,0.274575799703598,0.18749721348285675,0.20301419496536255,0.2050657868385315,0.16740961372852325,0.17654308676719666,0.21241064369678497,0.2871069610118866,0.2198094129562378,0.1667434573173523,0.34463444352149963,0.21013155579566956,0.23913441598415375,0.14656753838062286,0.17085501551628113,0.13024446368217468,0.17783664166927338,0.14358150959014893,0.1998969465494156,0.18051950633525848,0.11404357850551605,0.10735780000686646,0.14226704835891724,0.12019416689872742,0.11720641702413559,0.14448723196983337,0.1375470906496048,0.11027222126722336
4,0.19555655121803284,0.14833152294158936,0.19552093744277954,0.26440298557281494,0.16058674454689026,0.1491701602935791,0.1465834081172943,0.21631738543510437,0.2660292685031891,0.18762345612049103,0.2575412392616272,0.25192469358444214,0.18672120571136475,0.14906442165374756,0.20162011682987213,0.1584245264530182,0.19200053811073303,0.24175384640693665,0.14330962300300598,0.1588079035282135,0.16195528209209442,0.19074340164661407,0.20106132328510284,0.21987035870552063,0.23832780122756958,0.19859246909618378,0.14578913152217865,0.29536908864974976,0.22156353294849396,0.19693098962306976,0.14372213184833527,0.1764509230852127,0.12719137966632843,0.18358586728572845,0.13630233705043793,0.19673608243465424,0.1894606649875641,0.12452768534421921,0.12745237350463867,0.20977920293807983,0.20778654515743256,0.14591097831726074,0.1610775887966156,0.15394015610218048,0.1333746761083603
5,0.1729678213596344,0.14775720238685608,0.1445731818675995,0.3556586503982544,0.1338706612586975,0.10911037772893906,0.11054039746522903,0.22839975357055664,0.3049072027206421,0.17094294726848602,0.33768779039382935,0.24853013455867767,0.18409332633018494,0.14336368441581726,0.21171905100345612,0.16441550850868225,0.18194499611854553,0.32520541548728943,0.11669983714818954,0.1276758760213852,0.12884938716888428,0.1764502227306366,0.2009590119123459,0.25192734599113464,0.24806849658489227,0.2654593586921692,0.14399833977222443,0.28937751054763794,0.22618818283081055,0.26848432421684265,0.11513186246156693,0.17238344252109528,0.10411959886550903,0.1686999797821045,0.10876844823360443,0.22945931553840637,0.2223653793334961,0.09522580355405807,0.09573765844106674,0.2228015959262848,0.17263172566890717,0.12881244719028473,0.16021092236042023,0.1650741845369339,0.11403411626815796
6,0.1641741544008255,0.13841967284679413,0.14014269411563873,0.3605738580226898,0.1271452009677887,0.10248661041259766,0.10611527413129807,0.24366499483585358,0.30901527404785156,0.16428352892398834,0.35208889842033386,0.24993053078651428,0.18548759818077087,0.1420181840658188,0.2137453556060791,0.16331592202186584,0.18028624355793,0.33008521795272827,0.11543428897857666,0.128942608833313,0.1306397169828415,0.1786363571882248,0.20492808520793915,0.25961118936538696,0.24852235615253448,0.2837807834148407,0.13595028221607208,0.28683316707611084,0.23027218878269196,0.27598220109939575,0.11450035870075226,0.16483429074287415,0.10086290538311005,0.16269783675670624,0.10260173678398132,0.23832820355892181,0.23066703975200653,0.09158997237682343,0.0925247073173523,0.22685205936431885,0.1638263761997223,0.1232437863945961,0.15275083482265472,0.15967051684856415,0.1089322566986084
7,0.18488913774490356,0.15381084382534027,0.1497454047203064,0.30888453125953674,0.11807550489902496,0.11315181106328964,0.12113156914710999,0.2560117244720459,0.2739648222923279,0.1490592360496521,0.3458021879196167,0.24429014325141907,0.19802019000053406,0.1509825438261032,0.18274635076522827,0.13940933346748352,0.1789071261882782,0.32490724325180054,0.11523103713989258,0.14970770478248596,0.15390591323375702,0.17031978070735931,0.1799004077911377,0.2190018892288208,0.21830050647258759,0.27492788434028625,0.14271458983421326,0.2907577455043793,0.17627741396427155,0.26226168870925903,0.11293743550777435,0.16361728310585022,0.13156382739543915,0.19094380736351013,0.14596843719482422,0.29263418912887573,0.2682304382324219,0.11740723997354507,0.11622023582458496,0.20029011368751526,0.1555604487657547,0.14079897105693817,0.15391996502876282,0.16027460992336273,0.1260448396205902
8,0.13764211535453796,0.12647856771945953,0.1365586370229721,0.2749102711677551,0.11391527205705643,0.10682764649391174,0.11826148629188538,0.23296144604682922,0.2611790895462036,0.147953599691391,0.32628315687179565,0.3001857399940491,0.16486933827400208,0.1652468591928482,0.20091626048088074,0.14733275771141052,0.18728546798229218,0.2929856479167938,0.12561877071857452,0.14132575690746307,0.14546430110931396,0.1502857804298401,0.16213268041610718,0.21010619401931763,0.30073827505111694,0.2725789248943329,0.17081168293952942,0.34826964139938354,0.2228716015815735,0.2882530987262726,0.15099677443504333,0.1965300589799881,0.1554517298936844,0.19473116099834442,0.13814781606197357,0.24993941187858582,0.2285805642604828,0.11939956992864609,0.12975472211837769,0.20320239663124084,0.11664505302906036,0.10569462180137634,0.13348302245140076,0.14507438242435455,0.10821978002786636
9,0.17165520787239075,0.1329389363527298,0.17437250912189484,0.2728026509284973,0.13773813843727112,0.12497298419475555,0.12982478737831116,0.2598649263381958,0.2963835895061493,0.16552014648914337,0.29666170477867126,0.274199903011322,0.2005998194217682,0.14315196871757507,0.2315582036972046,0.1558317095041275,0.1831778734922409,0.2577819526195526,0.1545252650976181,0.1714041531085968,0.17601652443408966,0.18377083539962769,0.19680622220039368,0.22746169567108154,0.23351138830184937,0.20438630878925323,0.14020171761512756,0.29758763313293457,0.25294676423072815,0.22003957629203796,0.14003679156303406,0.1764611303806305,0.1314135640859604,0.19125305116176605,0.13841532170772552,0.2104068100452423,0.19682049751281738,0.12301098555326462,0.1251995861530304,0.18299636244773865,0.1546286791563034,0.11741991341114044,0.132585346698761,0.13502711057662964,0.13121142983436584
10,0.16234278678894043,0.14775076508522034,0.17450372874736786,0.27233070135116577,0.13255000114440918,0.13341201841831207,0.13715484738349915,0.20996537804603577,0.26367777585983276,0.16965481638908386,0.34242817759513855,0.26581788063049316,0.20815227925777435,0.16047409176826477,0.2235395312309265,0.17245590686798096,0.1757524013519287,0.2978764772415161,0.18566758930683136,0.1980780065059662,0.20145206153392792,0.15606079995632172,0.16223923861980438,0.2014486938714981,0.24327614903450012,0.23150227963924408,0.17332936823368073,0.31793156266212463,0.2280278205871582,0.2571752965450287,0.14858268201351166,0.18435780704021454,0.14108790457248688,0.19263416528701782,0.14277422428131104,0.21976366639137268,0.1977349817752838,0.11425396800041199,0.11146719753742218,0.14504192769527435,0.11273860931396484,0.1129719614982605,0.13763156533241272,0.1365705132484436,0.11634854972362518
11,0.16131846606731415,0.16473564505577087,0.16404075920581818,0.27694180607795715,0.1386057585477829,0.15199923515319824,0.1670379638671875,0.22961507737636566,0.3334437310695648,0.15451495349407196,0.27590852975845337,0.19235515594482422,0.15747219324111938,0.13699859380722046,0.19863860309123993,0.14856906235218048,0.16373661160469055,0.24677911400794983,0.1662464290857315,0.16389000415802002,0.1567486822605133,0.1689174622297287,0.1798250824213028,0.17071188986301422,0.18892265856266022,0.27291959524154663,0.15808798372745514,0.3102235496044159,0.19337253272533417,0.2340092658996582,0.13667085766792297,0.19068889319896698,0.13726229965686798,0.20466318726539612,0.13419845700263977,0.22514264285564423,0.19777505099773407,0.11715643852949142,0.12535065412521362,0.2695842981338501,0.17453931272029877,0.13703949749469757,0.14059311151504517,0.1401871293783188,0.1480301022529602
12,0.13436360657215118,0.13251815736293793,0.22121179103851318,0.35961097478866577,0.139654740691185,0.13324636220932007,0.14198483526706696,0.2744845747947693,0.47424978017807007,0.1953359991312027,0.43403148651123047,0.30334821343421936,0.20875689387321472,0.14839927852153778,0.18714195489883423,0.15268264710903168,0.1862117499113083,0.30775123834609985,0.13499677181243896,0.15883299708366394,0.16100311279296875,0.1683228313922882,0.17705120146274567,0.19464965164661407,0.21078194677829742,0.24716025590896606,0.14110985398292542,0.33935391902923584,0.18108095228672028,0.23013314604759216,0.14024776220321655,0.16056513786315918,0.12100622802972794,0.17098411917686462,0.12085944414138794,0.2153131067752838,0.19001652300357819,0.0921858549118042,0.09212406724691391,0.17993378639221191,0.11336882412433624,0.09736118465662003,0.11879129707813263,0.11390618979930878,0.09694285690784454
13,0.12734656035900116,0.12416724860668182,0.12530548870563507,0.35434478521347046,0.12057856470346451,0.11056505888700485,0.12054764479398727,0.25774067640304565,0.39003536105155945,0.15537120401859283,0.37884247303009033,0.2877393364906311,0.17512144148349762,0.13894914090633392,0.21789078414440155,0.15810716152191162,0.1622169017791748,0.33726125955581665,0.12342730164527893,0.14267583191394806,0.14306889474391937,0.18218976259231567,0.2090529054403305,0.2534193694591522,0.28449252247810364,0.30398446321487427,0.14874054491519928,0.33302876353263855,0.2245357483625412,0.26372233033180237,0.09716954082250595,0.14971347153186798,0.09941033273935318,0.14400117099285126,0.10780924558639526,0.2222922444343567,0.20842599868774414,0.09377672523260117,0.0924849733710289,0.22393186390399933,0.1391671895980835,0.10980771481990814,0.13811323046684265,0.1400616616010666,0.10465107858181
14,0.10997653752565384,0.11881764233112335,0.14115753769874573,0.33279818296432495,0.13482190668582916,0.12620148062705994,0.13392792642116547,0.25854426622390747,0.33138734102249146,0.17340299487113953,0.38892731070518494,0.2685980200767517,0.16846610605716705,0.14254619181156158,0.17178896069526672,0.1508903205394745,0.1649482250213623,0.3477535843849182,0.13106930255889893,0.15549473464488983,0.15232166647911072,0.16145531833171844,0.18298539519309998,0.2358061671257019,0.2758256494998932,0.319981187582016,0.16233357787132263,0.3441452980041504,0.19518309831619263,0.2531425356864929,0.10735204815864563,0.14959849417209625,0.11109308153390884,0.13901184499263763,0.12526564300060272,0.2465517818927765,0.22668157517910004,0.11247922480106354,0.10718837380409241,0.19650311768054962,0.1377442479133606,0.12454327940940857,0.16806459426879883,0.1627017706632614,0.10234040021896362
15,0.1578609049320221,0.12541915476322174,0.11652997136116028,0.25713348388671875,0.11613723635673523,0.1015826165676117,0.11179305613040924,0.22601941227912903,0.2999489903450012,0.15142609179019928,0.3200037479400635,0.2306649386882782,0.16805626451969147,0.13062278926372528,0.1858745515346527,0.16432711482048035,0.14971458911895752,0.2635738253593445,0.15532360970973969,0.15752112865447998,0.1548679918050766,0.18789151310920715,0.19680306315422058,0.22770336270332336,0.2738613784313202,0.28960102796554565,0.14898547530174255,0.4385645389556885,0.21739506721496582,0.22745685279369354,0.13020649552345276,0.16237032413482666,0.11810795217752457,0.17297594249248505,0.12143736332654953,0.22266705334186554,0.2006435990333557,0.10189254581928253,0.10599742829799652,0.22343909740447998,0.1824541836977005,0.1516619771718979,0.1498703807592392,0.15020723640918732,0.15123161673545837
16,0.11830192804336548,0.11506570875644684,0.11012843251228333,0.29979655146598816,0.12671557068824768,0.10682526230812073,0.11843644827604294,0.30403968691825867,0.31952375173568726,0.16713346540927887,0.36100611090660095,0.2104271948337555,0.14839021861553192,0.1511313021183014,0.19829188287258148,0.15772828459739685,0.13573472201824188,0.2862629294395447,0.11728090047836304,0.1128307431936264,0.11760024726390839,0.19648411870002747,0.2180275171995163,0.24035018682479858,0.21644461154937744,0.3103333115577698,0.14513865113258362,0.3381936252117157,0.21046164631843567,0.2939421832561493,0.10429317504167557,0.1384359449148178,0.11045324802398682,0.14636510610580444,0.11762732267379761,0.272526353597641,0.24889177083969116,0.10488197207450867,0.11093545705080032,0.24587175250053406,0.20598022639751434,0.16161325573921204,0.1451389193534851,0.1390511691570282,0.12087170034646988
17,0.14132650196552277,0.12921801209449768,0.1723063886165619,0.2591730058193207,0.13467177748680115,0.12959297001361847,0.1362556666135788,0.2150380164384842,0.23301225900650024,0.17801198363304138,0.33766812086105347,0.22091253101825714,0.18218187987804413,0.1655152440071106,0.21570441126823425,0.1821165829896927,0.16612187027931213,0.2877289950847626,0.17073838412761688,0.1546470820903778,0.1618310958147049,0.1601659059524536,0.16959017515182495,0.19932587444782257,0.21678590774536133,0.24644073843955994,0.17992201447486877,0.35794100165367126,0.211889386177063,0.2738763988018036,0.16404440999031067,0.18297608196735382,0.14168494939804077,0.1850086748600006,0.13794052600860596,0.20956383645534515,0.1958407163619995,0.11301151663064957,0.11501308530569077,0.166465163230896,0.1453840732574463,0.14591814577579498,0.15741592645645142,0.1510559469461441,0.12827053666114807
18,0.15606610476970673,0.18240168690681458,0.15699762105941772,0.22442726790905,0.12835393846035004,0.14752407371997833,0.15990488231182098,0.2500067353248596,0.24345234036445618,0.16778399050235748,0.2939232289791107,0.18438585102558136,0.1529528945684433,0.22784247994422913,0.21564313769340515,0.17945212125778198,0.15984375774860382,0.2535279095172882,0.123385950922966,0.12687177956104279,0.13249324262142181,0.16837988793849945,0.1744263768196106,0.21238839626312256,0.2076697051525116,0.27619510889053345,0.20946849882602692,0.2592025697231293,0.1848369687795639,0.2339327335357666,0.12614035606384277,0.13959123194217682,0.14654697477817535,0.13816669583320618,0.13750888407230377,0.19541595876216888,0.17826727032661438,0.13367918133735657,0.14652833342552185,0.1899387389421463,0.18552350997924805,0.1732935607433319,0.19055478274822235,0.19144919514656067,0.1366768181324005
19,0.159443199634552,0.1627049595117569,0.19524012506008148,0.3203158378601074,0.1389932930469513,0.15132495760917664,0.16199567914009094,0.29772233963012695,0.3905251920223236,0.1911109983921051,0.39425063133239746,0.26186391711235046,0.20370663702487946,0.18661919236183167,0.1950695812702179,0.16688263416290283,0.16253899037837982,0.2625254988670349,0.11456044018268585,0.13144323229789734,0.13774380087852478,0.16153275966644287,0.1722918599843979,0.20024602115154266,0.20760074257850647,0.24841444194316864,0.16823194921016693,0.3073277175426483,0.1825973093509674,0.262108713388443,0.14686541259288788,0.16921603679656982,0.13048698008060455,0.17653706669807434,0.11967458575963974,0.20547722280025482,0.18321871757507324,0.0986066684126854,0.10351982712745667,0.1744288057088852,0.13529884815216064,0.12661319971084595,0.12600739300251007,0.12256433069705963,0.10055079311132431
20,0.1651821732521057,0.16777203977108002,0.18212005496025085,0.3149193823337555,0.1376483291387558,0.15330718457698822,0.16246281564235687,0.2984113395214081,0.3993285596370697,0.1805907040834427,0.38838788866996765,0.2623918652534485,0.20331421494483948,0.18199674785137177,0.1880427598953247,0.15441733598709106,0.15360474586486816,0.25820192694664,0.11148381233215332,0.12924864888191223,0.1333991289138794,0.1557961404323578,0.16610750555992126,0.19467206299304962,0.20115827023983002,0.23775631189346313,0.1700390726327896,0.30913710594177246,0.18901033699512482,0.27598387002944946,0.14778998494148254,0.18166139721870422,0.1385927051305771,0.18849943578243256,0.12894004583358765,0.2231781929731369,0.1947527825832367,0.10415765643119812,0.10722102969884872,0.178404301404953,0.1285059154033661,0.12293551862239838,0.12109070271253586,0.1191592738032341,0.10308907181024551
21,0.221624493598938,0.19397102296352386,0.12471675127744675,0.24216043949127197,0.10863099247217178,0.14160948991775513,0.1521398425102234,0.23681361973285675,0.2486456334590912,0.13376165926456451,0.3038175106048584,0.21188238263130188,0.14292840659618378,0.17541512846946716,0.2057316154241562,0.149133563041687,0.12248589098453522,0.2518342137336731,0.12277117371559143,0.09201865643262863,0.0906810387969017,0.13827739655971527,0.15227293968200684,0.1931251734495163,0.18738293647766113,0.22960060834884644,0.17796121537685394,0.31939297914505005,0.23591609299182892,0.31825461983680725,0.12721680104732513,0.19343359768390656,0.1555960476398468,0.18390028178691864,0.14403598010540009,0.30265021324157715,0.2641247808933258,0.12903311848640442,0.1337791383266449,0.18967045843601227,0.17284129559993744,0.15662965178489685,0.13357940316200256,0.13998451828956604,0.14488807320594788
22,0.24927599728107452,0.1925685852766037,0.12315678596496582,0.24109423160552979,0.10441678017377853,0.12501977384090424,0.13662779331207275,0.22692900896072388,0.22431910037994385,0.1312149465084076,0.2992527484893799,0.21176908910274506,0.14343957602977753,0.15684813261032104,0.1990596204996109,0.14788007736206055,0.12435810267925262,0.25080329179763794,0.1292460560798645,0.09433163702487946,0.09221287816762924,0.14294102787971497,0.15670228004455566,0.19100643694400787,0.1873546987771988,0.21202415227890015,0.16793744266033173,0.3263031542301178,0.24149203300476074,0.3186447322368622,0.12507057189941406,0.19118820130825043,0.1532108038663864,0.19041897356510162,0.14512135088443756,0.3127327561378479,0.27768898010253906,0.12821725010871887,0.13405285775661469,0.18645916879177094,0.1902446150779724,0.16654086112976074,0.14477680623531342,0.15194422006607056,0.1598331332206726
23,0.17055463790893555,0.13881619274616241,0.1541241556406021,0.23009969294071198,0.12734201550483704,0.10682447999715805,0.12051615118980408,0.24172383546829224,0.26629897952079773,0.16388039290905,0.31963691115379333,0.2350618541240692,0.19217458367347717,0.13023708760738373,0.18271246552467346,0.14104285836219788,0.13406902551651,0.2567532956600189,0.13363339006900787,0.1510046422481537,0.14687961339950562,0.15752066671848297,0.17750126123428345,0.1921364665031433,0.2567860186100006,0.23517882823944092,0.16677647829055786,0.34024330973625183,0.18749389052391052,0.26960161328315735,0.13432271778583527,0.1779734343290329,0.12088004499673843,0.18682120740413666,0.12213403731584549,0.2761363089084625,0.2630240321159363,0.110981784760952,0.11761798709630966,0.1725560575723648,0.21088770031929016,0.18561725318431854,0.1953689306974411,0.19490455090999603,0.1605692207813263
24,0.20424796640872955,0.1900322288274765,0.13516922295093536,0.237789124250412,0.12476654350757599,0.13185274600982666,0.15221378207206726,0.22291851043701172,0.2588989734649658,0.1377803385257721,0.22420674562454224,0.16586393117904663,0.1347854882478714,0.12287396937608719,0.15891528129577637,0.14991146326065063,0.1326424479484558,0.19226212799549103,0.15255698561668396,0.1361844688653946,0.1316966563463211,0.16733892261981964,0.17502020299434662,0.15967662632465363,0.18986129760742188,0.229460209608078,0.15784622728824615,0.318377286195755,0.19470170140266418,0.23512141406536102,0.1341744065284729,0.1967296004295349,0.15371164679527283,0.23893891274929047,0.1448253095149994,0.241033673286438,0.21410194039344788,0.12922121584415436,0.1440604329109192,0.28290191292762756,0.27373504638671875,0.20799720287322998,0.16119801998138428,0.155714213848114,0.1941293179988861
25,0.1484352946281433,0.1354156881570816,0.1276852786540985,0.24327611923217773,0.10109066218137741,0.10174679756164551,0.1235310509800911,0.18716898560523987,0.2949782907962799,0.14353010058403015,0.26844313740730286,0.2606280446052551,0.13935798406600952,0.14412271976470947,0.20763880014419556,0.1669718474149704,0.1706719547510147,0.2508828938007355,0.12483121454715729,0.12354627251625061,0.12829813361167908,0.16279999911785126,0.16175523400306702,0.17950958013534546,0.26467567682266235,0.24449129402637482,0.17946060001850128,0.3950251042842865,0.249989315867424,0.26180368661880493,0.13050095736980438,0.18542391061782837,0.14864549040794373,0.20900733768939972,0.13849762082099915,0.23101501166820526,0.2105250060558319,0.11793079227209091,0.13625244796276093,0.24240270256996155,0.1817205399274826,0.15948697924613953,0.15507125854492188,0.16577701270580292,0.15032576024532318
26,0.18727537989616394,0.15468193590641022,0.12445791810750961,0.2933226525783539,0.10523837059736252,0.10107049345970154,0.10932771116495132,0.22678780555725098,0.3321799337863922,0.13589651882648468,0.30251407623291016,0.257303923368454,0.1777561604976654,0.14308136701583862,0.21553927659988403,0.18382757902145386,0.16078805923461914,0.280437171459198,0.13012996315956116,0.13198456168174744,0.1336897909641266,0.17939744889736176,0.19163188338279724,0.22553180158138275,0.25421208143234253,0.270332932472229,0.14940090477466583,0.3559001088142395,0.2660331130027771,0.27996620535850525,0.10036369413137436,0.15530672669410706,0.11178214102983475,0.16709454357624054,0.11109775304794312,0.2342187464237213,0.21942447125911713,0.09559033811092377,0.10107101500034332,0.23564019799232483,0.17288009822368622,0.1467307060956955,0.1489502638578415,0.15533550083637238,0.12616105377674103
27,0.17144939303398132,0.16005218029022217,0.15156762301921844,0.2156999558210373,0.12012287974357605,0.13471105694770813,0.13899093866348267,0.15686967968940735,0.188617542386055,0.13933943212032318,0.21715091168880463,0.207346111536026,0.1570131480693817,0.1540820300579071,0.23477056622505188,0.15455110371112823,0.15687747299671173,0.21262064576148987,0.21763451397418976,0.14920654892921448,0.14289681613445282,0.1388886421918869,0.12882304191589355,0.16010066866874695,0.15374764800071716,0.18932990729808807,0.18296431005001068,0.22290447354316711,0.24290737509727478,0.23157653212547302,0.17143207788467407,0.21471571922302246,0.15267637372016907,0.21648256480693817,0.1624813824892044,0.25148242712020874,0.23530223965644836,0.15195629000663757,0.15159842371940613,0.194303959608078,0.16139373183250427,0.16473683714866638,0.1736123263835907,0.19395269453525543,0.1901986002922058
28,0.14310450851917267,0.11287762224674225,0.12316633760929108,0.2671809196472168,0.11281972378492355,0.09606964141130447,0.10271979123353958,0.23446527123451233,0.2833894193172455,0.14133737981319427,0.3711470663547516,0.27064403891563416,0.1890694946050644,0.13907113671302795,0.23343531787395477,0.1505630612373352,0.14089006185531616,0.2956121861934662,0.14295394718647003,0.14008182287216187,0.13827674090862274,0.15861201286315918,0.17625942826271057,0.22914159297943115,0.27045300602912903,0.2554011344909668,0.16070008277893066,0.40339139103889465,0.2443513423204422,0.2832730710506439,0.112845778465271,0.14860855042934418,0.09888410568237305,0.14877428114414215,0.1057366132736206,0.31130701303482056,0.28112727403640747,0.10118801146745682,0.10566680878400803,0.16150683164596558,0.1819647252559662,0.15524938702583313,0.1901412308216095,0.18952766060829163,0.12596218287944794
29,0.17406517267227173,0.13398434221744537,0.13691642880439758,0.2542716860771179,0.10705313086509705,0.11226575076580048,0.11226589977741241,0.176468625664711,0.24446254968643188,0.13214218616485596,0.3028114438056946,0.2455274909734726,0.18408775329589844,0.15205088257789612,0.2553611993789673,0.16672499477863312,0.14458905160427094,0.2746339738368988,0.17526163160800934,0.15325215458869934,0.1501852422952652,0.15343162417411804,0.15674042701721191,0.22798696160316467,0.2093641459941864,0.24079816043376923,0.16558723151683807,0.3965454399585724,0.3144509792327881,0.3003060519695282,0.12988166511058807,0.15734855830669403,0.11232563853263855,0.1668160855770111,0.11883243173360825,0.2700648605823517,0.24414022266864777,0.11083410680294037,0.11205513030290604,0.16640903055667877,0.16069583594799042,0.14834260940551758,0.1674535572528839,0.165349543094635,0.13463523983955383
30,0.1991114318370819,0.1431446373462677,0.10324329137802124,0.2570716142654419,0.08618362247943878,0.10195869207382202,0.11260363459587097,0.2231428027153015,0.35392051935195923,0.10635173320770264,0.3197104334831238,0.17932017147541046,0.16125088930130005,0.16755150258541107,0.26080769300460815,0.16317659616470337,0.16592463850975037,0.2705627977848053,0.1204775720834732,0.11864428222179413,0.11234808713197708,0.17281222343444824,0.18296164274215698,0.21632970869541168,0.204238161444664,0.2669755220413208,0.12330536544322968,0.3402390480041504,0.2202756255865097,0.30421382188796997,0.10713141411542892,0.13999885320663452,0.11243386566638947,0.14789143204689026,0.11025264859199524,0.27845606207847595,0.2464086413383484,0.10819606482982635,0.11374950408935547,0.23827505111694336,0.2173261046409607,0.1773366779088974,0.18552780151367188,0.17789746820926666,0.1491287499666214
31,0.1903732270002365,0.15697665512561798,0.13279841840267181,0.22439372539520264,0.11645307391881943,0.1263418197631836,0.13587221503257751,0.2571328282356262,0.2692432403564453,0.14169587194919586,0.2904314696788788,0.23474988341331482,0.23278746008872986,0.18468348681926727,0.26903560757637024,0.17254319787025452,0.18879249691963196,0.27621936798095703,0.16158527135849,0.16682283580303192,0.1571681797504425,0.15611153841018677,0.1625470370054245,0.27218639850616455,0.19063366949558258,0.22763244807720184,0.13527068495750427,0.234120175242424,0.2530251145362854,0.24470074474811554,0.10137612372636795,0.1703341156244278,0.1167205274105072,0.18103931844234467,0.11362674087285995,0.24826495349407196,0.2277851551771164,0.11016973853111267,0.11147341132164001,0.16154851019382477,0.15324829518795013,0.1391809582710266,0.1574120670557022,0.15942813456058502,0.13820433616638184
32,0.15948486328125,0.12879320979118347,0.09964531660079956,0.2837827205657959,0.10186406970024109,0.10033325850963593,0.11236391216516495,0.2773354947566986,0.32839876413345337,0.13703544437885284,0.3547757565975189,0.2991279065608978,0.20362508296966553,0.147409126162529,0.2439422309398651,0.1696809083223343,0.16195639967918396,0.31349050998687744,0.1239297091960907,0.12513750791549683,0.1222568154335022,0.1712605059146881,0.18876473605632782,0.2893185317516327,0.2579135000705719,0.2582973539829254,0.12848331034183502,0.3262392282485962,0.2716056704521179,0.2833804190158844,0.09189360588788986,0.16837207973003387,0.09613923728466034,0.16302737593650818,0.09446386992931366,0.23535782098770142,0.23147012293338776,0.09092952311038971,0.09137728065252304,0.16073571145534515,0.15700247883796692,0.13743582367897034,0.15955331921577454,0.16817648708820343,0.11992543935775757
33,0.19302640855312347,0.15391777455806732,0.134865865111351,0.2331382781267166,0.120733842253685,0.12538082897663116,0.13456308841705322,0.2940228283405304,0.28536558151245117,0.15221448242664337,0.31218087673187256,0.2753715515136719,0.239044189453125,0.17838869988918304,0.2289014607667923,0.1710880845785141,0.17776310443878174,0.2696962356567383,0.1739238202571869,0.17136436700820923,0.16609983146190643,0.15861833095550537,0.16156020760536194,0.25310519337654114,0.20366376638412476,0.22245322167873383,0.13608641922473907,0.24670568108558655,0.23443390429019928,0.23812595009803772,0.10761605203151703,0.18093757331371307,0.11697743088006973,0.19057834148406982,0.11612896621227264,0.2446131408214569,0.22051972150802612,0.1080503761768341,0.1066390872001648,0.1410735696554184,0.13170242309570312,0.1332801729440689,0.14280778169631958,0.15034201741218567,0.13803526759147644
34,0.1653662621974945,0.13464540243148804,0.11263886839151382,0.2943870723247528,0.10917118936777115,0.10639216750860214,0.11869660764932632,0.2705336809158325,0.3083869516849518,0.14507189393043518,0.3368406593799591,0.2989042401313782,0.19608363509178162,0.14881932735443115,0.22740694880485535,0.1720661222934723,0.16190789639949799,0.2947421371936798,0.13150978088378906,0.11837071925401688,0.11834318935871124,0.16425734758377075,0.17829294502735138,0.2557767331600189,0.255250483751297,0.234244704246521,0.13941654562950134,0.3631747364997864,0.26790159940719604,0.28644534945487976,0.0973329246044159,0.18201343715190887,0.1028648167848587,0.17958617210388184,0.10324908792972565,0.24103476107120514,0.23478098213672638,0.09853219240903854,0.09769421815872192,0.15122106671333313,0.14760881662368774,0.1377713829278946,0.15367043018341064,0.16538359224796295,0.12414384633302689
35,0.15943516790866852,0.1394965946674347,0.1578894406557083,0.24504391849040985,0.12111812829971313,0.12536580860614777,0.12915945053100586,0.20524360239505768,0.24920335412025452,0.15792804956436157,0.3036709427833557,0.2598601281642914,0.19252601265907288,0.1626371294260025,0.22557860612869263,0.1776406466960907,0.15277276933193207,0.2575336992740631,0.19611401855945587,0.14576493203639984,0.1461140364408493,0.15657542645931244,0.15850377082824707,0.20228613913059235,0.2242049276828766,0.21394413709640503,0.15935005247592926,0.40175387263298035,0.2688143253326416,0.27037179470062256,0.14798201620578766,0.17961068451404572,0.11900994181632996,0.17208656668663025,0.12611497938632965,0.23012736439704895,0.2149946391582489,0.11358717083930969,0.11155053973197937,0.14021113514900208,0.14693039655685425,0.1482095569372177,0.15748727321624756,0.1592692881822586,0.1420632153749466
36,0.1491343379020691,0.13845035433769226,0.15384605526924133,0.24289841949939728,0.12489763647317886,0.1247636079788208,0.12893731892108917,0.1829034686088562,0.25385645031929016,0.1578647941350937,0.2768383324146271,0.2384166568517685,0.17432360351085663,0.15512074530124664,0.23717553913593292,0.18080934882164001,0.16062232851982117,0.2496909499168396,0.1848243772983551,0.1356559693813324,0.13631342351436615,0.15399369597434998,0.15868186950683594,0.20528797805309296,0.22573214769363403,0.22147352993488312,0.1623592972755432,0.41203105449676514,0.2714706361293793,0.27253755927085876,0.14262354373931885,0.1773277223110199,0.11530686914920807,0.17247623205184937,0.1237773671746254,0.2262866497039795,0.21268194913864136,0.11563481390476227,0.11717372387647629,0.1665346920490265,0.16568078100681305,0.15768404304981232,0.16719098389148712,0.16518361866474152,0.14559438824653625
37,0.14205016195774078,0.1446666121482849,0.10841511934995651,0.29033714532852173,0.11619073897600174,0.10830149799585342,0.12015199661254883,0.20370256900787354,0.30641230940818787,0.14409694075584412,0.2900952696800232,0.24245774745941162,0.1469350904226303,0.14191603660583496,0.2540404796600342,0.18692675232887268,0.1715168058872223,0.27617496252059937,0.11396890133619308,0.09572667628526688,0.09572573751211166,0.16197745501995087,0.18442007899284363,0.24512532353401184,0.25715309381484985,0.26089587807655334,0.1535850465297699,0.36651962995529175,0.2657020092010498,0.2870956063270569,0.09049961715936661,0.19601702690124512,0.10225995630025864,0.19874046742916107,0.10253114998340607,0.24184362590312958,0.24074892699718475,0.10203535854816437,0.10704527050256729,0.22502781450748444,0.1904962658882141,0.1500675231218338,0.16457998752593994,0.1682029366493225,0.11695123463869095
38,0.13806943595409393,0.13433139026165009,0.09803064167499542,0.30484437942504883,0.11408724635839462,0.10223148763179779,0.11256391555070877,0.2040466070175171,0.3141011595726013,0.13928839564323425,0.3120075464248657,0.24556635320186615,0.14042595028877258,0.1346573382616043,0.24251142144203186,0.1774560809135437,0.16267837584018707,0.2860140800476074,0.1064763069152832,0.09181858599185944,0.09170958399772644,0.15578390657901764,0.18019677698612213,0.24616020917892456,0.2636704742908478,0.28290578722953796,0.14734017848968506,0.37161681056022644,0.2713906466960907,0.305425763130188,0.08876444399356842,0.19735200703144073,0.09952887892723083,0.1959569901227951,0.09937693923711777,0.26950603723526,0.26738637685775757,0.10016874969005585,0.10356279462575912,0.24617959558963776,0.1808438003063202,0.14502541720867157,0.16133491694927216,0.16511642932891846,0.11027269065380096
39,0.11158852279186249,0.10537316650152206,0.08859655261039734,0.2765820026397705,0.10243771970272064,0.09562326967716217,0.10999105870723724,0.17322008311748505,0.2787001132965088,0.1273740530014038,0.32157841324806213,0.2599768340587616,0.11481364816427231,0.14043240249156952,0.22084710001945496,0.1486015021800995,0.1511424481868744,0.2634487450122833,0.10034647583961487,0.08449655026197433,0.08543835580348969,0.12480482459068298,0.13736110925674438,0.1973751336336136,0.2846740782260895,0.27908486127853394,0.1649620234966278,0.5135844349861145,0.2592621147632599,0.31876739859580994,0.112993985414505,0.24615809321403503,0.1224886029958725,0.22774912416934967,0.11097066104412079,0.3266162872314453,0.30400145053863525,0.11342056095600128,0.12595589458942413,0.23388265073299408,0.1533268243074417,0.13324129581451416,0.1569751650094986,0.17159102857112885,0.1179928332567215
40,0.18243464827537537,0.13510838150978088,0.08482401818037033,0.285864919424057,0.0947604700922966,0.09658679366111755,0.10716535151004791,0.19802477955818176,0.23482051491737366,0.12574689090251923,0.4003232419490814,0.23198822140693665,0.12758812308311462,0.13502636551856995,0.22979021072387695,0.15569855272769928,0.13076801598072052,0.27797186374664307,0.11970675736665726,0.07768939435482025,0.07579924166202545,0.12649814784526825,0.14227376878261566,0.19663356244564056,0.21353307366371155,0.24654348194599152,0.14557607471942902,0.48347270488739014,0.2623412013053894,0.3564535975456238,0.10119551420211792,0.18117929995059967,0.11434048414230347,0.17552787065505981,0.1055065169930458,0.37650424242019653,0.3485183119773865,0.1124960258603096,0.11686738580465317,0.19424572587013245,0.17390835285186768,0.15329928696155548,0.1596718281507492,0.1622716337442398,0.12408288568258286
41,0.24109165370464325,0.13839280605316162,0.10010980069637299,0.26475217938423157,0.09351377189159393,0.0905868336558342,0.1003304123878479,0.159415140748024,0.2595687508583069,0.11778055876493454,0.3250719904899597,0.210160031914711,0.14292824268341064,0.11339207738637924,0.21136681735515594,0.1540917307138443,0.1476176530122757,0.24570561945438385,0.1296996921300888,0.10710236430168152,0.10351580381393433,0.13492165505886078,0.14419607818126678,0.19216378033161163,0.24253150820732117,0.25878462195396423,0.14246438443660736,0.47511935234069824,0.24016915261745453,0.25803306698799133,0.11644870787858963,0.20349948108196259,0.10704630613327026,0.22982214391231537,0.10621541738510132,0.27628010511398315,0.25593554973602295,0.10889293998479843,0.1190318614244461,0.21744868159294128,0.20079919695854187,0.1762688010931015,0.18020778894424438,0.18721449375152588,0.1667598932981491
42,0.23788674175739288,0.16857483983039856,0.1410166323184967,0.2409168928861618,0.11344488710165024,0.11026163399219513,0.12346197664737701,0.17416740953922272,0.2567557096481323,0.1341298371553421,0.2571842074394226,0.17464669048786163,0.14945527911186218,0.12332892417907715,0.22979393601417542,0.1694154292345047,0.13259373605251312,0.22469764947891235,0.13097812235355377,0.11692322790622711,0.11714799702167511,0.1364975869655609,0.15153361856937408,0.17901140451431274,0.22356818616390228,0.25374382734298706,0.15305444598197937,0.3696259558200836,0.254192590713501,0.2912154495716095,0.13327310979366302,0.17198516428470612,0.10958744585514069,0.1821058988571167,0.10768502950668335,0.26024511456489563,0.24700504541397095,0.11067720502614975,0.12343890964984894,0.2172214388847351,0.2165498286485672,0.20211024582386017,0.19791772961616516,0.18800562620162964,0.16738349199295044
43,0.2355894297361374,0.17821931838989258,0.15899597108364105,0.23177126049995422,0.11768493801355362,0.12292661517858505,0.13949592411518097,0.17192283272743225,0.2975946366786957,0.137839674949646,0.23781222105026245,0.1837272047996521,0.15623918175697327,0.12706346809864044,0.22620201110839844,0.17608550190925598,0.14131033420562744,0.22595879435539246,0.13204129040241241,0.1268170326948166,0.1273854672908783,0.14323440194129944,0.15666280686855316,0.18427756428718567,0.22444741427898407,0.2617063820362091,0.15612712502479553,0.330557644367218,0.24582764506340027,0.25947946310043335,0.13834230601787567,0.17501291632652283,0.10999708622694016,0.1801367700099945,0.10667242854833603,0.2165473848581314,0.20422565937042236,0.10830183327198029,0.123654805123806,0.22492296993732452,0.21292008459568024,0.19760701060295105,0.1927301287651062,0.18331843614578247,0.16738498210906982
44,0.14497452974319458,0.1405343860387802,0.11950632929801941,0.27380117774009705,0.11064502596855164,0.12297627329826355,0.14165928959846497,0.19779354333877563,0.37217938899993896,0.12804140150547028,0.38703057169914246,0.25683847069740295,0.14135800302028656,0.15097615122795105,0.22332510352134705,0.15402622520923615,0.15748290717601776,0.3373263478279114,0.1159406378865242,0.0992293581366539,0.09740767627954483,0.12998420000076294,0.13708055019378662,0.17307449877262115,0.22773748636245728,0.29045647382736206,0.15327075123786926,0.3711005449295044,0.19595548510551453,0.2814538776874542,0.10486029088497162,0.17330430448055267,0.11311917006969452,0.17036721110343933,0.10502471774816513,0.2691347599029541,0.24725836515426636,0.1100272387266159,0.11908657103776932,0.22842654585838318,0.14751936495304108,0.14649353921413422,0.174055278301239,0.188747376203537,0.12457580864429474
sum,7.663476467132568,6.573251247406006,6.396369457244873,12.464275360107422,5.4450178146362305,5.415004730224609,5.8219404220581055,10.340583801269531,13.678642272949219,6.948846340179443,14.612736701965332,11.2150239944458,7.94047737121582,6.840438365936279,9.556975364685059,7.302369117736816,7.230944633483887,12.422801971435547,6.26701021194458,6.147934436798096,6.162710189819336,7.28397274017334,7.818922519683838,9.667795181274414,10.550320625305176,11.389965057373047,6.9814019203186035,15.431687355041504,10.278133392333984,11.978388786315918,5.648308753967285,7.862184047698975,5.509269714355469,8.06186580657959,5.501780033111572,11.006505966186523,10.161186218261719,4.9535675048828125,5.128911018371582,8.914582252502441,7.446512222290039,6.540603160858154,7.035038471221924,7.101986885070801,5.889070987701416
posi,1.0,2.0,3.0,4.0,5.0,6.0,7.0,8.0,9.0,10.0,11.0,12.0,13.0,14.0,15.0,16.0,17.0,18.0,19.0,20.0,21.0,22.0,23.0,24.0,25.0,26.0,27.0,28.0,29.0,30.0,31.0,32.0,33.0,34.0,35.0,36.0,37.0,38.0,39.0,40.0,41.0,42.0,43.0,44.0,45.0
contrib,0.02045837102827315,0.017547912289969988,0.017075709718880783,0.03327455509379976,0.014535987053022946,0.01445586430204573,0.015542217395694847,0.027605160786052383,0.03651642175495908,0.018550598707461237,0.03901007466643008,0.02993956110564111,0.021197850988211316,0.01826119342658093,0.025513244381625996,0.019494361004016,0.01930368662723459,0.033163837982983536,0.016730373049858423,0.016412489071369805,0.01645193433342902,0.019445250144292745,0.020873348882203227,0.025809088302435806,0.02816507295943945,0.03040658272289222,0.018637508889854847,0.04119634044102153,0.027438443547166038,0.03197743519698582,0.015078691331082411,0.020988839599135625,0.014707513540951135,0.021521908830610195,0.014687519132613314,0.02938290262218283,0.02712624206939812,0.013224014239898723,0.013692110236766383,0.023798315564214682,0.0198791645754453,0.01746075515301997,0.01878069670595413,0.01895942179190552,0.01572142875298927
